
[2026-09-25 21:21:52] local.ERROR: SQLSTATE[HY000] [2006] MySQL server has gone away (Connection: mysql, SQL: insert into `telescope_entries` (`batch_id`, `content`, `created_at`, `family_hash`, `type`, `uuid`) values (a2d4de92-4429-4f5c-ae18-7690dddfb7ad, {"command":"about","exit_code":0,"arguments":{"command":"about"},"options":{"only":"environment","json":false,"help":false,"silent":false,"quiet":false,"verbose":false,"version":false,"ansi":null,"no-interaction":false,"env":null},"hostname":"LAPTOP-RR8E4AHP"}, 2026-09-25 21:21:48, ?, command, a2d4de90-a2fa-44cd-8c24-4bed793f2112)) {"exception":"[object] (Illuminate\\Database\\QueryException(code: 2006): SQLSTATE[HY000] [2006] MySQL server has gone away (Connection: mysql, SQL: insert into `telescope_entries` (`batch_id`, `content`, `created_at`, `family_hash`, `type`, `uuid`) values (a2d4de92-4429-4f5c-ae18-7690dddfb7ad, {\"command\":\"about\",\"exit_code\":0,\"arguments\":{\"command\":\"about\"},\"options\":{\"only\":\"environment\",\"json\":false,\"help\":false,\"silent\":false,\"quiet\":false,\"verbose\":false,\"version\":false,\"ansi\":null,\"no-interaction\":false,\"env\":null},\"hostname\":\"LAPTOP-RR8E4AHP\"}, 2026-09-25 21:21:48, ?, command, a2d4de90-a2fa-44cd-8c24-4bed793f2112)) at C:/Users/91812/Herd/MishoraCRM/vendor/laravel/framework/src/Illuminate/Database/Connection.php:825)
[stacktrace]
#0 C:/Users/91812/Herd/MishoraCRM/vendor/laravel/framework/src/Illuminate/Database/Connection.php(979): Illuminate/Database/Connection->runQueryCallback('insert into `te...', Array, Object(Closure))
#1 C:/Users/91812/Herd/MishoraCRM/vendor/laravel/framework/src/Illuminate/Database/Connection.php(958): Illuminate/Database/Connection->tryAgainIfCausedByLostConnection(Object(Illuminate/Database/QueryException), 'insert into `te...', Array, Object(Closure))
#2 C:/Users/91812/Herd/MishoraCRM/vendor/laravel/framework/src/Illuminate/Database/Connection.php(781): Illuminate/Database/Connection->handleQueryException(Object(Illuminate/Database/QueryException), 'insert into `te...', Array, Object(Closure))
#3 C:/Users/91812/Herd/MishoraCRM/vendor/laravel/framework/src/Illuminate/Database/MySqlConnection.php(42): Illuminate/Database/Connection->run('insert into `te...', Array, Object(Closure))
#4 C:/Users/91812/Herd/MishoraCRM/vendor/laravel/framework/src/Illuminate/Database/Query/Builder.php(3717): Illuminate/Database/MySqlConnection->insert('insert into `te...', Array)
#5 C:/Users/91812/Herd/MishoraCRM/vendor/laravel/telescope/src/Storage/DatabaseEntriesRepository.php(145): Illuminate/Database/Query/Builder->insert(Array)
#6 C:/Users/91812/Herd/MishoraCRM/vendor/laravel/framework/src/Illuminate/Collections/Traits/EnumeratesValues.php(261): Laravel/Telescope/Storage/DatabaseEntriesRepository->Laravel/Telescope/Storage/{closure}(Object(Illuminate/Support/Collection), 0)
#7 C:/Users/91812/Herd/MishoraCRM/vendor/laravel/telescope/src/Storage/DatabaseEntriesRepository.php(144): Illuminate/Support/Collection->each(Object(Closure))
#8 C:/Users/91812/Herd/MishoraCRM/vendor/laravel/telescope/src/Telescope.php(664): Laravel/Telescope/Storage/DatabaseEntriesRepository->store(Object(Illuminate/Support/Collection))
#9 [internal function]: Laravel/Telescope/Telescope::Laravel/Telescope/{closure}()
#10 C:/Users/91812/Herd/MishoraCRM/vendor/laravel/telescope/src/Telescope.php(289): call_user_func(Object(Closure))
#11 C:/Users/91812/Herd/MishoraCRM/vendor/laravel/telescope/src/Telescope.php(656): Laravel/Telescope/Telescope::withoutRecording(Object(Closure))
#12 C:/Users/91812/Herd/MishoraCRM/vendor/laravel/telescope/src/ListensForStorageOpportunities.php(65): Laravel/Telescope/Telescope::store(Object(Laravel/Telescope/Storage/DatabaseEntriesRepository))
#13 C:/Users/91812/Herd/MishoraCRM/vendor/laravel/framework/src/Illuminate/Container/BoundMethod.php(36): Laravel/Telescope/Telescope::Laravel/Telescope/{closure}()
#14 C:/Users/91812/Herd/MishoraCRM/vendor/laravel/framework/src/Illuminate/Container/Util.php(43): Illuminate/Container/BoundMethod::Illuminate/Container/{closure}()
#15 C:/Users/91812/Herd/MishoraCRM/vendor/laravel/framework/src/Illuminate/Container/BoundMethod.php(83): Illuminate/Container/Util::unwrapIfClosure(Object(Closure))
#16 C:/Users/91812/Herd/MishoraCRM/vendor/laravel/framework/src/Illuminate/Container/BoundMethod.php(35): Illuminate/Container/BoundMethod::callBoundMethod(Object(Illuminate/Foundation/Application), Object(Closure), Object(Closure))
#17 C:/Users/91812/Herd/MishoraCRM/vendor/laravel/framework/src/Illuminate/Container/Container.php(696): Illuminate/Container/BoundMethod::call(Object(Illuminate/Foundation/Application), Object(Closure), Array, NULL)
#18 C:/Users/91812/Herd/MishoraCRM/vendor/laravel/framework/src/Illuminate/Foundation/Application.php(1452): Illuminate/Container/Container->call(Object(Closure))
#19 C:/Users/91812/Herd/MishoraCRM/vendor/laravel/framework/src/Illuminate/Foundation/Console/Kernel.php(219): Illuminate/Foundation/Application->terminate()
#20 C:/Users/91812/Herd/MishoraCRM/vendor/laravel/framework/src/Illuminate/Foundation/Application.php(1240): Illuminate/Foundation/Console/Kernel->terminate(Object(Symfony/Component/Console/Input/ArgvInput), 0)
#21 C:/Users/91812/Herd/MishoraCRM/artisan(13): Illuminate/Foundation/Application->handleCommand(Object(Symfony/Component/Console/Input/ArgvInput))
#22 {main}

[previous exception] [object] (PDOException(code: 2006): SQLSTATE[HY000] [2006] MySQL server has gone away at C:/Users/91812/Herd/MishoraCRM/vendor/laravel/framework/src/Illuminate/Database/Connectors/Connector.php:66)
[stacktrace]
#0 C:/Users/91812/Herd/MishoraCRM/vendor/laravel/framework/src/Illuminate/Database/Connectors/Connector.php(66): PDO->__construct('mysql:host=127....', 'root', Object(SensitiveParameterValue), Array)
#1 C:/Users/91812/Herd/MishoraCRM/vendor/laravel/framework/src/Illuminate/Database/Connectors/Connector.php(85): Illuminate/Database/Connectors/Connector->createPdoConnection('mysql:host=127....', 'root', Object(SensitiveParameterValue), Array)
#2 C:/Users/91812/Herd/MishoraCRM/vendor/laravel/framework/src/Illuminate/Database/Connectors/Connector.php(48): Illuminate/Database/Connectors/Connector->tryAgainIfCausedByLostConnection(Object(PDOException), 'mysql:host=127....', 'root', Object(SensitiveParameterValue), Array)
#3 C:/Users/91812/Herd/MishoraCRM/vendor/laravel/framework/src/Illuminate/Database/Connectors/MySqlConnector.php(24): Illuminate/Database/Connectors/Connector->createConnection('mysql:host=127....', Array, Array)
#4 C:/Users/91812/Herd/MishoraCRM/vendor/laravel/framework/src/Illuminate/Database/Connectors/ConnectionFactory.php(185): Illuminate/Database/Connectors/MySqlConnector->connect(Array)
#5 [internal function]: Illuminate/Database/Connectors/ConnectionFactory->Illuminate/Database/Connectors/{closure}()
#6 C:/Users/91812/Herd/MishoraCRM/vendor/laravel/framework/src/Illuminate/Database/Connection.php(1231): call_user_func(Object(Closure))
#7 C:/Users/91812/Herd/MishoraCRM/vendor/laravel/framework/src/Illuminate/Database/MySqlConnection.php(47): Illuminate/Database/Connection->getPdo()
#8 C:/Users/91812/Herd/MishoraCRM/vendor/laravel/framework/src/Illuminate/Database/Connection.php(812): Illuminate/Database/MySqlConnection->Illuminate/Database/{closure}('insert into `te...', Array)
#9 C:/Users/91812/Herd/MishoraCRM/vendor/laravel/framework/src/Illuminate/Database/Connection.php(979): Illuminate/Database/Connection->runQueryCallback('insert into `te...', Array, Object(Closure))
#10 C:/Users/91812/Herd/MishoraCRM/vendor/laravel/framework/src/Illuminate/Database/Connection.php(958): Illuminate/Database/Connection->tryAgainIfCausedByLostConnection(Object(Illuminate/Database/QueryException), 'insert into `te...', Array, Object(Closure))
#11 C:/Users/91812/Herd/MishoraCRM/vendor/laravel/framework/src/Illuminate/Database/Connection.php(781): Illuminate/Database/Connection->handleQueryException(Object(Illuminate/Database/QueryException), 'insert into `te...', Array, Object(Closure))
#12 C:/Users/91812/Herd/MishoraCRM/vendor/laravel/framework/src/Illuminate/Database/MySqlConnection.php(42): Illuminate/Database/Connection->run('insert into `te...', Array, Object(Closure))
#13 C:/Users/91812/Herd/MishoraCRM/vendor/laravel/framework/src/Illuminate/Database/Query/Builder.php(3717): Illuminate/Database/MySqlConnection->insert('insert into `te...', Array)
#14 C:/Users/91812/Herd/MishoraCRM/vendor/laravel/telescope/src/Storage/DatabaseEntriesRepository.php(145): Illuminate/Database/Query/Builder->insert(Array)
#15 C:/Users/91812/Herd/MishoraCRM/vendor/laravel/framework/src/Illuminate/Collections/Traits/EnumeratesValues.php(261): Laravel/Telescope/Storage/DatabaseEntriesRepository->Laravel/Telescope/Storage/{closure}(Object(Illuminate/Support/Collection), 0)
#16 C:/Users/91812/Herd/MishoraCRM/vendor/laravel/telescope/src/Storage/DatabaseEntriesRepository.php(144): Illuminate/Support/Collection->each(Object(Closure))
#17 C:/Users/91812/Herd/MishoraCRM/vendor/laravel/telescope/src/Telescope.php(664): Laravel/Telescope/Storage/DatabaseEntriesRepository->store(Object(Illuminate/Support/Collection))
#18 [internal function]: Laravel/Telescope/Telescope::Laravel/Telescope/{closure}()
#19 C:/Users/91812/Herd/MishoraCRM/vendor/laravel/telescope/src/Telescope.php(289): call_user_func(Object(Closure))
#20 C:/Users/91812/Herd/MishoraCRM/vendor/laravel/telescope/src/Telescope.php(656): Laravel/Telescope/Telescope::withoutRecording(Object(Closure))
#21 C:/Users/91812/Herd/MishoraCRM/vendor/laravel/telescope/src/ListensForStorageOpportunities.php(65): Laravel/Telescope/Telescope::store(Object(Laravel/Telescope/Storage/DatabaseEntriesRepository))
#22 C:/Users/91812/Herd/MishoraCRM/vendor/laravel/framework/src/Illuminate/Container/BoundMethod.php(36): Laravel/Telescope/Telescope::Laravel/Telescope/{closure}()
#23 C:/Users/91812/Herd/MishoraCRM/vendor/laravel/framework/src/Illuminate/Container/Util.php(43): Illuminate/Container/BoundMethod::Illuminate/Container/{closure}()
#24 C:/Users/91812/Herd/MishoraCRM/vendor/laravel/framework/src/Illuminate/Container/BoundMethod.php(83): Illuminate/Container/Util::unwrapIfClosure(Object(Closure))
#25 C:/Users/91812/Herd/MishoraCRM/vendor/laravel/framework/src/Illuminate/Container/BoundMethod.php(35): Illuminate/Container/BoundMethod::callBoundMethod(Object(Illuminate/Foundation/Application), Object(Closure), Object(Closure))
#26 C:/Users/91812/Herd/MishoraCRM/vendor/laravel/framework/src/Illuminate/Container/Container.php(696): Illuminate/Container/BoundMethod::call(Object(Illuminate/Foundation/Application), Object(Closure), Array, NULL)
#27 C:/Users/91812/Herd/MishoraCRM/vendor/laravel/framework/src/Illuminate/Foundation/Application.php(1452): Illuminate/Container/Container->call(Object(Closure))
#28 C:/Users/91812/Herd/MishoraCRM/vendor/laravel/framework/src/Illuminate/Foundation/Console/Kernel.php(219): Illuminate/Foundation/Application->terminate()
#29 C:/Users/91812/Herd/MishoraCRM/vendor/laravel/framework/src/Illuminate/Foundation/Application.php(1240): Illuminate/Foundation/Console/Kernel->terminate(Object(Symfony/Component/Console/Input/ArgvInput), 0)
#30 C:/Users/91812/Herd/MishoraCRM/artisan(13): Illuminate/Foundation/Application->handleCommand(Object(Symfony/Component/Console/Input/ArgvInput))
#31 {main}
"} 
[2026-09-25 21:26:00] local.ERROR: SQLSTATE[HY000] [2006] MySQL server has gone away (Connection: mysql, SQL: insert into `telescope_entries` (`batch_id`, `content`, `created_at`, `family_hash`, `type`, `uuid`) values (a2d4e011-e98d-4f3f-b0be-9c6b8f75e352, {"command":"test","exit_code":2,"arguments":{"command":"test"},"options":{"without-tty":false,"compact":false,"coverage":false,"min":null,"parallel":false,"profile":false,"recreate-databases":false,"drop-databases":false,"without-databases":false,"help":false,"silent":false,"quiet":false,"verbose":false,"version":false,"ansi":null,"no-interaction":false,"env":null},"hostname":"LAPTOP-RR8E4AHP"}, 2026-09-25 21:26:00, ?, command, a2d4e011-db2a-4700-91c2-e3275baea8bb)) {"exception":"[object] (Illuminate\\Database\\QueryException(code: 2006): SQLSTATE[HY000] [2006] MySQL server has gone away (Connection: mysql, SQL: insert into `telescope_entries` (`batch_id`, `content`, `created_at`, `family_hash`, `type`, `uuid`) values (a2d4e011-e98d-4f3f-b0be-9c6b8f75e352, {\"command\":\"test\",\"exit_code\":2,\"arguments\":{\"command\":\"test\"},\"options\":{\"without-tty\":false,\"compact\":false,\"coverage\":false,\"min\":null,\"parallel\":false,\"profile\":false,\"recreate-databases\":false,\"drop-databases\":false,\"without-databases\":false,\"help\":false,\"silent\":false,\"quiet\":false,\"verbose\":false,\"version\":false,\"ansi\":null,\"no-interaction\":false,\"env\":null},\"hostname\":\"LAPTOP-RR8E4AHP\"}, 2026-09-25 21:26:00, ?, command, a2d4e011-db2a-4700-91c2-e3275baea8bb)) at C:/Users/91812/Herd/MishoraCRM/vendor/laravel/framework/src/Illuminate/Database/Connection.php:825)
[stacktrace]
#0 C:/Users/91812/Herd/MishoraCRM/vendor/laravel/framework/src/Illuminate/Database/Connection.php(979): Illuminate/Database/Connection->runQueryCallback('insert into `te...', Array, Object(Closure))
#1 C:/Users/91812/Herd/MishoraCRM/vendor/laravel/framework/src/Illuminate/Database/Connection.php(958): Illuminate/Database/Connection->tryAgainIfCausedByLostConnection(Object(Illuminate/Database/QueryException), 'insert into `te...', Array, Object(Closure))
#2 C:/Users/91812/Herd/MishoraCRM/vendor/laravel/framework/src/Illuminate/Database/Connection.php(781): Illuminate/Database/Connection->handleQueryException(Object(Illuminate/Database/QueryException), 'insert into `te...', Array, Object(Closure))
#3 C:/Users/91812/Herd/MishoraCRM/vendor/laravel/framework/src/Illuminate/Database/MySqlConnection.php(42): Illuminate/Database/Connection->run('insert into `te...', Array, Object(Closure))
#4 C:/Users/91812/Herd/MishoraCRM/vendor/laravel/framework/src/Illuminate/Database/Query/Builder.php(3717): Illuminate/Database/MySqlConnection->insert('insert into `te...', Array)
#5 C:/Users/91812/Herd/MishoraCRM/vendor/laravel/telescope/src/Storage/DatabaseEntriesRepository.php(145): Illuminate/Database/Query/Builder->insert(Array)
#6 C:/Users/91812/Herd/MishoraCRM/vendor/laravel/framework/src/Illuminate/Collections/Traits/EnumeratesValues.php(261): Laravel/Telescope/Storage/DatabaseEntriesRepository->Laravel/Telescope/Storage/{closure}(Object(Illuminate/Support/Collection), 0)
#7 C:/Users/91812/Herd/MishoraCRM/vendor/laravel/telescope/src/Storage/DatabaseEntriesRepository.php(144): Illuminate/Support/Collection->each(Object(Closure))
#8 C:/Users/91812/Herd/MishoraCRM/vendor/laravel/telescope/src/Telescope.php(664): Laravel/Telescope/Storage/DatabaseEntriesRepository->store(Object(Illuminate/Support/Collection))
#9 [internal function]: Laravel/Telescope/Telescope::Laravel/Telescope/{closure}()
#10 C:/Users/91812/Herd/MishoraCRM/vendor/laravel/telescope/src/Telescope.php(289): call_user_func(Object(Closure))
#11 C:/Users/91812/Herd/MishoraCRM/vendor/laravel/telescope/src/Telescope.php(656): Laravel/Telescope/Telescope::withoutRecording(Object(Closure))
#12 C:/Users/91812/Herd/MishoraCRM/vendor/laravel/telescope/src/ListensForStorageOpportunities.php(65): Laravel/Telescope/Telescope::store(Object(Laravel/Telescope/Storage/DatabaseEntriesRepository))
#13 C:/Users/91812/Herd/MishoraCRM/vendor/laravel/framework/src/Illuminate/Container/BoundMethod.php(36): Laravel/Telescope/Telescope::Laravel/Telescope/{closure}()
#14 C:/Users/91812/Herd/MishoraCRM/vendor/laravel/framework/src/Illuminate/Container/Util.php(43): Illuminate/Container/BoundMethod::Illuminate/Container/{closure}()
#15 C:/Users/91812/Herd/MishoraCRM/vendor/laravel/framework/src/Illuminate/Container/BoundMethod.php(83): Illuminate/Container/Util::unwrapIfClosure(Object(Closure))
#16 C:/Users/91812/Herd/MishoraCRM/vendor/laravel/framework/src/Illuminate/Container/BoundMethod.php(35): Illuminate/Container/BoundMethod::callBoundMethod(Object(Illuminate/Foundation/Application), Object(Closure), Object(Closure))
#17 C:/Users/91812/Herd/MishoraCRM/vendor/laravel/framework/src/Illuminate/Container/Container.php(696): Illuminate/Container/BoundMethod::call(Object(Illuminate/Foundation/Application), Object(Closure), Array, NULL)
#18 C:/Users/91812/Herd/MishoraCRM/vendor/laravel/framework/src/Illuminate/Foundation/Application.php(1452): Illuminate/Container/Container->call(Object(Closure))
#19 C:/Users/91812/Herd/MishoraCRM/vendor/laravel/framework/src/Illuminate/Foundation/Console/Kernel.php(219): Illuminate/Foundation/Application->terminate()
#20 C:/Users/91812/Herd/MishoraCRM/vendor/laravel/framework/src/Illuminate/Foundation/Application.php(1240): Illuminate/Foundation/Console/Kernel->terminate(Object(Symfony/Component/Console/Input/ArgvInput), 2)
#21 C:/Users/91812/Herd/MishoraCRM/artisan(13): Illuminate/Foundation/Application->handleCommand(Object(Symfony/Component/Console/Input/ArgvInput))
#22 {main}

[previous exception] [object] (PDOException(code: 2006): SQLSTATE[HY000] [2006] MySQL server has gone away at C:/Users/91812/Herd/MishoraCRM/vendor/laravel/framework/src/Illuminate/Database/Connectors/Connector.php:66)
[stacktrace]
#0 C:/Users/91812/Herd/MishoraCRM/vendor/laravel/framework/src/Illuminate/Database/Connectors/Connector.php(66): PDO->__construct('mysql:host=127....', 'root', Object(SensitiveParameterValue), Array)
#1 C:/Users/91812/Herd/MishoraCRM/vendor/laravel/framework/src/Illuminate/Database/Connectors/Connector.php(85): Illuminate/Database/Connectors/Connector->createPdoConnection('mysql:host=127....', 'root', Object(SensitiveParameterValue), Array)
#2 C:/Users/91812/Herd/MishoraCRM/vendor/laravel/framework/src/Illuminate/Database/Connectors/Connector.php(48): Illuminate/Database/Connectors/Connector->tryAgainIfCausedByLostConnection(Object(PDOException), 'mysql:host=127....', 'root', Object(SensitiveParameterValue), Array)
#3 C:/Users/91812/Herd/MishoraCRM/vendor/laravel/framework/src/Illuminate/Database/Connectors/MySqlConnector.php(24): Illuminate/Database/Connectors/Connector->createConnection('mysql:host=127....', Array, Array)
#4 C:/Users/91812/Herd/MishoraCRM/vendor/laravel/framework/src/Illuminate/Database/Connectors/ConnectionFactory.php(185): Illuminate/Database/Connectors/MySqlConnector->connect(Array)
#5 [internal function]: Illuminate/Database/Connectors/ConnectionFactory->Illuminate/Database/Connectors/{closure}()
#6 C:/Users/91812/Herd/MishoraCRM/vendor/laravel/framework/src/Illuminate/Database/Connection.php(1231): call_user_func(Object(Closure))
#7 C:/Users/91812/Herd/MishoraCRM/vendor/laravel/framework/src/Illuminate/Database/MySqlConnection.php(47): Illuminate/Database/Connection->getPdo()
#8 C:/Users/91812/Herd/MishoraCRM/vendor/laravel/framework/src/Illuminate/Database/Connection.php(812): Illuminate/Database/MySqlConnection->Illuminate/Database/{closure}('insert into `te...', Array)
#9 C:/Users/91812/Herd/MishoraCRM/vendor/laravel/framework/src/Illuminate/Database/Connection.php(979): Illuminate/Database/Connection->runQueryCallback('insert into `te...', Array, Object(Closure))
#10 C:/Users/91812/Herd/MishoraCRM/vendor/laravel/framework/src/Illuminate/Database/Connection.php(958): Illuminate/Database/Connection->tryAgainIfCausedByLostConnection(Object(Illuminate/Database/QueryException), 'insert into `te...', Array, Object(Closure))
#11 C:/Users/91812/Herd/MishoraCRM/vendor/laravel/framework/src/Illuminate/Database/Connection.php(781): Illuminate/Database/Connection->handleQueryException(Object(Illuminate/Database/QueryException), 'insert into `te...', Array, Object(Closure))
#12 C:/Users/91812/Herd/MishoraCRM/vendor/laravel/framework/src/Illuminate/Database/MySqlConnection.php(42): Illuminate/Database/Connection->run('insert into `te...', Array, Object(Closure))
#13 C:/Users/91812/Herd/MishoraCRM/vendor/laravel/framework/src/Illuminate/Database/Query/Builder.php(3717): Illuminate/Database/MySqlConnection->insert('insert into `te...', Array)
#14 C:/Users/91812/Herd/MishoraCRM/vendor/laravel/telescope/src/Storage/DatabaseEntriesRepository.php(145): Illuminate/Database/Query/Builder->insert(Array)
#15 C:/Users/91812/Herd/MishoraCRM/vendor/laravel/framework/src/Illuminate/Collections/Traits/EnumeratesValues.php(261): Laravel/Telescope/Storage/DatabaseEntriesRepository->Laravel/Telescope/Storage/{closure}(Object(Illuminate/Support/Collection), 0)
#16 C:/Users/91812/Herd/MishoraCRM/vendor/laravel/telescope/src/Storage/DatabaseEntriesRepository.php(144): Illuminate/Support/Collection->each(Object(Closure))
#17 C:/Users/91812/Herd/MishoraCRM/vendor/laravel/telescope/src/Telescope.php(664): Laravel/Telescope/Storage/DatabaseEntriesRepository->store(Object(Illuminate/Support/Collection))
#18 [internal function]: Laravel/Telescope/Telescope::Laravel/Telescope/{closure}()
#19 C:/Users/91812/Herd/MishoraCRM/vendor/laravel/telescope/src/Telescope.php(289): call_user_func(Object(Closure))
#20 C:/Users/91812/Herd/MishoraCRM/vendor/laravel/telescope/src/Telescope.php(656): Laravel/Telescope/Telescope::withoutRecording(Object(Closure))
#21 C:/Users/91812/Herd/MishoraCRM/vendor/laravel/telescope/src/ListensForStorageOpportunities.php(65): Laravel/Telescope/Telescope::store(Object(Laravel/Telescope/Storage/DatabaseEntriesRepository))
#22 C:/Users/91812/Herd/MishoraCRM/vendor/laravel/framework/src/Illuminate/Container/BoundMethod.php(36): Laravel/Telescope/Telescope::Laravel/Telescope/{closure}()
#23 C:/Users/91812/Herd/MishoraCRM/vendor/laravel/framework/src/Illuminate/Container/Util.php(43): Illuminate/Container/BoundMethod::Illuminate/Container/{closure}()
#24 C:/Users/91812/Herd/MishoraCRM/vendor/laravel/framework/src/Illuminate/Container/BoundMethod.php(83): Illuminate/Container/Util::unwrapIfClosure(Object(Closure))
#25 C:/Users/91812/Herd/MishoraCRM/vendor/laravel/framework/src/Illuminate/Container/BoundMethod.php(35): Illuminate/Container/BoundMethod::callBoundMethod(Object(Illuminate/Foundation/Application), Object(Closure), Object(Closure))
#26 C:/Users/91812/Herd/MishoraCRM/vendor/laravel/framework/src/Illuminate/Container/Container.php(696): Illuminate/Container/BoundMethod::call(Object(Illuminate/Foundation/Application), Object(Closure), Array, NULL)
#27 C:/Users/91812/Herd/MishoraCRM/vendor/laravel/framework/src/Illuminate/Foundation/Application.php(1452): Illuminate/Container/Container->call(Object(Closure))
#28 C:/Users/91812/Herd/MishoraCRM/vendor/laravel/framework/src/Illuminate/Foundation/Console/Kernel.php(219): Illuminate/Foundation/Application->terminate()
#29 C:/Users/91812/Herd/MishoraCRM/vendor/laravel/framework/src/Illuminate/Foundation/Application.php(1240): Illuminate/Foundation/Console/Kernel->terminate(Object(Symfony/Component/Console/Input/ArgvInput), 2)
#30 C:/Users/91812/Herd/MishoraCRM/artisan(13): Illuminate/Foundation/Application->handleCommand(Object(Symfony/Component/Console/Input/ArgvInput))
#31 {main}
"} 
[2026-09-25 21:26:04] local.ERROR: SQLSTATE[HY000] [2006] MySQL server has gone away (Connection: mysql, SQL: select exists (select 1 from information_schema.tables where table_schema = 'lrv_saas_crm' and table_name = 'migrations' and table_type in ('BASE TABLE', 'SYSTEM VERSIONED')) as `exists`) {"exception":"[object] (Illuminate\\Database\\QueryException(code: 2006): SQLSTATE[HY000] [2006] MySQL server has gone away (Connection: mysql, SQL: select exists (select 1 from information_schema.tables where table_schema = 'lrv_saas_crm' and table_name = 'migrations' and table_type in ('BASE TABLE', 'SYSTEM VERSIONED')) as `exists`) at C:/Users/91812/Herd/MishoraCRM/vendor/laravel/framework/src/Illuminate/Database/Connection.php:825)
[stacktrace]
#0 C:/Users/91812/Herd/MishoraCRM/vendor/laravel/framework/src/Illuminate/Database/Connection.php(979): Illuminate/Database/Connection->runQueryCallback('select exists (...', Array, Object(Closure))
#1 C:/Users/91812/Herd/MishoraCRM/vendor/laravel/framework/src/Illuminate/Database/Connection.php(958): Illuminate/Database/Connection->tryAgainIfCausedByLostConnection(Object(Illuminate/Database/QueryException), 'select exists (...', Array, Object(Closure))
#2 C:/Users/91812/Herd/MishoraCRM/vendor/laravel/framework/src/Illuminate/Database/Connection.php(781): Illuminate/Database/Connection->handleQueryException(Object(Illuminate/Database/QueryException), 'select exists (...', Array, Object(Closure))
#3 C:/Users/91812/Herd/MishoraCRM/vendor/laravel/framework/src/Illuminate/Database/Connection.php(398): Illuminate/Database/Connection->run('select exists (...', Array, Object(Closure))
#4 C:/Users/91812/Herd/MishoraCRM/vendor/laravel/framework/src/Illuminate/Database/Connection.php(344): Illuminate/Database/Connection->select('select exists (...', Array, true)
#5 C:/Users/91812/Herd/MishoraCRM/vendor/laravel/framework/src/Illuminate/Database/Connection.php(361): Illuminate/Database/Connection->selectOne('select exists (...', Array, true)
#6 C:/Users/91812/Herd/MishoraCRM/vendor/laravel/framework/src/Illuminate/Database/Schema/MySqlBuilder.php(45): Illuminate/Database/Connection->scalar('select exists (...')
#7 C:/Users/91812/Herd/MishoraCRM/vendor/laravel/framework/src/Illuminate/Database/Migrations/DatabaseMigrationRepository.php(184): Illuminate/Database/Schema/MySqlBuilder->hasTable('migrations')
#8 C:/Users/91812/Herd/MishoraCRM/vendor/laravel/framework/src/Illuminate/Database/Migrations/Migrator.php(742): Illuminate/Database/Migrations/DatabaseMigrationRepository->repositoryExists()
#9 C:/Users/91812/Herd/MishoraCRM/vendor/laravel/framework/src/Illuminate/Database/Console/Migrations/StatusCommand.php(56): Illuminate/Database/Migrations/Migrator->repositoryExists()
#10 C:/Users/91812/Herd/MishoraCRM/vendor/laravel/framework/src/Illuminate/Database/Migrations/Migrator.php(658): Illuminate/Database/Console/Migrations/StatusCommand->Illuminate/Database/Console/Migrations/{closure}()
#11 C:/Users/91812/Herd/MishoraCRM/vendor/laravel/framework/src/Illuminate/Database/Console/Migrations/StatusCommand.php(55): Illuminate/Database/Migrations/Migrator->usingConnection(NULL, Object(Closure))
#12 C:/Users/91812/Herd/MishoraCRM/vendor/laravel/framework/src/Illuminate/Container/BoundMethod.php(36): Illuminate/Database/Console/Migrations/StatusCommand->handle()
#13 C:/Users/91812/Herd/MishoraCRM/vendor/laravel/framework/src/Illuminate/Container/Util.php(43): Illuminate/Container/BoundMethod::Illuminate/Container/{closure}()
#14 C:/Users/91812/Herd/MishoraCRM/vendor/laravel/framework/src/Illuminate/Container/BoundMethod.php(95): Illuminate/Container/Util::unwrapIfClosure(Object(Closure))
#15 C:/Users/91812/Herd/MishoraCRM/vendor/laravel/framework/src/Illuminate/Container/BoundMethod.php(35): Illuminate/Container/BoundMethod::callBoundMethod(Object(Illuminate/Foundation/Application), Array, Object(Closure))
#16 C:/Users/91812/Herd/MishoraCRM/vendor/laravel/framework/src/Illuminate/Container/Container.php(696): Illuminate/Container/BoundMethod::call(Object(Illuminate/Foundation/Application), Array, Array, NULL)
#17 C:/Users/91812/Herd/MishoraCRM/vendor/laravel/framework/src/Illuminate/Console/Command.php(213): Illuminate/Container/Container->call(Array)
#18 C:/Users/91812/Herd/MishoraCRM/vendor/symfony/console/Command/Command.php(341): Illuminate/Console/Command->execute(Object(Symfony/Component/Console/Input/ArgvInput), Object(Illuminate/Console/OutputStyle))
#19 C:/Users/91812/Herd/MishoraCRM/vendor/laravel/framework/src/Illuminate/Console/Command.php(182): Symfony/Component/Console/Command/Command->run(Object(Symfony/Component/Console/Input/ArgvInput), Object(Illuminate/Console/OutputStyle))
#20 C:/Users/91812/Herd/MishoraCRM/vendor/symfony/console/Application.php(1117): Illuminate/Console/Command->run(Object(Symfony/Component/Console/Input/ArgvInput), Object(Symfony/Component/Console/Output/ConsoleOutput))
#21 C:/Users/91812/Herd/MishoraCRM/vendor/symfony/console/Application.php(356): Symfony/Component/Console/Application->doRunCommand(Object(Illuminate/Database/Console/Migrations/StatusCommand), Object(Symfony/Component/Console/Input/ArgvInput), Object(Symfony/Component/Console/Output/ConsoleOutput))
#22 C:/Users/91812/Herd/MishoraCRM/vendor/symfony/console/Application.php(195): Symfony/Component/Console/Application->doRun(Object(Symfony/Component/Console/Input/ArgvInput), Object(Symfony/Component/Console/Output/ConsoleOutput))
#23 C:/Users/91812/Herd/MishoraCRM/vendor/laravel/framework/src/Illuminate/Foundation/Console/Kernel.php(198): Symfony/Component/Console/Application->run(Object(Symfony/Component/Console/Input/ArgvInput), Object(Symfony/Component/Console/Output/ConsoleOutput))
#24 C:/Users/91812/Herd/MishoraCRM/vendor/laravel/framework/src/Illuminate/Foundation/Application.php(1235): Illuminate/Foundation/Console/Kernel->handle(Object(Symfony/Component/Console/Input/ArgvInput), Object(Symfony/Component/Console/Output/ConsoleOutput))
#25 C:/Users/91812/Herd/MishoraCRM/artisan(13): Illuminate/Foundation/Application->handleCommand(Object(Symfony/Component/Console/Input/ArgvInput))
#26 {main}

[previous exception] [object] (PDOException(code: 2006): SQLSTATE[HY000] [2006] MySQL server has gone away at C:/Users/91812/Herd/MishoraCRM/vendor/laravel/framework/src/Illuminate/Database/Connectors/Connector.php:66)
[stacktrace]
#0 C:/Users/91812/Herd/MishoraCRM/vendor/laravel/framework/src/Illuminate/Database/Connectors/Connector.php(66): PDO->__construct('mysql:host=127....', 'root', Object(SensitiveParameterValue), Array)
#1 C:/Users/91812/Herd/MishoraCRM/vendor/laravel/framework/src/Illuminate/Database/Connectors/Connector.php(85): Illuminate/Database/Connectors/Connector->createPdoConnection('mysql:host=127....', 'root', Object(SensitiveParameterValue), Array)
#2 C:/Users/91812/Herd/MishoraCRM/vendor/laravel/framework/src/Illuminate/Database/Connectors/Connector.php(48): Illuminate/Database/Connectors/Connector->tryAgainIfCausedByLostConnection(Object(PDOException), 'mysql:host=127....', 'root', Object(SensitiveParameterValue), Array)
#3 C:/Users/91812/Herd/MishoraCRM/vendor/laravel/framework/src/Illuminate/Database/Connectors/MySqlConnector.php(24): Illuminate/Database/Connectors/Connector->createConnection('mysql:host=127....', Array, Array)
#4 C:/Users/91812/Herd/MishoraCRM/vendor/laravel/framework/src/Illuminate/Database/Connectors/ConnectionFactory.php(185): Illuminate/Database/Connectors/MySqlConnector->connect(Array)
#5 [internal function]: Illuminate/Database/Connectors/ConnectionFactory->Illuminate/Database/Connectors/{closure}()
#6 C:/Users/91812/Herd/MishoraCRM/vendor/laravel/framework/src/Illuminate/Database/Connection.php(1231): call_user_func(Object(Closure))
#7 C:/Users/91812/Herd/MishoraCRM/vendor/laravel/framework/src/Illuminate/Database/Connection.php(1267): Illuminate/Database/Connection->getPdo()
#8 C:/Users/91812/Herd/MishoraCRM/vendor/laravel/framework/src/Illuminate/Database/Connection.php(512): Illuminate/Database/Connection->getReadPdo()
#9 C:/Users/91812/Herd/MishoraCRM/vendor/laravel/framework/src/Illuminate/Database/Connection.php(407): Illuminate/Database/Connection->getPdoForSelect(true)
#10 C:/Users/91812/Herd/MishoraCRM/vendor/laravel/framework/src/Illuminate/Database/Connection.php(812): Illuminate/Database/Connection->Illuminate/Database/{closure}('select exists (...', Array)
#11 C:/Users/91812/Herd/MishoraCRM/vendor/laravel/framework/src/Illuminate/Database/Connection.php(979): Illuminate/Database/Connection->runQueryCallback('select exists (...', Array, Object(Closure))
#12 C:/Users/91812/Herd/MishoraCRM/vendor/laravel/framework/src/Illuminate/Database/Connection.php(958): Illuminate/Database/Connection->tryAgainIfCausedByLostConnection(Object(Illuminate/Database/QueryException), 'select exists (...', Array, Object(Closure))
#13 C:/Users/91812/Herd/MishoraCRM/vendor/laravel/framework/src/Illuminate/Database/Connection.php(781): Illuminate/Database/Connection->handleQueryException(Object(Illuminate/Database/QueryException), 'select exists (...', Array, Object(Closure))
#14 C:/Users/91812/Herd/MishoraCRM/vendor/laravel/framework/src/Illuminate/Database/Connection.php(398): Illuminate/Database/Connection->run('select exists (...', Array, Object(Closure))
#15 C:/Users/91812/Herd/MishoraCRM/vendor/laravel/framework/src/Illuminate/Database/Connection.php(344): Illuminate/Database/Connection->select('select exists (...', Array, true)
#16 C:/Users/91812/Herd/MishoraCRM/vendor/laravel/framework/src/Illuminate/Database/Connection.php(361): Illuminate/Database/Connection->selectOne('select exists (...', Array, true)
#17 C:/Users/91812/Herd/MishoraCRM/vendor/laravel/framework/src/Illuminate/Database/Schema/MySqlBuilder.php(45): Illuminate/Database/Connection->scalar('select exists (...')
#18 C:/Users/91812/Herd/MishoraCRM/vendor/laravel/framework/src/Illuminate/Database/Migrations/DatabaseMigrationRepository.php(184): Illuminate/Database/Schema/MySqlBuilder->hasTable('migrations')
#19 C:/Users/91812/Herd/MishoraCRM/vendor/laravel/framework/src/Illuminate/Database/Migrations/Migrator.php(742): Illuminate/Database/Migrations/DatabaseMigrationRepository->repositoryExists()
#20 C:/Users/91812/Herd/MishoraCRM/vendor/laravel/framework/src/Illuminate/Database/Console/Migrations/StatusCommand.php(56): Illuminate/Database/Migrations/Migrator->repositoryExists()
#21 C:/Users/91812/Herd/MishoraCRM/vendor/laravel/framework/src/Illuminate/Database/Migrations/Migrator.php(658): Illuminate/Database/Console/Migrations/StatusCommand->Illuminate/Database/Console/Migrations/{closure}()
#22 C:/Users/91812/Herd/MishoraCRM/vendor/laravel/framework/src/Illuminate/Database/Console/Migrations/StatusCommand.php(55): Illuminate/Database/Migrations/Migrator->usingConnection(NULL, Object(Closure))
#23 C:/Users/91812/Herd/MishoraCRM/vendor/laravel/framework/src/Illuminate/Container/BoundMethod.php(36): Illuminate/Database/Console/Migrations/StatusCommand->handle()
#24 C:/Users/91812/Herd/MishoraCRM/vendor/laravel/framework/src/Illuminate/Container/Util.php(43): Illuminate/Container/BoundMethod::Illuminate/Container/{closure}()
#25 C:/Users/91812/Herd/MishoraCRM/vendor/laravel/framework/src/Illuminate/Container/BoundMethod.php(95): Illuminate/Container/Util::unwrapIfClosure(Object(Closure))
#26 C:/Users/91812/Herd/MishoraCRM/vendor/laravel/framework/src/Illuminate/Container/BoundMethod.php(35): Illuminate/Container/BoundMethod::callBoundMethod(Object(Illuminate/Foundation/Application), Array, Object(Closure))
#27 C:/Users/91812/Herd/MishoraCRM/vendor/laravel/framework/src/Illuminate/Container/Container.php(696): Illuminate/Container/BoundMethod::call(Object(Illuminate/Foundation/Application), Array, Array, NULL)
#28 C:/Users/91812/Herd/MishoraCRM/vendor/laravel/framework/src/Illuminate/Console/Command.php(213): Illuminate/Container/Container->call(Array)
#29 C:/Users/91812/Herd/MishoraCRM/vendor/symfony/console/Command/Command.php(341): Illuminate/Console/Command->execute(Object(Symfony/Component/Console/Input/ArgvInput), Object(Illuminate/Console/OutputStyle))
#30 C:/Users/91812/Herd/MishoraCRM/vendor/laravel/framework/src/Illuminate/Console/Command.php(182): Symfony/Component/Console/Command/Command->run(Object(Symfony/Component/Console/Input/ArgvInput), Object(Illuminate/Console/OutputStyle))
#31 C:/Users/91812/Herd/MishoraCRM/vendor/symfony/console/Application.php(1117): Illuminate/Console/Command->run(Object(Symfony/Component/Console/Input/ArgvInput), Object(Symfony/Component/Console/Output/ConsoleOutput))
#32 C:/Users/91812/Herd/MishoraCRM/vendor/symfony/console/Application.php(356): Symfony/Component/Console/Application->doRunCommand(Object(Illuminate/Database/Console/Migrations/StatusCommand), Object(Symfony/Component/Console/Input/ArgvInput), Object(Symfony/Component/Console/Output/ConsoleOutput))
#33 C:/Users/91812/Herd/MishoraCRM/vendor/symfony/console/Application.php(195): Symfony/Component/Console/Application->doRun(Object(Symfony/Component/Console/Input/ArgvInput), Object(Symfony/Component/Console/Output/ConsoleOutput))
#34 C:/Users/91812/Herd/MishoraCRM/vendor/laravel/framework/src/Illuminate/Foundation/Console/Kernel.php(198): Symfony/Component/Console/Application->run(Object(Symfony/Component/Console/Input/ArgvInput), Object(Symfony/Component/Console/Output/ConsoleOutput))
#35 C:/Users/91812/Herd/MishoraCRM/vendor/laravel/framework/src/Illuminate/Foundation/Application.php(1235): Illuminate/Foundation/Console/Kernel->handle(Object(Symfony/Component/Console/Input/ArgvInput), Object(Symfony/Component/Console/Output/ConsoleOutput))
#36 C:/Users/91812/Herd/MishoraCRM/artisan(13): Illuminate/Foundation/Application->handleCommand(Object(Symfony/Component/Console/Input/ArgvInput))
#37 {main}
"} 
[2026-09-25 21:26:05] local.ERROR: SQLSTATE[HY000] [2006] MySQL server has gone away (Connection: mysql, SQL: select count(*) as aggregate from `telescope_entries` where `type` = exception and `family_hash` = 4e95c22c2b7921611a4afcab827b65af) {"exception":"[object] (Illuminate\\Database\\QueryException(code: 2006): SQLSTATE[HY000] [2006] MySQL server has gone away (Connection: mysql, SQL: select count(*) as aggregate from `telescope_entries` where `type` = exception and `family_hash` = 4e95c22c2b7921611a4afcab827b65af) at C:/Users/91812/Herd/MishoraCRM/vendor/laravel/framework/src/Illuminate/Database/Connection.php:825)
[stacktrace]
#0 C:/Users/91812/Herd/MishoraCRM/vendor/laravel/framework/src/Illuminate/Database/Connection.php(979): Illuminate/Database/Connection->runQueryCallback('select count(*)...', Array, Object(Closure))
#1 C:/Users/91812/Herd/MishoraCRM/vendor/laravel/framework/src/Illuminate/Database/Connection.php(958): Illuminate/Database/Connection->tryAgainIfCausedByLostConnection(Object(Illuminate/Database/QueryException), 'select count(*)...', Array, Object(Closure))
#2 C:/Users/91812/Herd/MishoraCRM/vendor/laravel/framework/src/Illuminate/Database/Connection.php(781): Illuminate/Database/Connection->handleQueryException(Object(Illuminate/Database/QueryException), 'select count(*)...', Array, Object(Closure))
#3 C:/Users/91812/Herd/MishoraCRM/vendor/laravel/framework/src/Illuminate/Database/Connection.php(398): Illuminate/Database/Connection->run('select count(*)...', Array, Object(Closure))
#4 C:/Users/91812/Herd/MishoraCRM/vendor/laravel/framework/src/Illuminate/Database/Query/Builder.php(3106): Illuminate/Database/Connection->select('select count(*)...', Array, true)
#5 C:/Users/91812/Herd/MishoraCRM/vendor/laravel/framework/src/Illuminate/Database/Query/Builder.php(3091): Illuminate/Database/Query/Builder->runSelect()
#6 C:/Users/91812/Herd/MishoraCRM/vendor/laravel/framework/src/Illuminate/Database/Query/Builder.php(3676): Illuminate/Database/Query/Builder->Illuminate/Database/Query/{closure}()
#7 C:/Users/91812/Herd/MishoraCRM/vendor/laravel/framework/src/Illuminate/Database/Query/Builder.php(3090): Illuminate/Database/Query/Builder->onceWithColumns(Array, Object(Closure))
#8 C:/Users/91812/Herd/MishoraCRM/vendor/laravel/framework/src/Illuminate/Database/Query/Builder.php(3603): Illuminate/Database/Query/Builder->get(Array)
#9 C:/Users/91812/Herd/MishoraCRM/vendor/laravel/framework/src/Illuminate/Database/Query/Builder.php(3531): Illuminate/Database/Query/Builder->aggregate('count', Array)
#10 C:/Users/91812/Herd/MishoraCRM/vendor/laravel/telescope/src/Storage/DatabaseEntriesRepository.php(123): Illuminate/Database/Query/Builder->count()
#11 C:/Users/91812/Herd/MishoraCRM/vendor/laravel/telescope/src/Storage/DatabaseEntriesRepository.php(165): Laravel/Telescope/Storage/DatabaseEntriesRepository->countExceptionOccurences(Object(Laravel/Telescope/IncomingExceptionEntry))
#12 [internal function]: Laravel/Telescope/Storage/DatabaseEntriesRepository->Laravel/Telescope/Storage/{closure}(Object(Laravel/Telescope/IncomingExceptionEntry), 1)
#13 C:/Users/91812/Herd/MishoraCRM/vendor/laravel/framework/src/Illuminate/Collections/Arr.php(609): array_map(Object(Closure), Array, Array)
#14 C:/Users/91812/Herd/MishoraCRM/vendor/laravel/framework/src/Illuminate/Collections/Collection.php(799): Illuminate/Support/Arr::map(Array, Object(Closure))
#15 C:/Users/91812/Herd/MishoraCRM/vendor/laravel/telescope/src/Storage/DatabaseEntriesRepository.php(164): Illuminate/Support/Collection->map(Object(Closure))
#16 C:/Users/91812/Herd/MishoraCRM/vendor/laravel/framework/src/Illuminate/Collections/Traits/EnumeratesValues.php(261): Laravel/Telescope/Storage/DatabaseEntriesRepository->Laravel/Telescope/Storage/{closure}(Object(Illuminate/Support/Collection), 0)
#17 C:/Users/91812/Herd/MishoraCRM/vendor/laravel/telescope/src/Storage/DatabaseEntriesRepository.php(163): Illuminate/Support/Collection->each(Object(Closure))
#18 C:/Users/91812/Herd/MishoraCRM/vendor/laravel/telescope/src/Storage/DatabaseEntriesRepository.php(140): Laravel/Telescope/Storage/DatabaseEntriesRepository->storeExceptions(Object(Illuminate/Support/Collection))
#19 C:/Users/91812/Herd/MishoraCRM/vendor/laravel/telescope/src/Telescope.php(664): Laravel/Telescope/Storage/DatabaseEntriesRepository->store(Object(Illuminate/Support/Collection))
#20 [internal function]: Laravel/Telescope/Telescope::Laravel/Telescope/{closure}()
#21 C:/Users/91812/Herd/MishoraCRM/vendor/laravel/telescope/src/Telescope.php(289): call_user_func(Object(Closure))
#22 C:/Users/91812/Herd/MishoraCRM/vendor/laravel/telescope/src/Telescope.php(656): Laravel/Telescope/Telescope::withoutRecording(Object(Closure))
#23 C:/Users/91812/Herd/MishoraCRM/vendor/laravel/telescope/src/ListensForStorageOpportunities.php(65): Laravel/Telescope/Telescope::store(Object(Laravel/Telescope/Storage/DatabaseEntriesRepository))
#24 C:/Users/91812/Herd/MishoraCRM/vendor/laravel/framework/src/Illuminate/Container/BoundMethod.php(36): Laravel/Telescope/Telescope::Laravel/Telescope/{closure}()
#25 C:/Users/91812/Herd/MishoraCRM/vendor/laravel/framework/src/Illuminate/Container/Util.php(43): Illuminate/Container/BoundMethod::Illuminate/Container/{closure}()
#26 C:/Users/91812/Herd/MishoraCRM/vendor/laravel/framework/src/Illuminate/Container/BoundMethod.php(83): Illuminate/Container/Util::unwrapIfClosure(Object(Closure))
#27 C:/Users/91812/Herd/MishoraCRM/vendor/laravel/framework/src/Illuminate/Container/BoundMethod.php(35): Illuminate/Container/BoundMethod::callBoundMethod(Object(Illuminate/Foundation/Application), Object(Closure), Object(Closure))
#28 C:/Users/91812/Herd/MishoraCRM/vendor/laravel/framework/src/Illuminate/Container/Container.php(696): Illuminate/Container/BoundMethod::call(Object(Illuminate/Foundation/Application), Object(Closure), Array, NULL)
#29 C:/Users/91812/Herd/MishoraCRM/vendor/laravel/framework/src/Illuminate/Foundation/Application.php(1452): Illuminate/Container/Container->call(Object(Closure))
#30 C:/Users/91812/Herd/MishoraCRM/vendor/laravel/framework/src/Illuminate/Foundation/Console/Kernel.php(219): Illuminate/Foundation/Application->terminate()
#31 C:/Users/91812/Herd/MishoraCRM/vendor/laravel/framework/src/Illuminate/Foundation/Application.php(1240): Illuminate/Foundation/Console/Kernel->terminate(Object(Symfony/Component/Console/Input/ArgvInput), 1)
#32 C:/Users/91812/Herd/MishoraCRM/artisan(13): Illuminate/Foundation/Application->handleCommand(Object(Symfony/Component/Console/Input/ArgvInput))
#33 {main}

[previous exception] [object] (PDOException(code: 2006): SQLSTATE[HY000] [2006] MySQL server has gone away at C:/Users/91812/Herd/MishoraCRM/vendor/laravel/framework/src/Illuminate/Database/Connectors/Connector.php:66)
[stacktrace]
#0 C:/Users/91812/Herd/MishoraCRM/vendor/laravel/framework/src/Illuminate/Database/Connectors/Connector.php(66): PDO->__construct('mysql:host=127....', 'root', Object(SensitiveParameterValue), Array)
#1 C:/Users/91812/Herd/MishoraCRM/vendor/laravel/framework/src/Illuminate/Database/Connectors/Connector.php(85): Illuminate/Database/Connectors/Connector->createPdoConnection('mysql:host=127....', 'root', Object(SensitiveParameterValue), Array)
#2 C:/Users/91812/Herd/MishoraCRM/vendor/laravel/framework/src/Illuminate/Database/Connectors/Connector.php(48): Illuminate/Database/Connectors/Connector->tryAgainIfCausedByLostConnection(Object(PDOException), 'mysql:host=127....', 'root', Object(SensitiveParameterValue), Array)
#3 C:/Users/91812/Herd/MishoraCRM/vendor/laravel/framework/src/Illuminate/Database/Connectors/MySqlConnector.php(24): Illuminate/Database/Connectors/Connector->createConnection('mysql:host=127....', Array, Array)
#4 C:/Users/91812/Herd/MishoraCRM/vendor/laravel/framework/src/Illuminate/Database/Connectors/ConnectionFactory.php(185): Illuminate/Database/Connectors/MySqlConnector->connect(Array)
#5 [internal function]: Illuminate/Database/Connectors/ConnectionFactory->Illuminate/Database/Connectors/{closure}()
#6 C:/Users/91812/Herd/MishoraCRM/vendor/laravel/framework/src/Illuminate/Database/Connection.php(1231): call_user_func(Object(Closure))
#7 C:/Users/91812/Herd/MishoraCRM/vendor/laravel/framework/src/Illuminate/Database/Connection.php(1267): Illuminate/Database/Connection->getPdo()
#8 C:/Users/91812/Herd/MishoraCRM/vendor/laravel/framework/src/Illuminate/Database/Connection.php(512): Illuminate/Database/Connection->getReadPdo()
#9 C:/Users/91812/Herd/MishoraCRM/vendor/laravel/framework/src/Illuminate/Database/Connection.php(407): Illuminate/Database/Connection->getPdoForSelect(true)
#10 C:/Users/91812/Herd/MishoraCRM/vendor/laravel/framework/src/Illuminate/Database/Connection.php(812): Illuminate/Database/Connection->Illuminate/Database/{closure}('select count(*)...', Array)
#11 C:/Users/91812/Herd/MishoraCRM/vendor/laravel/framework/src/Illuminate/Database/Connection.php(979): Illuminate/Database/Connection->runQueryCallback('select count(*)...', Array, Object(Closure))
#12 C:/Users/91812/Herd/MishoraCRM/vendor/laravel/framework/src/Illuminate/Database/Connection.php(958): Illuminate/Database/Connection->tryAgainIfCausedByLostConnection(Object(Illuminate/Database/QueryException), 'select count(*)...', Array, Object(Closure))
#13 C:/Users/91812/Herd/MishoraCRM/vendor/laravel/framework/src/Illuminate/Database/Connection.php(781): Illuminate/Database/Connection->handleQueryException(Object(Illuminate/Database/QueryException), 'select count(*)...', Array, Object(Closure))
#14 C:/Users/91812/Herd/MishoraCRM/vendor/laravel/framework/src/Illuminate/Database/Connection.php(398): Illuminate/Database/Connection->run('select count(*)...', Array, Object(Closure))
#15 C:/Users/91812/Herd/MishoraCRM/vendor/laravel/framework/src/Illuminate/Database/Query/Builder.php(3106): Illuminate/Database/Connection->select('select count(*)...', Array, true)
#16 C:/Users/91812/Herd/MishoraCRM/vendor/laravel/framework/src/Illuminate/Database/Query/Builder.php(3091): Illuminate/Database/Query/Builder->runSelect()
#17 C:/Users/91812/Herd/MishoraCRM/vendor/laravel/framework/src/Illuminate/Database/Query/Builder.php(3676): Illuminate/Database/Query/Builder->Illuminate/Database/Query/{closure}()
#18 C:/Users/91812/Herd/MishoraCRM/vendor/laravel/framework/src/Illuminate/Database/Query/Builder.php(3090): Illuminate/Database/Query/Builder->onceWithColumns(Array, Object(Closure))
#19 C:/Users/91812/Herd/MishoraCRM/vendor/laravel/framework/src/Illuminate/Database/Query/Builder.php(3603): Illuminate/Database/Query/Builder->get(Array)
#20 C:/Users/91812/Herd/MishoraCRM/vendor/laravel/framework/src/Illuminate/Database/Query/Builder.php(3531): Illuminate/Database/Query/Builder->aggregate('count', Array)
#21 C:/Users/91812/Herd/MishoraCRM/vendor/laravel/telescope/src/Storage/DatabaseEntriesRepository.php(123): Illuminate/Database/Query/Builder->count()
#22 C:/Users/91812/Herd/MishoraCRM/vendor/laravel/telescope/src/Storage/DatabaseEntriesRepository.php(165): Laravel/Telescope/Storage/DatabaseEntriesRepository->countExceptionOccurences(Object(Laravel/Telescope/IncomingExceptionEntry))
#23 [internal function]: Laravel/Telescope/Storage/DatabaseEntriesRepository->Laravel/Telescope/Storage/{closure}(Object(Laravel/Telescope/IncomingExceptionEntry), 1)
#24 C:/Users/91812/Herd/MishoraCRM/vendor/laravel/framework/src/Illuminate/Collections/Arr.php(609): array_map(Object(Closure), Array, Array)
#25 C:/Users/91812/Herd/MishoraCRM/vendor/laravel/framework/src/Illuminate/Collections/Collection.php(799): Illuminate/Support/Arr::map(Array, Object(Closure))
#26 C:/Users/91812/Herd/MishoraCRM/vendor/laravel/telescope/src/Storage/DatabaseEntriesRepository.php(164): Illuminate/Support/Collection->map(Object(Closure))
#27 C:/Users/91812/Herd/MishoraCRM/vendor/laravel/framework/src/Illuminate/Collections/Traits/EnumeratesValues.php(261): Laravel/Telescope/Storage/DatabaseEntriesRepository->Laravel/Telescope/Storage/{closure}(Object(Illuminate/Support/Collection), 0)
#28 C:/Users/91812/Herd/MishoraCRM/vendor/laravel/telescope/src/Storage/DatabaseEntriesRepository.php(163): Illuminate/Support/Collection->each(Object(Closure))
#29 C:/Users/91812/Herd/MishoraCRM/vendor/laravel/telescope/src/Storage/DatabaseEntriesRepository.php(140): Laravel/Telescope/Storage/DatabaseEntriesRepository->storeExceptions(Object(Illuminate/Support/Collection))
#30 C:/Users/91812/Herd/MishoraCRM/vendor/laravel/telescope/src/Telescope.php(664): Laravel/Telescope/Storage/DatabaseEntriesRepository->store(Object(Illuminate/Support/Collection))
#31 [internal function]: Laravel/Telescope/Telescope::Laravel/Telescope/{closure}()
#32 C:/Users/91812/Herd/MishoraCRM/vendor/laravel/telescope/src/Telescope.php(289): call_user_func(Object(Closure))
#33 C:/Users/91812/Herd/MishoraCRM/vendor/laravel/telescope/src/Telescope.php(656): Laravel/Telescope/Telescope::withoutRecording(Object(Closure))
#34 C:/Users/91812/Herd/MishoraCRM/vendor/laravel/telescope/src/ListensForStorageOpportunities.php(65): Laravel/Telescope/Telescope::store(Object(Laravel/Telescope/Storage/DatabaseEntriesRepository))
#35 C:/Users/91812/Herd/MishoraCRM/vendor/laravel/framework/src/Illuminate/Container/BoundMethod.php(36): Laravel/Telescope/Telescope::Laravel/Telescope/{closure}()
#36 C:/Users/91812/Herd/MishoraCRM/vendor/laravel/framework/src/Illuminate/Container/Util.php(43): Illuminate/Container/BoundMethod::Illuminate/Container/{closure}()
#37 C:/Users/91812/Herd/MishoraCRM/vendor/laravel/framework/src/Illuminate/Container/BoundMethod.php(83): Illuminate/Container/Util::unwrapIfClosure(Object(Closure))
#38 C:/Users/91812/Herd/MishoraCRM/vendor/laravel/framework/src/Illuminate/Container/BoundMethod.php(35): Illuminate/Container/BoundMethod::callBoundMethod(Object(Illuminate/Foundation/Application), Object(Closure), Object(Closure))
#39 C:/Users/91812/Herd/MishoraCRM/vendor/laravel/framework/src/Illuminate/Container/Container.php(696): Illuminate/Container/BoundMethod::call(Object(Illuminate/Foundation/Application), Object(Closure), Array, NULL)
#40 C:/Users/91812/Herd/MishoraCRM/vendor/laravel/framework/src/Illuminate/Foundation/Application.php(1452): Illuminate/Container/Container->call(Object(Closure))
#41 C:/Users/91812/Herd/MishoraCRM/vendor/laravel/framework/src/Illuminate/Foundation/Console/Kernel.php(219): Illuminate/Foundation/Application->terminate()
#42 C:/Users/91812/Herd/MishoraCRM/vendor/laravel/framework/src/Illuminate/Foundation/Application.php(1240): Illuminate/Foundation/Console/Kernel->terminate(Object(Symfony/Component/Console/Input/ArgvInput), 1)
#43 C:/Users/91812/Herd/MishoraCRM/artisan(13): Illuminate/Foundation/Application->handleCommand(Object(Symfony/Component/Console/Input/ArgvInput))
#44 {main}
"} 
[2026-09-25 21:55:44] local.ERROR: SQLSTATE[HY000] [2006] MySQL server has gone away (Connection: mysql, SQL: insert into `telescope_entries` (`batch_id`, `content`, `created_at`, `family_hash`, `type`, `uuid`) values (a2d4eab2-a9c7-401e-80dc-2d321cf84af7, {"name":"auth.login","path":"\\resources\\views\/auth\/login.blade.php","data":[],"hostname":"LAPTOP-RR8E4AHP"}, 2026-09-25 21:55:42, ?, view, a2d4eab1-9eb4-47b7-8fff-dbb8a0a5c8dd), (a2d4eab2-a9c7-401e-80dc-2d321cf84af7, {"name":"components.brand-logo","path":"\\resources\\views\/components\/brand-logo.blade.php","data":["h"],"hostname":"LAPTOP-RR8E4AHP"}, 2026-09-25 21:55:43, ?, view, a2d4eab2-5265-4b5a-832d-1a44ae9439ff), (a2d4eab2-a9c7-401e-80dc-2d321cf84af7, {"ip_address":"127.0.0.1","uri":"\/login","method":"GET","controller_action":"App\\Http\\Controllers\\Web\\Auth\\LoginController@show","middleware":["web","guest"],"headers":{"host":"localhost:8000","user-agent":"curl\/8.6.0","accept":"*\/*"},"payload":[],"session":{"_token":"EEX1qSfcwAluDi5eMVnQXvZCrbfCw6nexfbubNgG","_previous":{"url":"http:\/\/localhost:8000\/login"},"_flash":{"old":[],"new":[]}},"response_headers":{"content-type":"text\/html; charset=utf-8","cache-control":"no-cache, private","date":"Fri, 25 Sep 2026 16:25:42 GMT","set-cookie":"XSRF-TOKEN=eyJpdiI6IkNKWDE0VWJMbk8zaDh2dVYrUElWK0E9PSIsInZhbHVlIjoiZ0hPOGh6djRFQnBacU9NUXVKdlZyQmlrVVN5NVFhOXRwS3ZwdU1VY0xncW56U0NnUU15OHF2MUROSEVVakg2VmdNQzNDdTdpemRIWDRidTJwLzZvS1FQaUQ2OWJUbzEyTGdXUFJlU0djSzM2dktjL3ZnMXRQUS9Icnp4UmtqTVciLCJtYWMiOiJlNDI3MDMxOTkwZTMxZjdiZmViMjkxODYyN2EzNzNkNDc1ZGFhZWNkMzBhMDVkMzIxZmFhMDk3YjA4ZjUyZmNiIiwidGFnIjoiIn0%3D; expires=Fri, 25 Sep 2026 18:25:43 GMT; Max-Age=7200; path=\/; samesite=lax, mishora_crm_session=eyJpdiI6IisxYURUME1JUERhNmZ3QkhVR05tb2c9PSIsInZhbHVlIjoiUDg2cTJFTlljL3paNVhNL1hNOEZtRWhhYk5mWHQ0c3VYOFY5S2tXVWJtYm5BYytqQzdhMTZia3l5dHFPaVRiVFlKM2xmZ3JlN1dRYXNvcWMxTXJVNi80YnZ5QzFvQWNnM2R4b1d1dDNVaDhrU1hOWE8zeGxWT1dYS3J1SUdRWTUiLCJtYWMiOiI2NjE0OTY5YWQxM2JiNDNmYmViN2M0MjJiYjBjZmI1MDM0ODVjYTYwYWM0ZDk5NGQ1YTBjM2JhOTZkNDcwMzRiIiwidGFnIjoiIn0%3D; expires=Fri, 25 Sep 2026 18:25:43 GMT; Max-Age=7200; path=\/; httponly; samesite=lax"},"response_status":200,"response":{"view":"C:\\Users\\91812\\Herd\\MishoraCRM\\resources\\views\/auth\/login.blade.php","data":[]},"duration":3441,"memory":28,"hostname":"LAPTOP-RR8E4AHP"}, 2026-09-25 21:55:43, ?, request, a2d4eab2-8e74-48f0-b320-3b49aaf2f216)) {"exception":"[object] (Illuminate\\Database\\QueryException(code: 2006): SQLSTATE[HY000] [2006] MySQL server has gone away (Connection: mysql, SQL: insert into `telescope_entries` (`batch_id`, `content`, `created_at`, `family_hash`, `type`, `uuid`) values (a2d4eab2-a9c7-401e-80dc-2d321cf84af7, {\"name\":\"auth.login\",\"path\":\"\\\\resources\\\\views\\/auth\\/login.blade.php\",\"data\":[],\"hostname\":\"LAPTOP-RR8E4AHP\"}, 2026-09-25 21:55:42, ?, view, a2d4eab1-9eb4-47b7-8fff-dbb8a0a5c8dd), (a2d4eab2-a9c7-401e-80dc-2d321cf84af7, {\"name\":\"components.brand-logo\",\"path\":\"\\\\resources\\\\views\\/components\\/brand-logo.blade.php\",\"data\":[\"h\"],\"hostname\":\"LAPTOP-RR8E4AHP\"}, 2026-09-25 21:55:43, ?, view, a2d4eab2-5265-4b5a-832d-1a44ae9439ff), (a2d4eab2-a9c7-401e-80dc-2d321cf84af7, {\"ip_address\":\"127.0.0.1\",\"uri\":\"\\/login\",\"method\":\"GET\",\"controller_action\":\"App\\\\Http\\\\Controllers\\\\Web\\\\Auth\\\\LoginController@show\",\"middleware\":[\"web\",\"guest\"],\"headers\":{\"host\":\"localhost:8000\",\"user-agent\":\"curl\\/8.6.0\",\"accept\":\"*\\/*\"},\"payload\":[],\"session\":{\"_token\":\"EEX1qSfcwAluDi5eMVnQXvZCrbfCw6nexfbubNgG\",\"_previous\":{\"url\":\"http:\\/\\/localhost:8000\\/login\"},\"_flash\":{\"old\":[],\"new\":[]}},\"response_headers\":{\"content-type\":\"text\\/html; charset=utf-8\",\"cache-control\":\"no-cache, private\",\"date\":\"Fri, 25 Sep 2026 16:25:42 GMT\",\"set-cookie\":\"XSRF-TOKEN=eyJpdiI6IkNKWDE0VWJMbk8zaDh2dVYrUElWK0E9PSIsInZhbHVlIjoiZ0hPOGh6djRFQnBacU9NUXVKdlZyQmlrVVN5NVFhOXRwS3ZwdU1VY0xncW56U0NnUU15OHF2MUROSEVVakg2VmdNQzNDdTdpemRIWDRidTJwLzZvS1FQaUQ2OWJUbzEyTGdXUFJlU0djSzM2dktjL3ZnMXRQUS9Icnp4UmtqTVciLCJtYWMiOiJlNDI3MDMxOTkwZTMxZjdiZmViMjkxODYyN2EzNzNkNDc1ZGFhZWNkMzBhMDVkMzIxZmFhMDk3YjA4ZjUyZmNiIiwidGFnIjoiIn0%3D; expires=Fri, 25 Sep 2026 18:25:43 GMT; Max-Age=7200; path=\\/; samesite=lax, mishora_crm_session=eyJpdiI6IisxYURUME1JUERhNmZ3QkhVR05tb2c9PSIsInZhbHVlIjoiUDg2cTJFTlljL3paNVhNL1hNOEZtRWhhYk5mWHQ0c3VYOFY5S2tXVWJtYm5BYytqQzdhMTZia3l5dHFPaVRiVFlKM2xmZ3JlN1dRYXNvcWMxTXJVNi80YnZ5QzFvQWNnM2R4b1d1dDNVaDhrU1hOWE8zeGxWT1dYS3J1SUdRWTUiLCJtYWMiOiI2NjE0OTY5YWQxM2JiNDNmYmViN2M0MjJiYjBjZmI1MDM0ODVjYTYwYWM0ZDk5NGQ1YTBjM2JhOTZkNDcwMzRiIiwidGFnIjoiIn0%3D; expires=Fri, 25 Sep 2026 18:25:43 GMT; Max-Age=7200; path=\\/; httponly; samesite=lax\"},\"response_status\":200,\"response\":{\"view\":\"C:\\\\Users\\\\91812\\\\Herd\\\\MishoraCRM\\\\resources\\\\views\\/auth\\/login.blade.php\",\"data\":[]},\"duration\":3441,\"memory\":28,\"hostname\":\"LAPTOP-RR8E4AHP\"}, 2026-09-25 21:55:43, ?, request, a2d4eab2-8e74-48f0-b320-3b49aaf2f216)) at C:/Users/91812/Herd/MishoraCRM/vendor/laravel/framework/src/Illuminate/Database/Connection.php:825)
[stacktrace]
#0 C:/Users/91812/Herd/MishoraCRM/vendor/laravel/framework/src/Illuminate/Database/Connection.php(979): Illuminate/Database/Connection->runQueryCallback('insert into `te...', Array, Object(Closure))
#1 C:/Users/91812/Herd/MishoraCRM/vendor/laravel/framework/src/Illuminate/Database/Connection.php(958): Illuminate/Database/Connection->tryAgainIfCausedByLostConnection(Object(Illuminate/Database/QueryException), 'insert into `te...', Array, Object(Closure))
#2 C:/Users/91812/Herd/MishoraCRM/vendor/laravel/framework/src/Illuminate/Database/Connection.php(781): Illuminate/Database/Connection->handleQueryException(Object(Illuminate/Database/QueryException), 'insert into `te...', Array, Object(Closure))
#3 C:/Users/91812/Herd/MishoraCRM/vendor/laravel/framework/src/Illuminate/Database/MySqlConnection.php(42): Illuminate/Database/Connection->run('insert into `te...', Array, Object(Closure))
#4 C:/Users/91812/Herd/MishoraCRM/vendor/laravel/framework/src/Illuminate/Database/Query/Builder.php(3717): Illuminate/Database/MySqlConnection->insert('insert into `te...', Array)
#5 C:/Users/91812/Herd/MishoraCRM/vendor/laravel/telescope/src/Storage/DatabaseEntriesRepository.php(145): Illuminate/Database/Query/Builder->insert(Array)
#6 C:/Users/91812/Herd/MishoraCRM/vendor/laravel/framework/src/Illuminate/Collections/Traits/EnumeratesValues.php(261): Laravel/Telescope/Storage/DatabaseEntriesRepository->Laravel/Telescope/Storage/{closure}(Object(Illuminate/Support/Collection), 0)
#7 C:/Users/91812/Herd/MishoraCRM/vendor/laravel/telescope/src/Storage/DatabaseEntriesRepository.php(144): Illuminate/Support/Collection->each(Object(Closure))
#8 C:/Users/91812/Herd/MishoraCRM/vendor/laravel/telescope/src/Telescope.php(664): Laravel/Telescope/Storage/DatabaseEntriesRepository->store(Object(Illuminate/Support/Collection))
#9 [internal function]: Laravel/Telescope/Telescope::Laravel/Telescope/{closure}()
#10 C:/Users/91812/Herd/MishoraCRM/vendor/laravel/telescope/src/Telescope.php(289): call_user_func(Object(Closure))
#11 C:/Users/91812/Herd/MishoraCRM/vendor/laravel/telescope/src/Telescope.php(656): Laravel/Telescope/Telescope::withoutRecording(Object(Closure))
#12 C:/Users/91812/Herd/MishoraCRM/vendor/laravel/telescope/src/ListensForStorageOpportunities.php(65): Laravel/Telescope/Telescope::store(Object(Laravel/Telescope/Storage/DatabaseEntriesRepository))
#13 C:/Users/91812/Herd/MishoraCRM/vendor/laravel/framework/src/Illuminate/Container/BoundMethod.php(36): Laravel/Telescope/Telescope::Laravel/Telescope/{closure}()
#14 C:/Users/91812/Herd/MishoraCRM/vendor/laravel/framework/src/Illuminate/Container/Util.php(43): Illuminate/Container/BoundMethod::Illuminate/Container/{closure}()
#15 C:/Users/91812/Herd/MishoraCRM/vendor/laravel/framework/src/Illuminate/Container/BoundMethod.php(83): Illuminate/Container/Util::unwrapIfClosure(Object(Closure))
#16 C:/Users/91812/Herd/MishoraCRM/vendor/laravel/framework/src/Illuminate/Container/BoundMethod.php(35): Illuminate/Container/BoundMethod::callBoundMethod(Object(Illuminate/Foundation/Application), Object(Closure), Object(Closure))
#17 C:/Users/91812/Herd/MishoraCRM/vendor/laravel/framework/src/Illuminate/Container/Container.php(696): Illuminate/Container/BoundMethod::call(Object(Illuminate/Foundation/Application), Object(Closure), Array, NULL)
#18 C:/Users/91812/Herd/MishoraCRM/vendor/laravel/framework/src/Illuminate/Foundation/Application.php(1452): Illuminate/Container/Container->call(Object(Closure))
#19 C:/Users/91812/Herd/MishoraCRM/vendor/laravel/framework/src/Illuminate/Foundation/Http/Kernel.php(218): Illuminate/Foundation/Application->terminate()
#20 C:/Users/91812/Herd/MishoraCRM/vendor/laravel/framework/src/Illuminate/Foundation/Application.php(1222): Illuminate/Foundation/Http/Kernel->terminate(Object(Illuminate/Http/Request), Object(Illuminate/Http/Response))
#21 C:/Users/91812/Herd/MishoraCRM/public/index.php(17): Illuminate/Foundation/Application->handleRequest(Object(Illuminate/Http/Request))
#22 C:/Users/91812/Herd/MishoraCRM/vendor/laravel/framework/src/Illuminate/Foundation/resources/server.php(23): require_once('C://Users//91812//...')
#23 {main}

[previous exception] [object] (PDOException(code: 2006): SQLSTATE[HY000] [2006] MySQL server has gone away at C:/Users/91812/Herd/MishoraCRM/vendor/laravel/framework/src/Illuminate/Database/Connectors/Connector.php:66)
[stacktrace]
#0 C:/Users/91812/Herd/MishoraCRM/vendor/laravel/framework/src/Illuminate/Database/Connectors/Connector.php(66): PDO->__construct('mysql:host=127....', 'root', Object(SensitiveParameterValue), Array)
#1 C:/Users/91812/Herd/MishoraCRM/vendor/laravel/framework/src/Illuminate/Database/Connectors/Connector.php(85): Illuminate/Database/Connectors/Connector->createPdoConnection('mysql:host=127....', 'root', Object(SensitiveParameterValue), Array)
#2 C:/Users/91812/Herd/MishoraCRM/vendor/laravel/framework/src/Illuminate/Database/Connectors/Connector.php(48): Illuminate/Database/Connectors/Connector->tryAgainIfCausedByLostConnection(Object(PDOException), 'mysql:host=127....', 'root', Object(SensitiveParameterValue), Array)
#3 C:/Users/91812/Herd/MishoraCRM/vendor/laravel/framework/src/Illuminate/Database/Connectors/MySqlConnector.php(24): Illuminate/Database/Connectors/Connector->createConnection('mysql:host=127....', Array, Array)
#4 C:/Users/91812/Herd/MishoraCRM/vendor/laravel/framework/src/Illuminate/Database/Connectors/ConnectionFactory.php(185): Illuminate/Database/Connectors/MySqlConnector->connect(Array)
#5 [internal function]: Illuminate/Database/Connectors/ConnectionFactory->Illuminate/Database/Connectors/{closure}()
#6 C:/Users/91812/Herd/MishoraCRM/vendor/laravel/framework/src/Illuminate/Database/Connection.php(1231): call_user_func(Object(Closure))
#7 C:/Users/91812/Herd/MishoraCRM/vendor/laravel/framework/src/Illuminate/Database/MySqlConnection.php(47): Illuminate/Database/Connection->getPdo()
#8 C:/Users/91812/Herd/MishoraCRM/vendor/laravel/framework/src/Illuminate/Database/Connection.php(812): Illuminate/Database/MySqlConnection->Illuminate/Database/{closure}('insert into `te...', Array)
#9 C:/Users/91812/Herd/MishoraCRM/vendor/laravel/framework/src/Illuminate/Database/Connection.php(979): Illuminate/Database/Connection->runQueryCallback('insert into `te...', Array, Object(Closure))
#10 C:/Users/91812/Herd/MishoraCRM/vendor/laravel/framework/src/Illuminate/Database/Connection.php(958): Illuminate/Database/Connection->tryAgainIfCausedByLostConnection(Object(Illuminate/Database/QueryException), 'insert into `te...', Array, Object(Closure))
#11 C:/Users/91812/Herd/MishoraCRM/vendor/laravel/framework/src/Illuminate/Database/Connection.php(781): Illuminate/Database/Connection->handleQueryException(Object(Illuminate/Database/QueryException), 'insert into `te...', Array, Object(Closure))
#12 C:/Users/91812/Herd/MishoraCRM/vendor/laravel/framework/src/Illuminate/Database/MySqlConnection.php(42): Illuminate/Database/Connection->run('insert into `te...', Array, Object(Closure))
#13 C:/Users/91812/Herd/MishoraCRM/vendor/laravel/framework/src/Illuminate/Database/Query/Builder.php(3717): Illuminate/Database/MySqlConnection->insert('insert into `te...', Array)
#14 C:/Users/91812/Herd/MishoraCRM/vendor/laravel/telescope/src/Storage/DatabaseEntriesRepository.php(145): Illuminate/Database/Query/Builder->insert(Array)
#15 C:/Users/91812/Herd/MishoraCRM/vendor/laravel/framework/src/Illuminate/Collections/Traits/EnumeratesValues.php(261): Laravel/Telescope/Storage/DatabaseEntriesRepository->Laravel/Telescope/Storage/{closure}(Object(Illuminate/Support/Collection), 0)
#16 C:/Users/91812/Herd/MishoraCRM/vendor/laravel/telescope/src/Storage/DatabaseEntriesRepository.php(144): Illuminate/Support/Collection->each(Object(Closure))
#17 C:/Users/91812/Herd/MishoraCRM/vendor/laravel/telescope/src/Telescope.php(664): Laravel/Telescope/Storage/DatabaseEntriesRepository->store(Object(Illuminate/Support/Collection))
#18 [internal function]: Laravel/Telescope/Telescope::Laravel/Telescope/{closure}()
#19 C:/Users/91812/Herd/MishoraCRM/vendor/laravel/telescope/src/Telescope.php(289): call_user_func(Object(Closure))
#20 C:/Users/91812/Herd/MishoraCRM/vendor/laravel/telescope/src/Telescope.php(656): Laravel/Telescope/Telescope::withoutRecording(Object(Closure))
#21 C:/Users/91812/Herd/MishoraCRM/vendor/laravel/telescope/src/ListensForStorageOpportunities.php(65): Laravel/Telescope/Telescope::store(Object(Laravel/Telescope/Storage/DatabaseEntriesRepository))
#22 C:/Users/91812/Herd/MishoraCRM/vendor/laravel/framework/src/Illuminate/Container/BoundMethod.php(36): Laravel/Telescope/Telescope::Laravel/Telescope/{closure}()
#23 C:/Users/91812/Herd/MishoraCRM/vendor/laravel/framework/src/Illuminate/Container/Util.php(43): Illuminate/Container/BoundMethod::Illuminate/Container/{closure}()
#24 C:/Users/91812/Herd/MishoraCRM/vendor/laravel/framework/src/Illuminate/Container/BoundMethod.php(83): Illuminate/Container/Util::unwrapIfClosure(Object(Closure))
#25 C:/Users/91812/Herd/MishoraCRM/vendor/laravel/framework/src/Illuminate/Container/BoundMethod.php(35): Illuminate/Container/BoundMethod::callBoundMethod(Object(Illuminate/Foundation/Application), Object(Closure), Object(Closure))
#26 C:/Users/91812/Herd/MishoraCRM/vendor/laravel/framework/src/Illuminate/Container/Container.php(696): Illuminate/Container/BoundMethod::call(Object(Illuminate/Foundation/Application), Object(Closure), Array, NULL)
#27 C:/Users/91812/Herd/MishoraCRM/vendor/laravel/framework/src/Illuminate/Foundation/Application.php(1452): Illuminate/Container/Container->call(Object(Closure))
#28 C:/Users/91812/Herd/MishoraCRM/vendor/laravel/framework/src/Illuminate/Foundation/Http/Kernel.php(218): Illuminate/Foundation/Application->terminate()
#29 C:/Users/91812/Herd/MishoraCRM/vendor/laravel/framework/src/Illuminate/Foundation/Application.php(1222): Illuminate/Foundation/Http/Kernel->terminate(Object(Illuminate/Http/Request), Object(Illuminate/Http/Response))
#30 C:/Users/91812/Herd/MishoraCRM/public/index.php(17): Illuminate/Foundation/Application->handleRequest(Object(Illuminate/Http/Request))
#31 C:/Users/91812/Herd/MishoraCRM/vendor/laravel/framework/src/Illuminate/Foundation/resources/server.php(23): require_once('C://Users//91812//...')
#32 {main}
"} 
[2026-09-25 21:55:54] local.ERROR: SQLSTATE[HY000] [2006] MySQL server has gone away (Connection: mysql, SQL: insert into `telescope_entries` (`batch_id`, `content`, `created_at`, `family_hash`, `type`, `uuid`) values (a2d4eac3-8e40-4fcf-bb37-30e0f29d894f, {"command":"tinker","exit_code":0,"arguments":{"command":"tinker","include":[]},"options":{"execute":"echo App\\Models\\User::select('id','email','user_type','tenant_id','theme')->limit(8)->get()->toJson();","help":false,"silent":false,"quiet":false,"verbose":false,"version":false,"ansi":null,"no-interaction":false,"env":null},"hostname":"LAPTOP-RR8E4AHP"}, 2026-09-25 21:55:54, ?, command, a2d4eac3-8809-4d34-8016-d19681fccca1)) {"exception":"[object] (Illuminate\\Database\\QueryException(code: 2006): SQLSTATE[HY000] [2006] MySQL server has gone away (Connection: mysql, SQL: insert into `telescope_entries` (`batch_id`, `content`, `created_at`, `family_hash`, `type`, `uuid`) values (a2d4eac3-8e40-4fcf-bb37-30e0f29d894f, {\"command\":\"tinker\",\"exit_code\":0,\"arguments\":{\"command\":\"tinker\",\"include\":[]},\"options\":{\"execute\":\"echo App\\\\Models\\\\User::select('id','email','user_type','tenant_id','theme')->limit(8)->get()->toJson();\",\"help\":false,\"silent\":false,\"quiet\":false,\"verbose\":false,\"version\":false,\"ansi\":null,\"no-interaction\":false,\"env\":null},\"hostname\":\"LAPTOP-RR8E4AHP\"}, 2026-09-25 21:55:54, ?, command, a2d4eac3-8809-4d34-8016-d19681fccca1)) at C:/Users/91812/Herd/MishoraCRM/vendor/laravel/framework/src/Illuminate/Database/Connection.php:825)
[stacktrace]
#0 C:/Users/91812/Herd/MishoraCRM/vendor/laravel/framework/src/Illuminate/Database/Connection.php(979): Illuminate/Database/Connection->runQueryCallback('insert into `te...', Array, Object(Closure))
#1 C:/Users/91812/Herd/MishoraCRM/vendor/laravel/framework/src/Illuminate/Database/Connection.php(958): Illuminate/Database/Connection->tryAgainIfCausedByLostConnection(Object(Illuminate/Database/QueryException), 'insert into `te...', Array, Object(Closure))
#2 C:/Users/91812/Herd/MishoraCRM/vendor/laravel/framework/src/Illuminate/Database/Connection.php(781): Illuminate/Database/Connection->handleQueryException(Object(Illuminate/Database/QueryException), 'insert into `te...', Array, Object(Closure))
#3 C:/Users/91812/Herd/MishoraCRM/vendor/laravel/framework/src/Illuminate/Database/MySqlConnection.php(42): Illuminate/Database/Connection->run('insert into `te...', Array, Object(Closure))
#4 C:/Users/91812/Herd/MishoraCRM/vendor/laravel/framework/src/Illuminate/Database/Query/Builder.php(3717): Illuminate/Database/MySqlConnection->insert('insert into `te...', Array)
#5 C:/Users/91812/Herd/MishoraCRM/vendor/laravel/telescope/src/Storage/DatabaseEntriesRepository.php(145): Illuminate/Database/Query/Builder->insert(Array)
#6 C:/Users/91812/Herd/MishoraCRM/vendor/laravel/framework/src/Illuminate/Collections/Traits/EnumeratesValues.php(261): Laravel/Telescope/Storage/DatabaseEntriesRepository->Laravel/Telescope/Storage/{closure}(Object(Illuminate/Support/Collection), 0)
#7 C:/Users/91812/Herd/MishoraCRM/vendor/laravel/telescope/src/Storage/DatabaseEntriesRepository.php(144): Illuminate/Support/Collection->each(Object(Closure))
#8 C:/Users/91812/Herd/MishoraCRM/vendor/laravel/telescope/src/Telescope.php(664): Laravel/Telescope/Storage/DatabaseEntriesRepository->store(Object(Illuminate/Support/Collection))
#9 [internal function]: Laravel/Telescope/Telescope::Laravel/Telescope/{closure}()
#10 C:/Users/91812/Herd/MishoraCRM/vendor/laravel/telescope/src/Telescope.php(289): call_user_func(Object(Closure))
#11 C:/Users/91812/Herd/MishoraCRM/vendor/laravel/telescope/src/Telescope.php(656): Laravel/Telescope/Telescope::withoutRecording(Object(Closure))
#12 C:/Users/91812/Herd/MishoraCRM/vendor/laravel/telescope/src/ListensForStorageOpportunities.php(65): Laravel/Telescope/Telescope::store(Object(Laravel/Telescope/Storage/DatabaseEntriesRepository))
#13 C:/Users/91812/Herd/MishoraCRM/vendor/laravel/framework/src/Illuminate/Container/BoundMethod.php(36): Laravel/Telescope/Telescope::Laravel/Telescope/{closure}()
#14 C:/Users/91812/Herd/MishoraCRM/vendor/laravel/framework/src/Illuminate/Container/Util.php(43): Illuminate/Container/BoundMethod::Illuminate/Container/{closure}()
#15 C:/Users/91812/Herd/MishoraCRM/vendor/laravel/framework/src/Illuminate/Container/BoundMethod.php(83): Illuminate/Container/Util::unwrapIfClosure(Object(Closure))
#16 C:/Users/91812/Herd/MishoraCRM/vendor/laravel/framework/src/Illuminate/Container/BoundMethod.php(35): Illuminate/Container/BoundMethod::callBoundMethod(Object(Illuminate/Foundation/Application), Object(Closure), Object(Closure))
#17 C:/Users/91812/Herd/MishoraCRM/vendor/laravel/framework/src/Illuminate/Container/Container.php(696): Illuminate/Container/BoundMethod::call(Object(Illuminate/Foundation/Application), Object(Closure), Array, NULL)
#18 C:/Users/91812/Herd/MishoraCRM/vendor/laravel/framework/src/Illuminate/Foundation/Application.php(1452): Illuminate/Container/Container->call(Object(Closure))
#19 C:/Users/91812/Herd/MishoraCRM/vendor/laravel/framework/src/Illuminate/Foundation/Console/Kernel.php(219): Illuminate/Foundation/Application->terminate()
#20 C:/Users/91812/Herd/MishoraCRM/vendor/laravel/framework/src/Illuminate/Foundation/Application.php(1240): Illuminate/Foundation/Console/Kernel->terminate(Object(Symfony/Component/Console/Input/ArgvInput), 0)
#21 C:/Users/91812/Herd/MishoraCRM/artisan(13): Illuminate/Foundation/Application->handleCommand(Object(Symfony/Component/Console/Input/ArgvInput))
#22 {main}

[previous exception] [object] (PDOException(code: 2006): SQLSTATE[HY000] [2006] MySQL server has gone away at C:/Users/91812/Herd/MishoraCRM/vendor/laravel/framework/src/Illuminate/Database/Connectors/Connector.php:66)
[stacktrace]
#0 C:/Users/91812/Herd/MishoraCRM/vendor/laravel/framework/src/Illuminate/Database/Connectors/Connector.php(66): PDO->__construct('mysql:host=127....', 'root', Object(SensitiveParameterValue), Array)
#1 C:/Users/91812/Herd/MishoraCRM/vendor/laravel/framework/src/Illuminate/Database/Connectors/Connector.php(85): Illuminate/Database/Connectors/Connector->createPdoConnection('mysql:host=127....', 'root', Object(SensitiveParameterValue), Array)
#2 C:/Users/91812/Herd/MishoraCRM/vendor/laravel/framework/src/Illuminate/Database/Connectors/Connector.php(48): Illuminate/Database/Connectors/Connector->tryAgainIfCausedByLostConnection(Object(PDOException), 'mysql:host=127....', 'root', Object(SensitiveParameterValue), Array)
#3 C:/Users/91812/Herd/MishoraCRM/vendor/laravel/framework/src/Illuminate/Database/Connectors/MySqlConnector.php(24): Illuminate/Database/Connectors/Connector->createConnection('mysql:host=127....', Array, Array)
#4 C:/Users/91812/Herd/MishoraCRM/vendor/laravel/framework/src/Illuminate/Database/Connectors/ConnectionFactory.php(185): Illuminate/Database/Connectors/MySqlConnector->connect(Array)
#5 [internal function]: Illuminate/Database/Connectors/ConnectionFactory->Illuminate/Database/Connectors/{closure}()
#6 C:/Users/91812/Herd/MishoraCRM/vendor/laravel/framework/src/Illuminate/Database/Connection.php(1231): call_user_func(Object(Closure))
#7 C:/Users/91812/Herd/MishoraCRM/vendor/laravel/framework/src/Illuminate/Database/MySqlConnection.php(47): Illuminate/Database/Connection->getPdo()
#8 C:/Users/91812/Herd/MishoraCRM/vendor/laravel/framework/src/Illuminate/Database/Connection.php(812): Illuminate/Database/MySqlConnection->Illuminate/Database/{closure}('insert into `te...', Array)
#9 C:/Users/91812/Herd/MishoraCRM/vendor/laravel/framework/src/Illuminate/Database/Connection.php(979): Illuminate/Database/Connection->runQueryCallback('insert into `te...', Array, Object(Closure))
#10 C:/Users/91812/Herd/MishoraCRM/vendor/laravel/framework/src/Illuminate/Database/Connection.php(958): Illuminate/Database/Connection->tryAgainIfCausedByLostConnection(Object(Illuminate/Database/QueryException), 'insert into `te...', Array, Object(Closure))
#11 C:/Users/91812/Herd/MishoraCRM/vendor/laravel/framework/src/Illuminate/Database/Connection.php(781): Illuminate/Database/Connection->handleQueryException(Object(Illuminate/Database/QueryException), 'insert into `te...', Array, Object(Closure))
#12 C:/Users/91812/Herd/MishoraCRM/vendor/laravel/framework/src/Illuminate/Database/MySqlConnection.php(42): Illuminate/Database/Connection->run('insert into `te...', Array, Object(Closure))
#13 C:/Users/91812/Herd/MishoraCRM/vendor/laravel/framework/src/Illuminate/Database/Query/Builder.php(3717): Illuminate/Database/MySqlConnection->insert('insert into `te...', Array)
#14 C:/Users/91812/Herd/MishoraCRM/vendor/laravel/telescope/src/Storage/DatabaseEntriesRepository.php(145): Illuminate/Database/Query/Builder->insert(Array)
#15 C:/Users/91812/Herd/MishoraCRM/vendor/laravel/framework/src/Illuminate/Collections/Traits/EnumeratesValues.php(261): Laravel/Telescope/Storage/DatabaseEntriesRepository->Laravel/Telescope/Storage/{closure}(Object(Illuminate/Support/Collection), 0)
#16 C:/Users/91812/Herd/MishoraCRM/vendor/laravel/telescope/src/Storage/DatabaseEntriesRepository.php(144): Illuminate/Support/Collection->each(Object(Closure))
#17 C:/Users/91812/Herd/MishoraCRM/vendor/laravel/telescope/src/Telescope.php(664): Laravel/Telescope/Storage/DatabaseEntriesRepository->store(Object(Illuminate/Support/Collection))
#18 [internal function]: Laravel/Telescope/Telescope::Laravel/Telescope/{closure}()
#19 C:/Users/91812/Herd/MishoraCRM/vendor/laravel/telescope/src/Telescope.php(289): call_user_func(Object(Closure))
#20 C:/Users/91812/Herd/MishoraCRM/vendor/laravel/telescope/src/Telescope.php(656): Laravel/Telescope/Telescope::withoutRecording(Object(Closure))
#21 C:/Users/91812/Herd/MishoraCRM/vendor/laravel/telescope/src/ListensForStorageOpportunities.php(65): Laravel/Telescope/Telescope::store(Object(Laravel/Telescope/Storage/DatabaseEntriesRepository))
#22 C:/Users/91812/Herd/MishoraCRM/vendor/laravel/framework/src/Illuminate/Container/BoundMethod.php(36): Laravel/Telescope/Telescope::Laravel/Telescope/{closure}()
#23 C:/Users/91812/Herd/MishoraCRM/vendor/laravel/framework/src/Illuminate/Container/Util.php(43): Illuminate/Container/BoundMethod::Illuminate/Container/{closure}()
#24 C:/Users/91812/Herd/MishoraCRM/vendor/laravel/framework/src/Illuminate/Container/BoundMethod.php(83): Illuminate/Container/Util::unwrapIfClosure(Object(Closure))
#25 C:/Users/91812/Herd/MishoraCRM/vendor/laravel/framework/src/Illuminate/Container/BoundMethod.php(35): Illuminate/Container/BoundMethod::callBoundMethod(Object(Illuminate/Foundation/Application), Object(Closure), Object(Closure))
#26 C:/Users/91812/Herd/MishoraCRM/vendor/laravel/framework/src/Illuminate/Container/Container.php(696): Illuminate/Container/BoundMethod::call(Object(Illuminate/Foundation/Application), Object(Closure), Array, NULL)
#27 C:/Users/91812/Herd/MishoraCRM/vendor/laravel/framework/src/Illuminate/Foundation/Application.php(1452): Illuminate/Container/Container->call(Object(Closure))
#28 C:/Users/91812/Herd/MishoraCRM/vendor/laravel/framework/src/Illuminate/Foundation/Console/Kernel.php(219): Illuminate/Foundation/Application->terminate()
#29 C:/Users/91812/Herd/MishoraCRM/vendor/laravel/framework/src/Illuminate/Foundation/Application.php(1240): Illuminate/Foundation/Console/Kernel->terminate(Object(Symfony/Component/Console/Input/ArgvInput), 0)
#30 C:/Users/91812/Herd/MishoraCRM/artisan(13): Illuminate/Foundation/Application->handleCommand(Object(Symfony/Component/Console/Input/ArgvInput))
#31 {main}
"} 
[2026-09-25 21:55:59] local.ERROR: SQLSTATE[HY000] [2006] MySQL server has gone away (Connection: mysql, SQL: insert into `telescope_entries` (`batch_id`, `content`, `created_at`, `family_hash`, `type`, `uuid`) values (a2d4eacb-5034-484f-998a-65e9c995ef3a, {"command":"tinker","exit_code":0,"arguments":{"command":"tinker","include":[]},"options":{"execute":"echo App\\Models\\User::select('id','email','user_type','tenant_id','theme')->limit(8)->get()->toJson();","help":false,"silent":false,"quiet":false,"verbose":false,"version":false,"ansi":null,"no-interaction":false,"env":null},"hostname":"LAPTOP-RR8E4AHP"}, 2026-09-25 21:55:59, ?, command, a2d4eacb-4a03-4137-8137-72b7585b0184)) {"exception":"[object] (Illuminate\\Database\\QueryException(code: 2006): SQLSTATE[HY000] [2006] MySQL server has gone away (Connection: mysql, SQL: insert into `telescope_entries` (`batch_id`, `content`, `created_at`, `family_hash`, `type`, `uuid`) values (a2d4eacb-5034-484f-998a-65e9c995ef3a, {\"command\":\"tinker\",\"exit_code\":0,\"arguments\":{\"command\":\"tinker\",\"include\":[]},\"options\":{\"execute\":\"echo App\\\\Models\\\\User::select('id','email','user_type','tenant_id','theme')->limit(8)->get()->toJson();\",\"help\":false,\"silent\":false,\"quiet\":false,\"verbose\":false,\"version\":false,\"ansi\":null,\"no-interaction\":false,\"env\":null},\"hostname\":\"LAPTOP-RR8E4AHP\"}, 2026-09-25 21:55:59, ?, command, a2d4eacb-4a03-4137-8137-72b7585b0184)) at C:/Users/91812/Herd/MishoraCRM/vendor/laravel/framework/src/Illuminate/Database/Connection.php:825)
[stacktrace]
#0 C:/Users/91812/Herd/MishoraCRM/vendor/laravel/framework/src/Illuminate/Database/Connection.php(979): Illuminate/Database/Connection->runQueryCallback('insert into `te...', Array, Object(Closure))
#1 C:/Users/91812/Herd/MishoraCRM/vendor/laravel/framework/src/Illuminate/Database/Connection.php(958): Illuminate/Database/Connection->tryAgainIfCausedByLostConnection(Object(Illuminate/Database/QueryException), 'insert into `te...', Array, Object(Closure))
#2 C:/Users/91812/Herd/MishoraCRM/vendor/laravel/framework/src/Illuminate/Database/Connection.php(781): Illuminate/Database/Connection->handleQueryException(Object(Illuminate/Database/QueryException), 'insert into `te...', Array, Object(Closure))
#3 C:/Users/91812/Herd/MishoraCRM/vendor/laravel/framework/src/Illuminate/Database/MySqlConnection.php(42): Illuminate/Database/Connection->run('insert into `te...', Array, Object(Closure))
#4 C:/Users/91812/Herd/MishoraCRM/vendor/laravel/framework/src/Illuminate/Database/Query/Builder.php(3717): Illuminate/Database/MySqlConnection->insert('insert into `te...', Array)
#5 C:/Users/91812/Herd/MishoraCRM/vendor/laravel/telescope/src/Storage/DatabaseEntriesRepository.php(145): Illuminate/Database/Query/Builder->insert(Array)
#6 C:/Users/91812/Herd/MishoraCRM/vendor/laravel/framework/src/Illuminate/Collections/Traits/EnumeratesValues.php(261): Laravel/Telescope/Storage/DatabaseEntriesRepository->Laravel/Telescope/Storage/{closure}(Object(Illuminate/Support/Collection), 0)
#7 C:/Users/91812/Herd/MishoraCRM/vendor/laravel/telescope/src/Storage/DatabaseEntriesRepository.php(144): Illuminate/Support/Collection->each(Object(Closure))
#8 C:/Users/91812/Herd/MishoraCRM/vendor/laravel/telescope/src/Telescope.php(664): Laravel/Telescope/Storage/DatabaseEntriesRepository->store(Object(Illuminate/Support/Collection))
#9 [internal function]: Laravel/Telescope/Telescope::Laravel/Telescope/{closure}()
#10 C:/Users/91812/Herd/MishoraCRM/vendor/laravel/telescope/src/Telescope.php(289): call_user_func(Object(Closure))
#11 C:/Users/91812/Herd/MishoraCRM/vendor/laravel/telescope/src/Telescope.php(656): Laravel/Telescope/Telescope::withoutRecording(Object(Closure))
#12 C:/Users/91812/Herd/MishoraCRM/vendor/laravel/telescope/src/ListensForStorageOpportunities.php(65): Laravel/Telescope/Telescope::store(Object(Laravel/Telescope/Storage/DatabaseEntriesRepository))
#13 C:/Users/91812/Herd/MishoraCRM/vendor/laravel/framework/src/Illuminate/Container/BoundMethod.php(36): Laravel/Telescope/Telescope::Laravel/Telescope/{closure}()
#14 C:/Users/91812/Herd/MishoraCRM/vendor/laravel/framework/src/Illuminate/Container/Util.php(43): Illuminate/Container/BoundMethod::Illuminate/Container/{closure}()
#15 C:/Users/91812/Herd/MishoraCRM/vendor/laravel/framework/src/Illuminate/Container/BoundMethod.php(83): Illuminate/Container/Util::unwrapIfClosure(Object(Closure))
#16 C:/Users/91812/Herd/MishoraCRM/vendor/laravel/framework/src/Illuminate/Container/BoundMethod.php(35): Illuminate/Container/BoundMethod::callBoundMethod(Object(Illuminate/Foundation/Application), Object(Closure), Object(Closure))
#17 C:/Users/91812/Herd/MishoraCRM/vendor/laravel/framework/src/Illuminate/Container/Container.php(696): Illuminate/Container/BoundMethod::call(Object(Illuminate/Foundation/Application), Object(Closure), Array, NULL)
#18 C:/Users/91812/Herd/MishoraCRM/vendor/laravel/framework/src/Illuminate/Foundation/Application.php(1452): Illuminate/Container/Container->call(Object(Closure))
#19 C:/Users/91812/Herd/MishoraCRM/vendor/laravel/framework/src/Illuminate/Foundation/Console/Kernel.php(219): Illuminate/Foundation/Application->terminate()
#20 C:/Users/91812/Herd/MishoraCRM/vendor/laravel/framework/src/Illuminate/Foundation/Application.php(1240): Illuminate/Foundation/Console/Kernel->terminate(Object(Symfony/Component/Console/Input/ArgvInput), 0)
#21 C:/Users/91812/Herd/MishoraCRM/artisan(13): Illuminate/Foundation/Application->handleCommand(Object(Symfony/Component/Console/Input/ArgvInput))
#22 {main}

[previous exception] [object] (PDOException(code: 2006): SQLSTATE[HY000] [2006] MySQL server has gone away at C:/Users/91812/Herd/MishoraCRM/vendor/laravel/framework/src/Illuminate/Database/Connectors/Connector.php:66)
[stacktrace]
#0 C:/Users/91812/Herd/MishoraCRM/vendor/laravel/framework/src/Illuminate/Database/Connectors/Connector.php(66): PDO->__construct('mysql:host=127....', 'root', Object(SensitiveParameterValue), Array)
#1 C:/Users/91812/Herd/MishoraCRM/vendor/laravel/framework/src/Illuminate/Database/Connectors/Connector.php(85): Illuminate/Database/Connectors/Connector->createPdoConnection('mysql:host=127....', 'root', Object(SensitiveParameterValue), Array)
#2 C:/Users/91812/Herd/MishoraCRM/vendor/laravel/framework/src/Illuminate/Database/Connectors/Connector.php(48): Illuminate/Database/Connectors/Connector->tryAgainIfCausedByLostConnection(Object(PDOException), 'mysql:host=127....', 'root', Object(SensitiveParameterValue), Array)
#3 C:/Users/91812/Herd/MishoraCRM/vendor/laravel/framework/src/Illuminate/Database/Connectors/MySqlConnector.php(24): Illuminate/Database/Connectors/Connector->createConnection('mysql:host=127....', Array, Array)
#4 C:/Users/91812/Herd/MishoraCRM/vendor/laravel/framework/src/Illuminate/Database/Connectors/ConnectionFactory.php(185): Illuminate/Database/Connectors/MySqlConnector->connect(Array)
#5 [internal function]: Illuminate/Database/Connectors/ConnectionFactory->Illuminate/Database/Connectors/{closure}()
#6 C:/Users/91812/Herd/MishoraCRM/vendor/laravel/framework/src/Illuminate/Database/Connection.php(1231): call_user_func(Object(Closure))
#7 C:/Users/91812/Herd/MishoraCRM/vendor/laravel/framework/src/Illuminate/Database/MySqlConnection.php(47): Illuminate/Database/Connection->getPdo()
#8 C:/Users/91812/Herd/MishoraCRM/vendor/laravel/framework/src/Illuminate/Database/Connection.php(812): Illuminate/Database/MySqlConnection->Illuminate/Database/{closure}('insert into `te...', Array)
#9 C:/Users/91812/Herd/MishoraCRM/vendor/laravel/framework/src/Illuminate/Database/Connection.php(979): Illuminate/Database/Connection->runQueryCallback('insert into `te...', Array, Object(Closure))
#10 C:/Users/91812/Herd/MishoraCRM/vendor/laravel/framework/src/Illuminate/Database/Connection.php(958): Illuminate/Database/Connection->tryAgainIfCausedByLostConnection(Object(Illuminate/Database/QueryException), 'insert into `te...', Array, Object(Closure))
#11 C:/Users/91812/Herd/MishoraCRM/vendor/laravel/framework/src/Illuminate/Database/Connection.php(781): Illuminate/Database/Connection->handleQueryException(Object(Illuminate/Database/QueryException), 'insert into `te...', Array, Object(Closure))
#12 C:/Users/91812/Herd/MishoraCRM/vendor/laravel/framework/src/Illuminate/Database/MySqlConnection.php(42): Illuminate/Database/Connection->run('insert into `te...', Array, Object(Closure))
#13 C:/Users/91812/Herd/MishoraCRM/vendor/laravel/framework/src/Illuminate/Database/Query/Builder.php(3717): Illuminate/Database/MySqlConnection->insert('insert into `te...', Array)
#14 C:/Users/91812/Herd/MishoraCRM/vendor/laravel/telescope/src/Storage/DatabaseEntriesRepository.php(145): Illuminate/Database/Query/Builder->insert(Array)
#15 C:/Users/91812/Herd/MishoraCRM/vendor/laravel/framework/src/Illuminate/Collections/Traits/EnumeratesValues.php(261): Laravel/Telescope/Storage/DatabaseEntriesRepository->Laravel/Telescope/Storage/{closure}(Object(Illuminate/Support/Collection), 0)
#16 C:/Users/91812/Herd/MishoraCRM/vendor/laravel/telescope/src/Storage/DatabaseEntriesRepository.php(144): Illuminate/Support/Collection->each(Object(Closure))
#17 C:/Users/91812/Herd/MishoraCRM/vendor/laravel/telescope/src/Telescope.php(664): Laravel/Telescope/Storage/DatabaseEntriesRepository->store(Object(Illuminate/Support/Collection))
#18 [internal function]: Laravel/Telescope/Telescope::Laravel/Telescope/{closure}()
#19 C:/Users/91812/Herd/MishoraCRM/vendor/laravel/telescope/src/Telescope.php(289): call_user_func(Object(Closure))
#20 C:/Users/91812/Herd/MishoraCRM/vendor/laravel/telescope/src/Telescope.php(656): Laravel/Telescope/Telescope::withoutRecording(Object(Closure))
#21 C:/Users/91812/Herd/MishoraCRM/vendor/laravel/telescope/src/ListensForStorageOpportunities.php(65): Laravel/Telescope/Telescope::store(Object(Laravel/Telescope/Storage/DatabaseEntriesRepository))
#22 C:/Users/91812/Herd/MishoraCRM/vendor/laravel/framework/src/Illuminate/Container/BoundMethod.php(36): Laravel/Telescope/Telescope::Laravel/Telescope/{closure}()
#23 C:/Users/91812/Herd/MishoraCRM/vendor/laravel/framework/src/Illuminate/Container/Util.php(43): Illuminate/Container/BoundMethod::Illuminate/Container/{closure}()
#24 C:/Users/91812/Herd/MishoraCRM/vendor/laravel/framework/src/Illuminate/Container/BoundMethod.php(83): Illuminate/Container/Util::unwrapIfClosure(Object(Closure))
#25 C:/Users/91812/Herd/MishoraCRM/vendor/laravel/framework/src/Illuminate/Container/BoundMethod.php(35): Illuminate/Container/BoundMethod::callBoundMethod(Object(Illuminate/Foundation/Application), Object(Closure), Object(Closure))
#26 C:/Users/91812/Herd/MishoraCRM/vendor/laravel/framework/src/Illuminate/Container/Container.php(696): Illuminate/Container/BoundMethod::call(Object(Illuminate/Foundation/Application), Object(Closure), Array, NULL)
#27 C:/Users/91812/Herd/MishoraCRM/vendor/laravel/framework/src/Illuminate/Foundation/Application.php(1452): Illuminate/Container/Container->call(Object(Closure))
#28 C:/Users/91812/Herd/MishoraCRM/vendor/laravel/framework/src/Illuminate/Foundation/Console/Kernel.php(219): Illuminate/Foundation/Application->terminate()
#29 C:/Users/91812/Herd/MishoraCRM/vendor/laravel/framework/src/Illuminate/Foundation/Application.php(1240): Illuminate/Foundation/Console/Kernel->terminate(Object(Symfony/Component/Console/Input/ArgvInput), 0)
#30 C:/Users/91812/Herd/MishoraCRM/artisan(13): Illuminate/Foundation/Application->handleCommand(Object(Symfony/Component/Console/Input/ArgvInput))
#31 {main}
"} 
[2026-09-25 22:11:31] local.ERROR: SQLSTATE[HY000] [2006] MySQL server has gone away (Connection: mysql, SQL: insert into `telescope_entries` (`batch_id`, `content`, `created_at`, `family_hash`, `type`, `uuid`) values (a2d4f059-3d03-46f9-96de-3abe23940d6a, {"name":"auth.login","path":"\\resources\\views\/auth\/login.blade.php","data":[],"hostname":"LAPTOP-RR8E4AHP"}, 2026-09-25 22:11:31, ?, view, a2d4f059-1687-40ed-865b-3c45ff6c9235), (a2d4f059-3d03-46f9-96de-3abe23940d6a, {"name":"components.brand-logo","path":"\\resources\\views\/components\/brand-logo.blade.php","data":["h"],"hostname":"LAPTOP-RR8E4AHP"}, 2026-09-25 22:11:31, ?, view, a2d4f059-2969-44d9-9e45-d6551442958c), (a2d4f059-3d03-46f9-96de-3abe23940d6a, {"ip_address":"127.0.0.1","uri":"\/login","method":"GET","controller_action":"App\\Http\\Controllers\\Web\\Auth\\LoginController@show","middleware":["web","guest"],"headers":{"host":"localhost:8000","connection":"keep-alive","sec-ch-ua":"\"Google Chrome\";v=\"153\", \"Not_A Brand\";v=\"8\", \"Chromium\";v=\"153\"","sec-ch-ua-mobile":"?0","sec-ch-ua-platform":"\"Windows\"","upgrade-insecure-requests":"1","user-agent":"Mozilla\/5.0 (Windows NT 10.0; Win64; x64) AppleWebKit\/537.36 (KHTML, like Gecko) HeadlessChrome\/153.0.0.0 Safari\/537.36","accept":"text\/html,application\/xhtml+xml,application\/xml;q=0.9,image\/avif,image\/webp,image\/apng,*\/*;q=0.8,application\/signed-exchange;v=b3;q=0.7","sec-fetch-site":"none","sec-fetch-mode":"navigate","sec-fetch-user":"?1","sec-fetch-dest":"document","accept-encoding":"gzip, deflate, br, zstd","accept-language":"en-US,en;q=0.9"},"payload":[],"session":{"_token":"pLNExLo8dvhsHr7lGNqv6CxnMNgfDqrI63KVpMXM","_previous":{"url":"http:\/\/localhost:8000\/login"},"_flash":{"old":[],"new":[]}},"response_headers":{"content-type":"text\/html; charset=utf-8","cache-control":"no-cache, private","date":"Fri, 25 Sep 2026 16:41:31 GMT","set-cookie":"XSRF-TOKEN=eyJpdiI6InE3VWF1b0hoTlRWT1VVT3VNcml2d3c9PSIsInZhbHVlIjoiclV2aWQzZWRXa1duTHJWM0Q5U3h5UzU4dXlWaDBka21zSStKaUN3MVJxdDgxMnF2c0xiNDVhVGRUcHc4ems3VUg3eG5ZTVZDbzhQUkdZdU5TR3czS01JOGhSOHJXNENGRktyaHZob0wxN0s3bm0reG1qejBIa0ZtdXZzaWtHbEwiLCJtYWMiOiI5MGQwNTJlZTI3OTc1OThjODllYzQyZGQ2Yzk5NjE3N2I4OWY1MDc5NTkxYzJjM2RhMDBjYzIwNTUyYTc2ZGUyIiwidGFnIjoiIn0%3D; expires=Fri, 25 Sep 2026 18:41:31 GMT; Max-Age=7200; path=\/; samesite=lax, mishora_crm_session=eyJpdiI6IkFDRlV5OGhJdUVPZzAxVzd1YXBZM2c9PSIsInZhbHVlIjoiWDlWVXVXYko3Z0h0MnJQOEZmaU53Z0E3WGh4d0xWd0RDV2pGZXllV0pGZXdhN1duRFRtbmk0ZzAvcjg4SFZncXJhbVd2NHFOUFZYWmtqRWhkSExIVmt3WUNDYkdvTEkvSWpCa2pDM1B4cTdGUmc2MUM5cEw2Q09vZ05aaUpvR0giLCJtYWMiOiI3YWU2MmQ4ZDA5YTI3YTMyNGFlZDI0MDdhMTkwYTgyY2RjMGRkM2U2NTc3YWY2NGY1NjRiZThhYjc3MTVhN2Q3IiwidGFnIjoiIn0%3D; expires=Fri, 25 Sep 2026 18:41:31 GMT; Max-Age=7200; path=\/; httponly; samesite=lax"},"response_status":200,"response":{"view":"C:\\Users\\91812\\Herd\\MishoraCRM\\resources\\views\/auth\/login.blade.php","data":[]},"duration":1505,"memory":28,"hostname":"LAPTOP-RR8E4AHP"}, 2026-09-25 22:11:31, ?, request, a2d4f059-33da-45d1-b5d2-76d29b206e8e)) {"exception":"[object] (Illuminate\\Database\\QueryException(code: 2006): SQLSTATE[HY000] [2006] MySQL server has gone away (Connection: mysql, SQL: insert into `telescope_entries` (`batch_id`, `content`, `created_at`, `family_hash`, `type`, `uuid`) values (a2d4f059-3d03-46f9-96de-3abe23940d6a, {\"name\":\"auth.login\",\"path\":\"\\\\resources\\\\views\\/auth\\/login.blade.php\",\"data\":[],\"hostname\":\"LAPTOP-RR8E4AHP\"}, 2026-09-25 22:11:31, ?, view, a2d4f059-1687-40ed-865b-3c45ff6c9235), (a2d4f059-3d03-46f9-96de-3abe23940d6a, {\"name\":\"components.brand-logo\",\"path\":\"\\\\resources\\\\views\\/components\\/brand-logo.blade.php\",\"data\":[\"h\"],\"hostname\":\"LAPTOP-RR8E4AHP\"}, 2026-09-25 22:11:31, ?, view, a2d4f059-2969-44d9-9e45-d6551442958c), (a2d4f059-3d03-46f9-96de-3abe23940d6a, {\"ip_address\":\"127.0.0.1\",\"uri\":\"\\/login\",\"method\":\"GET\",\"controller_action\":\"App\\\\Http\\\\Controllers\\\\Web\\\\Auth\\\\LoginController@show\",\"middleware\":[\"web\",\"guest\"],\"headers\":{\"host\":\"localhost:8000\",\"connection\":\"keep-alive\",\"sec-ch-ua\":\"\\\"Google Chrome\\\";v=\\\"153\\\", \\\"Not_A Brand\\\";v=\\\"8\\\", \\\"Chromium\\\";v=\\\"153\\\"\",\"sec-ch-ua-mobile\":\"?0\",\"sec-ch-ua-platform\":\"\\\"Windows\\\"\",\"upgrade-insecure-requests\":\"1\",\"user-agent\":\"Mozilla\\/5.0 (Windows NT 10.0; Win64; x64) AppleWebKit\\/537.36 (KHTML, like Gecko) HeadlessChrome\\/153.0.0.0 Safari\\/537.36\",\"accept\":\"text\\/html,application\\/xhtml+xml,application\\/xml;q=0.9,image\\/avif,image\\/webp,image\\/apng,*\\/*;q=0.8,application\\/signed-exchange;v=b3;q=0.7\",\"sec-fetch-site\":\"none\",\"sec-fetch-mode\":\"navigate\",\"sec-fetch-user\":\"?1\",\"sec-fetch-dest\":\"document\",\"accept-encoding\":\"gzip, deflate, br, zstd\",\"accept-language\":\"en-US,en;q=0.9\"},\"payload\":[],\"session\":{\"_token\":\"pLNExLo8dvhsHr7lGNqv6CxnMNgfDqrI63KVpMXM\",\"_previous\":{\"url\":\"http:\\/\\/localhost:8000\\/login\"},\"_flash\":{\"old\":[],\"new\":[]}},\"response_headers\":{\"content-type\":\"text\\/html; charset=utf-8\",\"cache-control\":\"no-cache, private\",\"date\":\"Fri, 25 Sep 2026 16:41:31 GMT\",\"set-cookie\":\"XSRF-TOKEN=eyJpdiI6InE3VWF1b0hoTlRWT1VVT3VNcml2d3c9PSIsInZhbHVlIjoiclV2aWQzZWRXa1duTHJWM0Q5U3h5UzU4dXlWaDBka21zSStKaUN3MVJxdDgxMnF2c0xiNDVhVGRUcHc4ems3VUg3eG5ZTVZDbzhQUkdZdU5TR3czS01JOGhSOHJXNENGRktyaHZob0wxN0s3bm0reG1qejBIa0ZtdXZzaWtHbEwiLCJtYWMiOiI5MGQwNTJlZTI3OTc1OThjODllYzQyZGQ2Yzk5NjE3N2I4OWY1MDc5NTkxYzJjM2RhMDBjYzIwNTUyYTc2ZGUyIiwidGFnIjoiIn0%3D; expires=Fri, 25 Sep 2026 18:41:31 GMT; Max-Age=7200; path=\\/; samesite=lax, mishora_crm_session=eyJpdiI6IkFDRlV5OGhJdUVPZzAxVzd1YXBZM2c9PSIsInZhbHVlIjoiWDlWVXVXYko3Z0h0MnJQOEZmaU53Z0E3WGh4d0xWd0RDV2pGZXllV0pGZXdhN1duRFRtbmk0ZzAvcjg4SFZncXJhbVd2NHFOUFZYWmtqRWhkSExIVmt3WUNDYkdvTEkvSWpCa2pDM1B4cTdGUmc2MUM5cEw2Q09vZ05aaUpvR0giLCJtYWMiOiI3YWU2MmQ4ZDA5YTI3YTMyNGFlZDI0MDdhMTkwYTgyY2RjMGRkM2U2NTc3YWY2NGY1NjRiZThhYjc3MTVhN2Q3IiwidGFnIjoiIn0%3D; expires=Fri, 25 Sep 2026 18:41:31 GMT; Max-Age=7200; path=\\/; httponly; samesite=lax\"},\"response_status\":200,\"response\":{\"view\":\"C:\\\\Users\\\\91812\\\\Herd\\\\MishoraCRM\\\\resources\\\\views\\/auth\\/login.blade.php\",\"data\":[]},\"duration\":1505,\"memory\":28,\"hostname\":\"LAPTOP-RR8E4AHP\"}, 2026-09-25 22:11:31, ?, request, a2d4f059-33da-45d1-b5d2-76d29b206e8e)) at C:/Users/91812/Herd/MishoraCRM/vendor/laravel/framework/src/Illuminate/Database/Connection.php:825)
[stacktrace]
#0 C:/Users/91812/Herd/MishoraCRM/vendor/laravel/framework/src/Illuminate/Database/Connection.php(979): Illuminate/Database/Connection->runQueryCallback('insert into `te...', Array, Object(Closure))
#1 C:/Users/91812/Herd/MishoraCRM/vendor/laravel/framework/src/Illuminate/Database/Connection.php(958): Illuminate/Database/Connection->tryAgainIfCausedByLostConnection(Object(Illuminate/Database/QueryException), 'insert into `te...', Array, Object(Closure))
#2 C:/Users/91812/Herd/MishoraCRM/vendor/laravel/framework/src/Illuminate/Database/Connection.php(781): Illuminate/Database/Connection->handleQueryException(Object(Illuminate/Database/QueryException), 'insert into `te...', Array, Object(Closure))
#3 C:/Users/91812/Herd/MishoraCRM/vendor/laravel/framework/src/Illuminate/Database/MySqlConnection.php(42): Illuminate/Database/Connection->run('insert into `te...', Array, Object(Closure))
#4 C:/Users/91812/Herd/MishoraCRM/vendor/laravel/framework/src/Illuminate/Database/Query/Builder.php(3717): Illuminate/Database/MySqlConnection->insert('insert into `te...', Array)
#5 C:/Users/91812/Herd/MishoraCRM/vendor/laravel/telescope/src/Storage/DatabaseEntriesRepository.php(145): Illuminate/Database/Query/Builder->insert(Array)
#6 C:/Users/91812/Herd/MishoraCRM/vendor/laravel/framework/src/Illuminate/Collections/Traits/EnumeratesValues.php(261): Laravel/Telescope/Storage/DatabaseEntriesRepository->Laravel/Telescope/Storage/{closure}(Object(Illuminate/Support/Collection), 0)
#7 C:/Users/91812/Herd/MishoraCRM/vendor/laravel/telescope/src/Storage/DatabaseEntriesRepository.php(144): Illuminate/Support/Collection->each(Object(Closure))
#8 C:/Users/91812/Herd/MishoraCRM/vendor/laravel/telescope/src/Telescope.php(664): Laravel/Telescope/Storage/DatabaseEntriesRepository->store(Object(Illuminate/Support/Collection))
#9 [internal function]: Laravel/Telescope/Telescope::Laravel/Telescope/{closure}()
#10 C:/Users/91812/Herd/MishoraCRM/vendor/laravel/telescope/src/Telescope.php(289): call_user_func(Object(Closure))
#11 C:/Users/91812/Herd/MishoraCRM/vendor/laravel/telescope/src/Telescope.php(656): Laravel/Telescope/Telescope::withoutRecording(Object(Closure))
#12 C:/Users/91812/Herd/MishoraCRM/vendor/laravel/telescope/src/ListensForStorageOpportunities.php(65): Laravel/Telescope/Telescope::store(Object(Laravel/Telescope/Storage/DatabaseEntriesRepository))
#13 C:/Users/91812/Herd/MishoraCRM/vendor/laravel/framework/src/Illuminate/Container/BoundMethod.php(36): Laravel/Telescope/Telescope::Laravel/Telescope/{closure}()
#14 C:/Users/91812/Herd/MishoraCRM/vendor/laravel/framework/src/Illuminate/Container/Util.php(43): Illuminate/Container/BoundMethod::Illuminate/Container/{closure}()
#15 C:/Users/91812/Herd/MishoraCRM/vendor/laravel/framework/src/Illuminate/Container/BoundMethod.php(83): Illuminate/Container/Util::unwrapIfClosure(Object(Closure))
#16 C:/Users/91812/Herd/MishoraCRM/vendor/laravel/framework/src/Illuminate/Container/BoundMethod.php(35): Illuminate/Container/BoundMethod::callBoundMethod(Object(Illuminate/Foundation/Application), Object(Closure), Object(Closure))
#17 C:/Users/91812/Herd/MishoraCRM/vendor/laravel/framework/src/Illuminate/Container/Container.php(696): Illuminate/Container/BoundMethod::call(Object(Illuminate/Foundation/Application), Object(Closure), Array, NULL)
#18 C:/Users/91812/Herd/MishoraCRM/vendor/laravel/framework/src/Illuminate/Foundation/Application.php(1452): Illuminate/Container/Container->call(Object(Closure))
#19 C:/Users/91812/Herd/MishoraCRM/vendor/laravel/framework/src/Illuminate/Foundation/Http/Kernel.php(218): Illuminate/Foundation/Application->terminate()
#20 C:/Users/91812/Herd/MishoraCRM/vendor/laravel/framework/src/Illuminate/Foundation/Application.php(1222): Illuminate/Foundation/Http/Kernel->terminate(Object(Illuminate/Http/Request), Object(Illuminate/Http/Response))
#21 C:/Users/91812/Herd/MishoraCRM/public/index.php(17): Illuminate/Foundation/Application->handleRequest(Object(Illuminate/Http/Request))
#22 C:/Users/91812/Herd/MishoraCRM/vendor/laravel/framework/src/Illuminate/Foundation/resources/server.php(23): require_once('C://Users//91812//...')
#23 {main}

[previous exception] [object] (PDOException(code: 2006): SQLSTATE[HY000] [2006] MySQL server has gone away at C:/Users/91812/Herd/MishoraCRM/vendor/laravel/framework/src/Illuminate/Database/Connectors/Connector.php:66)
[stacktrace]
#0 C:/Users/91812/Herd/MishoraCRM/vendor/laravel/framework/src/Illuminate/Database/Connectors/Connector.php(66): PDO->__construct('mysql:host=127....', 'root', Object(SensitiveParameterValue), Array)
#1 C:/Users/91812/Herd/MishoraCRM/vendor/laravel/framework/src/Illuminate/Database/Connectors/Connector.php(85): Illuminate/Database/Connectors/Connector->createPdoConnection('mysql:host=127....', 'root', Object(SensitiveParameterValue), Array)
#2 C:/Users/91812/Herd/MishoraCRM/vendor/laravel/framework/src/Illuminate/Database/Connectors/Connector.php(48): Illuminate/Database/Connectors/Connector->tryAgainIfCausedByLostConnection(Object(PDOException), 'mysql:host=127....', 'root', Object(SensitiveParameterValue), Array)
#3 C:/Users/91812/Herd/MishoraCRM/vendor/laravel/framework/src/Illuminate/Database/Connectors/MySqlConnector.php(24): Illuminate/Database/Connectors/Connector->createConnection('mysql:host=127....', Array, Array)
#4 C:/Users/91812/Herd/MishoraCRM/vendor/laravel/framework/src/Illuminate/Database/Connectors/ConnectionFactory.php(185): Illuminate/Database/Connectors/MySqlConnector->connect(Array)
#5 [internal function]: Illuminate/Database/Connectors/ConnectionFactory->Illuminate/Database/Connectors/{closure}()
#6 C:/Users/91812/Herd/MishoraCRM/vendor/laravel/framework/src/Illuminate/Database/Connection.php(1231): call_user_func(Object(Closure))
#7 C:/Users/91812/Herd/MishoraCRM/vendor/laravel/framework/src/Illuminate/Database/MySqlConnection.php(47): Illuminate/Database/Connection->getPdo()
#8 C:/Users/91812/Herd/MishoraCRM/vendor/laravel/framework/src/Illuminate/Database/Connection.php(812): Illuminate/Database/MySqlConnection->Illuminate/Database/{closure}('insert into `te...', Array)
#9 C:/Users/91812/Herd/MishoraCRM/vendor/laravel/framework/src/Illuminate/Database/Connection.php(979): Illuminate/Database/Connection->runQueryCallback('insert into `te...', Array, Object(Closure))
#10 C:/Users/91812/Herd/MishoraCRM/vendor/laravel/framework/src/Illuminate/Database/Connection.php(958): Illuminate/Database/Connection->tryAgainIfCausedByLostConnection(Object(Illuminate/Database/QueryException), 'insert into `te...', Array, Object(Closure))
#11 C:/Users/91812/Herd/MishoraCRM/vendor/laravel/framework/src/Illuminate/Database/Connection.php(781): Illuminate/Database/Connection->handleQueryException(Object(Illuminate/Database/QueryException), 'insert into `te...', Array, Object(Closure))
#12 C:/Users/91812/Herd/MishoraCRM/vendor/laravel/framework/src/Illuminate/Database/MySqlConnection.php(42): Illuminate/Database/Connection->run('insert into `te...', Array, Object(Closure))
#13 C:/Users/91812/Herd/MishoraCRM/vendor/laravel/framework/src/Illuminate/Database/Query/Builder.php(3717): Illuminate/Database/MySqlConnection->insert('insert into `te...', Array)
#14 C:/Users/91812/Herd/MishoraCRM/vendor/laravel/telescope/src/Storage/DatabaseEntriesRepository.php(145): Illuminate/Database/Query/Builder->insert(Array)
#15 C:/Users/91812/Herd/MishoraCRM/vendor/laravel/framework/src/Illuminate/Collections/Traits/EnumeratesValues.php(261): Laravel/Telescope/Storage/DatabaseEntriesRepository->Laravel/Telescope/Storage/{closure}(Object(Illuminate/Support/Collection), 0)
#16 C:/Users/91812/Herd/MishoraCRM/vendor/laravel/telescope/src/Storage/DatabaseEntriesRepository.php(144): Illuminate/Support/Collection->each(Object(Closure))
#17 C:/Users/91812/Herd/MishoraCRM/vendor/laravel/telescope/src/Telescope.php(664): Laravel/Telescope/Storage/DatabaseEntriesRepository->store(Object(Illuminate/Support/Collection))
#18 [internal function]: Laravel/Telescope/Telescope::Laravel/Telescope/{closure}()
#19 C:/Users/91812/Herd/MishoraCRM/vendor/laravel/telescope/src/Telescope.php(289): call_user_func(Object(Closure))
#20 C:/Users/91812/Herd/MishoraCRM/vendor/laravel/telescope/src/Telescope.php(656): Laravel/Telescope/Telescope::withoutRecording(Object(Closure))
#21 C:/Users/91812/Herd/MishoraCRM/vendor/laravel/telescope/src/ListensForStorageOpportunities.php(65): Laravel/Telescope/Telescope::store(Object(Laravel/Telescope/Storage/DatabaseEntriesRepository))
#22 C:/Users/91812/Herd/MishoraCRM/vendor/laravel/framework/src/Illuminate/Container/BoundMethod.php(36): Laravel/Telescope/Telescope::Laravel/Telescope/{closure}()
#23 C:/Users/91812/Herd/MishoraCRM/vendor/laravel/framework/src/Illuminate/Container/Util.php(43): Illuminate/Container/BoundMethod::Illuminate/Container/{closure}()
#24 C:/Users/91812/Herd/MishoraCRM/vendor/laravel/framework/src/Illuminate/Container/BoundMethod.php(83): Illuminate/Container/Util::unwrapIfClosure(Object(Closure))
#25 C:/Users/91812/Herd/MishoraCRM/vendor/laravel/framework/src/Illuminate/Container/BoundMethod.php(35): Illuminate/Container/BoundMethod::callBoundMethod(Object(Illuminate/Foundation/Application), Object(Closure), Object(Closure))
#26 C:/Users/91812/Herd/MishoraCRM/vendor/laravel/framework/src/Illuminate/Container/Container.php(696): Illuminate/Container/BoundMethod::call(Object(Illuminate/Foundation/Application), Object(Closure), Array, NULL)
#27 C:/Users/91812/Herd/MishoraCRM/vendor/laravel/framework/src/Illuminate/Foundation/Application.php(1452): Illuminate/Container/Container->call(Object(Closure))
#28 C:/Users/91812/Herd/MishoraCRM/vendor/laravel/framework/src/Illuminate/Foundation/Http/Kernel.php(218): Illuminate/Foundation/Application->terminate()
#29 C:/Users/91812/Herd/MishoraCRM/vendor/laravel/framework/src/Illuminate/Foundation/Application.php(1222): Illuminate/Foundation/Http/Kernel->terminate(Object(Illuminate/Http/Request), Object(Illuminate/Http/Response))
#30 C:/Users/91812/Herd/MishoraCRM/public/index.php(17): Illuminate/Foundation/Application->handleRequest(Object(Illuminate/Http/Request))
#31 C:/Users/91812/Herd/MishoraCRM/vendor/laravel/framework/src/Illuminate/Foundation/resources/server.php(23): require_once('C://Users//91812//...')
#32 {main}
"} 
[2026-09-25 22:47:35] local.ERROR: SQLSTATE[HY000] [2006] MySQL server has gone away (Connection: mysql, SQL: insert into `telescope_entries` (`batch_id`, `content`, `created_at`, `family_hash`, `type`, `uuid`) values (a2d4fd3f-11ed-4c6a-8d30-f224eb8b2e33, {"ip_address":"127.0.0.1","uri":"\/","method":"GET","controller_action":"\\Illuminate\\Routing\\RedirectController","middleware":["web"],"headers":{"host":"127.0.0.1:8000","connection":"keep-alive","upgrade-insecure-requests":"1","user-agent":"Mozilla\/5.0 (Windows NT 10.0; Win64; x64) AppleWebKit\/537.36 (KHTML, like Gecko) Code\/1.139.0 Chrome\/150.0.7871.250 Electron\/43.6.0 Safari\/537.36","accept":"text\/html,application\/xhtml+xml,application\/xml;q=0.9,image\/avif,image\/webp,image\/apng,*\/*;q=0.8,application\/signed-exchange;v=b3;q=0.7","sec-fetch-site":"none","sec-fetch-mode":"navigate","sec-fetch-user":"?1","sec-fetch-dest":"document","accept-encoding":"gzip, deflate, br, zstd","accept-language":"en-US"},"payload":[],"session":{"_token":"ZA2GAOIUZbu1oxyJZsFgMYZP9UIpgpaFcD77KGSU","_previous":{"url":"http:\/\/127.0.0.1:8000"},"_flash":{"old":[],"new":[]}},"response_headers":{"date":"Fri, 25 Sep 2026 17:17:35 GMT","location":"\/login","content-type":"text\/html; charset=utf-8","set-cookie":"XSRF-TOKEN=eyJpdiI6IlhNUUdRWUJzT082RHZQc085YUhWNnc9PSIsInZhbHVlIjoiK3RFSEV2ZHJYbzFDWUo2MmsvdDVlaEU5MHZ6eWZ5SjIvYkQyZ0laWFVwc3Nuelk5TnhRMDlLL0R1cTg2RUdlZjBqK2owaVVEYmZXbUVtVTlnRG1aamhLK1h2b1M3eTFJKzJwMEY1dGhIRFg0K29JbkYvZFBTcVVHblRsQkRNeGIiLCJtYWMiOiI3MDNjODc3MzkxYmNhZjBjZmI0YTA4MDU2MDY4ODM4NjZhMDY2MWZkMjJmNWVmNzE2NmZkMDQ0NTk2ZGVkNjkwIiwidGFnIjoiIn0%3D; expires=Fri, 25 Sep 2026 19:17:35 GMT; Max-Age=7200; path=\/; samesite=lax, mishora_crm_session=eyJpdiI6InJTY2k3aTV2VExURFdFejVyWW9RbHc9PSIsInZhbHVlIjoidEFBUHM3VnM1bGlBT0xiZUdpV0dyS2NLQWlBYjJFN1djbERHVjRjd0JubTZGendhM2lJZCs5SURtV0pUemh0SHRmRWx5ck1aUlpxak5scU5XK3BBbi9Gd3Q2RC9kWHZpN0FFRjhVaWQwa0dzOVdtNXZKbkRxMFdKaVRFSDdSM2oiLCJtYWMiOiJmNzkwMjhmODA0NGIxMDIxZTRiNzRmYTdjNTIzZjA4ZmVlYzcyZjU5ZmJkMjk5MjMxYWMxNDE4YzJjZmIyNWM2IiwidGFnIjoiIn0%3D; expires=Fri, 25 Sep 2026 19:17:35 GMT; Max-Age=7200; path=\/; httponly; samesite=lax"},"response_status":301,"response":"Redirected to \/login","duration":1262,"memory":26,"hostname":"LAPTOP-RR8E4AHP"}, 2026-09-25 22:47:35, ?, request, a2d4fd3f-0430-4f28-91ac-2e748af902f9)) {"exception":"[object] (Illuminate\\Database\\QueryException(code: 2006): SQLSTATE[HY000] [2006] MySQL server has gone away (Connection: mysql, SQL: insert into `telescope_entries` (`batch_id`, `content`, `created_at`, `family_hash`, `type`, `uuid`) values (a2d4fd3f-11ed-4c6a-8d30-f224eb8b2e33, {\"ip_address\":\"127.0.0.1\",\"uri\":\"\\/\",\"method\":\"GET\",\"controller_action\":\"\\\\Illuminate\\\\Routing\\\\RedirectController\",\"middleware\":[\"web\"],\"headers\":{\"host\":\"127.0.0.1:8000\",\"connection\":\"keep-alive\",\"upgrade-insecure-requests\":\"1\",\"user-agent\":\"Mozilla\\/5.0 (Windows NT 10.0; Win64; x64) AppleWebKit\\/537.36 (KHTML, like Gecko) Code\\/1.139.0 Chrome\\/150.0.7871.250 Electron\\/43.6.0 Safari\\/537.36\",\"accept\":\"text\\/html,application\\/xhtml+xml,application\\/xml;q=0.9,image\\/avif,image\\/webp,image\\/apng,*\\/*;q=0.8,application\\/signed-exchange;v=b3;q=0.7\",\"sec-fetch-site\":\"none\",\"sec-fetch-mode\":\"navigate\",\"sec-fetch-user\":\"?1\",\"sec-fetch-dest\":\"document\",\"accept-encoding\":\"gzip, deflate, br, zstd\",\"accept-language\":\"en-US\"},\"payload\":[],\"session\":{\"_token\":\"ZA2GAOIUZbu1oxyJZsFgMYZP9UIpgpaFcD77KGSU\",\"_previous\":{\"url\":\"http:\\/\\/127.0.0.1:8000\"},\"_flash\":{\"old\":[],\"new\":[]}},\"response_headers\":{\"date\":\"Fri, 25 Sep 2026 17:17:35 GMT\",\"location\":\"\\/login\",\"content-type\":\"text\\/html; charset=utf-8\",\"set-cookie\":\"XSRF-TOKEN=eyJpdiI6IlhNUUdRWUJzT082RHZQc085YUhWNnc9PSIsInZhbHVlIjoiK3RFSEV2ZHJYbzFDWUo2MmsvdDVlaEU5MHZ6eWZ5SjIvYkQyZ0laWFVwc3Nuelk5TnhRMDlLL0R1cTg2RUdlZjBqK2owaVVEYmZXbUVtVTlnRG1aamhLK1h2b1M3eTFJKzJwMEY1dGhIRFg0K29JbkYvZFBTcVVHblRsQkRNeGIiLCJtYWMiOiI3MDNjODc3MzkxYmNhZjBjZmI0YTA4MDU2MDY4ODM4NjZhMDY2MWZkMjJmNWVmNzE2NmZkMDQ0NTk2ZGVkNjkwIiwidGFnIjoiIn0%3D; expires=Fri, 25 Sep 2026 19:17:35 GMT; Max-Age=7200; path=\\/; samesite=lax, mishora_crm_session=eyJpdiI6InJTY2k3aTV2VExURFdFejVyWW9RbHc9PSIsInZhbHVlIjoidEFBUHM3VnM1bGlBT0xiZUdpV0dyS2NLQWlBYjJFN1djbERHVjRjd0JubTZGendhM2lJZCs5SURtV0pUemh0SHRmRWx5ck1aUlpxak5scU5XK3BBbi9Gd3Q2RC9kWHZpN0FFRjhVaWQwa0dzOVdtNXZKbkRxMFdKaVRFSDdSM2oiLCJtYWMiOiJmNzkwMjhmODA0NGIxMDIxZTRiNzRmYTdjNTIzZjA4ZmVlYzcyZjU5ZmJkMjk5MjMxYWMxNDE4YzJjZmIyNWM2IiwidGFnIjoiIn0%3D; expires=Fri, 25 Sep 2026 19:17:35 GMT; Max-Age=7200; path=\\/; httponly; samesite=lax\"},\"response_status\":301,\"response\":\"Redirected to \\/login\",\"duration\":1262,\"memory\":26,\"hostname\":\"LAPTOP-RR8E4AHP\"}, 2026-09-25 22:47:35, ?, request, a2d4fd3f-0430-4f28-91ac-2e748af902f9)) at C:/Users/91812/Herd/MishoraCRM/vendor/laravel/framework/src/Illuminate/Database/Connection.php:825)
[stacktrace]
#0 C:/Users/91812/Herd/MishoraCRM/vendor/laravel/framework/src/Illuminate/Database/Connection.php(979): Illuminate/Database/Connection->runQueryCallback('insert into `te...', Array, Object(Closure))
#1 C:/Users/91812/Herd/MishoraCRM/vendor/laravel/framework/src/Illuminate/Database/Connection.php(958): Illuminate/Database/Connection->tryAgainIfCausedByLostConnection(Object(Illuminate/Database/QueryException), 'insert into `te...', Array, Object(Closure))
#2 C:/Users/91812/Herd/MishoraCRM/vendor/laravel/framework/src/Illuminate/Database/Connection.php(781): Illuminate/Database/Connection->handleQueryException(Object(Illuminate/Database/QueryException), 'insert into `te...', Array, Object(Closure))
#3 C:/Users/91812/Herd/MishoraCRM/vendor/laravel/framework/src/Illuminate/Database/MySqlConnection.php(42): Illuminate/Database/Connection->run('insert into `te...', Array, Object(Closure))
#4 C:/Users/91812/Herd/MishoraCRM/vendor/laravel/framework/src/Illuminate/Database/Query/Builder.php(3717): Illuminate/Database/MySqlConnection->insert('insert into `te...', Array)
#5 C:/Users/91812/Herd/MishoraCRM/vendor/laravel/telescope/src/Storage/DatabaseEntriesRepository.php(145): Illuminate/Database/Query/Builder->insert(Array)
#6 C:/Users/91812/Herd/MishoraCRM/vendor/laravel/framework/src/Illuminate/Collections/Traits/EnumeratesValues.php(261): Laravel/Telescope/Storage/DatabaseEntriesRepository->Laravel/Telescope/Storage/{closure}(Object(Illuminate/Support/Collection), 0)
#7 C:/Users/91812/Herd/MishoraCRM/vendor/laravel/telescope/src/Storage/DatabaseEntriesRepository.php(144): Illuminate/Support/Collection->each(Object(Closure))
#8 C:/Users/91812/Herd/MishoraCRM/vendor/laravel/telescope/src/Telescope.php(664): Laravel/Telescope/Storage/DatabaseEntriesRepository->store(Object(Illuminate/Support/Collection))
#9 [internal function]: Laravel/Telescope/Telescope::Laravel/Telescope/{closure}()
#10 C:/Users/91812/Herd/MishoraCRM/vendor/laravel/telescope/src/Telescope.php(289): call_user_func(Object(Closure))
#11 C:/Users/91812/Herd/MishoraCRM/vendor/laravel/telescope/src/Telescope.php(656): Laravel/Telescope/Telescope::withoutRecording(Object(Closure))
#12 C:/Users/91812/Herd/MishoraCRM/vendor/laravel/telescope/src/ListensForStorageOpportunities.php(65): Laravel/Telescope/Telescope::store(Object(Laravel/Telescope/Storage/DatabaseEntriesRepository))
#13 C:/Users/91812/Herd/MishoraCRM/vendor/laravel/framework/src/Illuminate/Container/BoundMethod.php(36): Laravel/Telescope/Telescope::Laravel/Telescope/{closure}()
#14 C:/Users/91812/Herd/MishoraCRM/vendor/laravel/framework/src/Illuminate/Container/Util.php(43): Illuminate/Container/BoundMethod::Illuminate/Container/{closure}()
#15 C:/Users/91812/Herd/MishoraCRM/vendor/laravel/framework/src/Illuminate/Container/BoundMethod.php(83): Illuminate/Container/Util::unwrapIfClosure(Object(Closure))
#16 C:/Users/91812/Herd/MishoraCRM/vendor/laravel/framework/src/Illuminate/Container/BoundMethod.php(35): Illuminate/Container/BoundMethod::callBoundMethod(Object(Illuminate/Foundation/Application), Object(Closure), Object(Closure))
#17 C:/Users/91812/Herd/MishoraCRM/vendor/laravel/framework/src/Illuminate/Container/Container.php(696): Illuminate/Container/BoundMethod::call(Object(Illuminate/Foundation/Application), Object(Closure), Array, NULL)
#18 C:/Users/91812/Herd/MishoraCRM/vendor/laravel/framework/src/Illuminate/Foundation/Application.php(1452): Illuminate/Container/Container->call(Object(Closure))
#19 C:/Users/91812/Herd/MishoraCRM/vendor/laravel/framework/src/Illuminate/Foundation/Http/Kernel.php(218): Illuminate/Foundation/Application->terminate()
#20 C:/Users/91812/Herd/MishoraCRM/vendor/laravel/framework/src/Illuminate/Foundation/Application.php(1222): Illuminate/Foundation/Http/Kernel->terminate(Object(Illuminate/Http/Request), Object(Illuminate/Http/RedirectResponse))
#21 C:/Users/91812/Herd/MishoraCRM/public/index.php(17): Illuminate/Foundation/Application->handleRequest(Object(Illuminate/Http/Request))
#22 C:/Users/91812/Herd/MishoraCRM/vendor/laravel/framework/src/Illuminate/Foundation/resources/server.php(23): require_once('C://Users//91812//...')
#23 {main}

[previous exception] [object] (PDOException(code: 2006): SQLSTATE[HY000] [2006] MySQL server has gone away at C:/Users/91812/Herd/MishoraCRM/vendor/laravel/framework/src/Illuminate/Database/Connectors/Connector.php:66)
[stacktrace]
#0 C:/Users/91812/Herd/MishoraCRM/vendor/laravel/framework/src/Illuminate/Database/Connectors/Connector.php(66): PDO->__construct('mysql:host=127....', 'root', Object(SensitiveParameterValue), Array)
#1 C:/Users/91812/Herd/MishoraCRM/vendor/laravel/framework/src/Illuminate/Database/Connectors/Connector.php(85): Illuminate/Database/Connectors/Connector->createPdoConnection('mysql:host=127....', 'root', Object(SensitiveParameterValue), Array)
#2 C:/Users/91812/Herd/MishoraCRM/vendor/laravel/framework/src/Illuminate/Database/Connectors/Connector.php(48): Illuminate/Database/Connectors/Connector->tryAgainIfCausedByLostConnection(Object(PDOException), 'mysql:host=127....', 'root', Object(SensitiveParameterValue), Array)
#3 C:/Users/91812/Herd/MishoraCRM/vendor/laravel/framework/src/Illuminate/Database/Connectors/MySqlConnector.php(24): Illuminate/Database/Connectors/Connector->createConnection('mysql:host=127....', Array, Array)
#4 C:/Users/91812/Herd/MishoraCRM/vendor/laravel/framework/src/Illuminate/Database/Connectors/ConnectionFactory.php(185): Illuminate/Database/Connectors/MySqlConnector->connect(Array)
#5 [internal function]: Illuminate/Database/Connectors/ConnectionFactory->Illuminate/Database/Connectors/{closure}()
#6 C:/Users/91812/Herd/MishoraCRM/vendor/laravel/framework/src/Illuminate/Database/Connection.php(1231): call_user_func(Object(Closure))
#7 C:/Users/91812/Herd/MishoraCRM/vendor/laravel/framework/src/Illuminate/Database/MySqlConnection.php(47): Illuminate/Database/Connection->getPdo()
#8 C:/Users/91812/Herd/MishoraCRM/vendor/laravel/framework/src/Illuminate/Database/Connection.php(812): Illuminate/Database/MySqlConnection->Illuminate/Database/{closure}('insert into `te...', Array)
#9 C:/Users/91812/Herd/MishoraCRM/vendor/laravel/framework/src/Illuminate/Database/Connection.php(979): Illuminate/Database/Connection->runQueryCallback('insert into `te...', Array, Object(Closure))
#10 C:/Users/91812/Herd/MishoraCRM/vendor/laravel/framework/src/Illuminate/Database/Connection.php(958): Illuminate/Database/Connection->tryAgainIfCausedByLostConnection(Object(Illuminate/Database/QueryException), 'insert into `te...', Array, Object(Closure))
#11 C:/Users/91812/Herd/MishoraCRM/vendor/laravel/framework/src/Illuminate/Database/Connection.php(781): Illuminate/Database/Connection->handleQueryException(Object(Illuminate/Database/QueryException), 'insert into `te...', Array, Object(Closure))
#12 C:/Users/91812/Herd/MishoraCRM/vendor/laravel/framework/src/Illuminate/Database/MySqlConnection.php(42): Illuminate/Database/Connection->run('insert into `te...', Array, Object(Closure))
#13 C:/Users/91812/Herd/MishoraCRM/vendor/laravel/framework/src/Illuminate/Database/Query/Builder.php(3717): Illuminate/Database/MySqlConnection->insert('insert into `te...', Array)
#14 C:/Users/91812/Herd/MishoraCRM/vendor/laravel/telescope/src/Storage/DatabaseEntriesRepository.php(145): Illuminate/Database/Query/Builder->insert(Array)
#15 C:/Users/91812/Herd/MishoraCRM/vendor/laravel/framework/src/Illuminate/Collections/Traits/EnumeratesValues.php(261): Laravel/Telescope/Storage/DatabaseEntriesRepository->Laravel/Telescope/Storage/{closure}(Object(Illuminate/Support/Collection), 0)
#16 C:/Users/91812/Herd/MishoraCRM/vendor/laravel/telescope/src/Storage/DatabaseEntriesRepository.php(144): Illuminate/Support/Collection->each(Object(Closure))
#17 C:/Users/91812/Herd/MishoraCRM/vendor/laravel/telescope/src/Telescope.php(664): Laravel/Telescope/Storage/DatabaseEntriesRepository->store(Object(Illuminate/Support/Collection))
#18 [internal function]: Laravel/Telescope/Telescope::Laravel/Telescope/{closure}()
#19 C:/Users/91812/Herd/MishoraCRM/vendor/laravel/telescope/src/Telescope.php(289): call_user_func(Object(Closure))
#20 C:/Users/91812/Herd/MishoraCRM/vendor/laravel/telescope/src/Telescope.php(656): Laravel/Telescope/Telescope::withoutRecording(Object(Closure))
#21 C:/Users/91812/Herd/MishoraCRM/vendor/laravel/telescope/src/ListensForStorageOpportunities.php(65): Laravel/Telescope/Telescope::store(Object(Laravel/Telescope/Storage/DatabaseEntriesRepository))
#22 C:/Users/91812/Herd/MishoraCRM/vendor/laravel/framework/src/Illuminate/Container/BoundMethod.php(36): Laravel/Telescope/Telescope::Laravel/Telescope/{closure}()
#23 C:/Users/91812/Herd/MishoraCRM/vendor/laravel/framework/src/Illuminate/Container/Util.php(43): Illuminate/Container/BoundMethod::Illuminate/Container/{closure}()
#24 C:/Users/91812/Herd/MishoraCRM/vendor/laravel/framework/src/Illuminate/Container/BoundMethod.php(83): Illuminate/Container/Util::unwrapIfClosure(Object(Closure))
#25 C:/Users/91812/Herd/MishoraCRM/vendor/laravel/framework/src/Illuminate/Container/BoundMethod.php(35): Illuminate/Container/BoundMethod::callBoundMethod(Object(Illuminate/Foundation/Application), Object(Closure), Object(Closure))
#26 C:/Users/91812/Herd/MishoraCRM/vendor/laravel/framework/src/Illuminate/Container/Container.php(696): Illuminate/Container/BoundMethod::call(Object(Illuminate/Foundation/Application), Object(Closure), Array, NULL)
#27 C:/Users/91812/Herd/MishoraCRM/vendor/laravel/framework/src/Illuminate/Foundation/Application.php(1452): Illuminate/Container/Container->call(Object(Closure))
#28 C:/Users/91812/Herd/MishoraCRM/vendor/laravel/framework/src/Illuminate/Foundation/Http/Kernel.php(218): Illuminate/Foundation/Application->terminate()
#29 C:/Users/91812/Herd/MishoraCRM/vendor/laravel/framework/src/Illuminate/Foundation/Application.php(1222): Illuminate/Foundation/Http/Kernel->terminate(Object(Illuminate/Http/Request), Object(Illuminate/Http/RedirectResponse))
#30 C:/Users/91812/Herd/MishoraCRM/public/index.php(17): Illuminate/Foundation/Application->handleRequest(Object(Illuminate/Http/Request))
#31 C:/Users/91812/Herd/MishoraCRM/vendor/laravel/framework/src/Illuminate/Foundation/resources/server.php(23): require_once('C://Users//91812//...')
#32 {main}
"} 
[2026-09-25 22:47:35] local.ERROR: SQLSTATE[HY000] [2006] MySQL server has gone away (Connection: mysql, SQL: insert into `telescope_entries` (`batch_id`, `content`, `created_at`, `family_hash`, `type`, `uuid`) values (a2d4fd3f-f297-45d0-9ec1-2b981167cc49, {"name":"auth.login","path":"\\resources\\views\/auth\/login.blade.php","data":[],"hostname":"LAPTOP-RR8E4AHP"}, 2026-09-25 22:47:35, ?, view, a2d4fd3f-e801-49a5-8557-a72a23fb0a77), (a2d4fd3f-f297-45d0-9ec1-2b981167cc49, {"name":"components.brand-logo","path":"\\resources\\views\/components\/brand-logo.blade.php","data":["h"],"hostname":"LAPTOP-RR8E4AHP"}, 2026-09-25 22:47:35, ?, view, a2d4fd3f-edec-49bd-aacd-cf8ad1ce4e10), (a2d4fd3f-f297-45d0-9ec1-2b981167cc49, {"ip_address":"127.0.0.1","uri":"\/login","method":"GET","controller_action":"App\\Http\\Controllers\\Web\\Auth\\LoginController@show","middleware":["web","guest"],"headers":{"host":"127.0.0.1:8000","connection":"keep-alive","upgrade-insecure-requests":"1","user-agent":"Mozilla\/5.0 (Windows NT 10.0; Win64; x64) AppleWebKit\/537.36 (KHTML, like Gecko) Code\/1.139.0 Chrome\/150.0.7871.250 Electron\/43.6.0 Safari\/537.36","accept":"text\/html,application\/xhtml+xml,application\/xml;q=0.9,image\/avif,image\/webp,image\/apng,*\/*;q=0.8,application\/signed-exchange;v=b3;q=0.7","sec-fetch-site":"none","sec-fetch-mode":"navigate","sec-fetch-user":"?1","sec-fetch-dest":"document","accept-encoding":"gzip, deflate, br, zstd","accept-language":"en-US","cookie":"XSRF-TOKEN=eyJpdiI6IlhNUUdRWUJzT082RHZQc085YUhWNnc9PSIsInZhbHVlIjoiK3RFSEV2ZHJYbzFDWUo2MmsvdDVlaEU5MHZ6eWZ5SjIvYkQyZ0laWFVwc3Nuelk5TnhRMDlLL0R1cTg2RUdlZjBqK2owaVVEYmZXbUVtVTlnRG1aamhLK1h2b1M3eTFJKzJwMEY1dGhIRFg0K29JbkYvZFBTcVVHblRsQkRNeGIiLCJtYWMiOiI3MDNjODc3MzkxYmNhZjBjZmI0YTA4MDU2MDY4ODM4NjZhMDY2MWZkMjJmNWVmNzE2NmZkMDQ0NTk2ZGVkNjkwIiwidGFnIjoiIn0%3D; mishora_crm_session=eyJpdiI6InJTY2k3aTV2VExURFdFejVyWW9RbHc9PSIsInZhbHVlIjoidEFBUHM3VnM1bGlBT0xiZUdpV0dyS2NLQWlBYjJFN1djbERHVjRjd0JubTZGendhM2lJZCs5SURtV0pUemh0SHRmRWx5ck1aUlpxak5scU5XK3BBbi9Gd3Q2RC9kWHZpN0FFRjhVaWQwa0dzOVdtNXZKbkRxMFdKaVRFSDdSM2oiLCJtYWMiOiJmNzkwMjhmODA0NGIxMDIxZTRiNzRmYTdjNTIzZjA4ZmVlYzcyZjU5ZmJkMjk5MjMxYWMxNDE4YzJjZmIyNWM2IiwidGFnIjoiIn0%3D"},"payload":[],"session":{"_token":"ZA2GAOIUZbu1oxyJZsFgMYZP9UIpgpaFcD77KGSU","_previous":{"url":"http:\/\/127.0.0.1:8000\/login"},"_flash":{"old":[],"new":[]}},"response_headers":{"content-type":"text\/html; charset=utf-8","cache-control":"no-cache, private","date":"Fri, 25 Sep 2026 17:17:35 GMT","set-cookie":"XSRF-TOKEN=eyJpdiI6InVrcVYzcVpOV05QdzZBbUdnbzRCRVE9PSIsInZhbHVlIjoidUE1aGJXSnk2ai9BcEhVN3lsMHBSZ2c4ZFRBa0U4R1ZvQmxRK1lBSjcxdklucWxtZ21CdDdackZ1MDVnZEk3QWwrR05lTUVyOFFXOEpzQnJJcDZreWgxMlNjL1M5cGE3Yy83RDh4M0xZMzBQSFh6M21TK3Q3UmFXQVhZeEMvS1UiLCJtYWMiOiJjZTIzYmJjYWM1NmQ5NjI4YTA4M2UwMTU3MDRjZDRiMDE3ZDk2NjYxNTIxNjRjMjhkYmQ0MTA3MTVlNTUwYjRhIiwidGFnIjoiIn0%3D; expires=Fri, 25 Sep 2026 19:17:35 GMT; Max-Age=7200; path=\/; samesite=lax, mishora_crm_session=eyJpdiI6InJaTzVEakdOSktHSmZuVzZvanljTWc9PSIsInZhbHVlIjoiUzByRDh4cS8vYXdHVkhHL3dkYi9LVytGSFM3OHR6VHhuSHo4dkcrVzYvb0p0dndKK3BCVks1Ui9qRUEzb253SzdUcFVsZjkvMngxcGVuQjJ2dnlNNmtvT2dRSUY5eUM2YUJyV1M1eXp2cUhpTTBDTHVoWVJqN3NIbHJBM20yVlkiLCJtYWMiOiJkODUyNzRlYjVmZWNlMzI5N2M5Mzc5NmIwNmUzNjhhYTY0NjZjYjI1MTExOGY1YzVlOTZhMzI3MzQ2NDQ5OWFjIiwidGFnIjoiIn0%3D; expires=Fri, 25 Sep 2026 19:17:35 GMT; Max-Age=7200; path=\/; httponly; samesite=lax"},"response_status":200,"response":{"view":"C:\\Users\\91812\\Herd\\MishoraCRM\\resources\\views\/auth\/login.blade.php","data":[]},"duration":469,"memory":28,"hostname":"LAPTOP-RR8E4AHP"}, 2026-09-25 22:47:35, ?, request, a2d4fd3f-f0bf-45f3-8c13-02ff30f1272c)) {"exception":"[object] (Illuminate\\Database\\QueryException(code: 2006): SQLSTATE[HY000] [2006] MySQL server has gone away (Connection: mysql, SQL: insert into `telescope_entries` (`batch_id`, `content`, `created_at`, `family_hash`, `type`, `uuid`) values (a2d4fd3f-f297-45d0-9ec1-2b981167cc49, {\"name\":\"auth.login\",\"path\":\"\\\\resources\\\\views\\/auth\\/login.blade.php\",\"data\":[],\"hostname\":\"LAPTOP-RR8E4AHP\"}, 2026-09-25 22:47:35, ?, view, a2d4fd3f-e801-49a5-8557-a72a23fb0a77), (a2d4fd3f-f297-45d0-9ec1-2b981167cc49, {\"name\":\"components.brand-logo\",\"path\":\"\\\\resources\\\\views\\/components\\/brand-logo.blade.php\",\"data\":[\"h\"],\"hostname\":\"LAPTOP-RR8E4AHP\"}, 2026-09-25 22:47:35, ?, view, a2d4fd3f-edec-49bd-aacd-cf8ad1ce4e10), (a2d4fd3f-f297-45d0-9ec1-2b981167cc49, {\"ip_address\":\"127.0.0.1\",\"uri\":\"\\/login\",\"method\":\"GET\",\"controller_action\":\"App\\\\Http\\\\Controllers\\\\Web\\\\Auth\\\\LoginController@show\",\"middleware\":[\"web\",\"guest\"],\"headers\":{\"host\":\"127.0.0.1:8000\",\"connection\":\"keep-alive\",\"upgrade-insecure-requests\":\"1\",\"user-agent\":\"Mozilla\\/5.0 (Windows NT 10.0; Win64; x64) AppleWebKit\\/537.36 (KHTML, like Gecko) Code\\/1.139.0 Chrome\\/150.0.7871.250 Electron\\/43.6.0 Safari\\/537.36\",\"accept\":\"text\\/html,application\\/xhtml+xml,application\\/xml;q=0.9,image\\/avif,image\\/webp,image\\/apng,*\\/*;q=0.8,application\\/signed-exchange;v=b3;q=0.7\",\"sec-fetch-site\":\"none\",\"sec-fetch-mode\":\"navigate\",\"sec-fetch-user\":\"?1\",\"sec-fetch-dest\":\"document\",\"accept-encoding\":\"gzip, deflate, br, zstd\",\"accept-language\":\"en-US\",\"cookie\":\"XSRF-TOKEN=eyJpdiI6IlhNUUdRWUJzT082RHZQc085YUhWNnc9PSIsInZhbHVlIjoiK3RFSEV2ZHJYbzFDWUo2MmsvdDVlaEU5MHZ6eWZ5SjIvYkQyZ0laWFVwc3Nuelk5TnhRMDlLL0R1cTg2RUdlZjBqK2owaVVEYmZXbUVtVTlnRG1aamhLK1h2b1M3eTFJKzJwMEY1dGhIRFg0K29JbkYvZFBTcVVHblRsQkRNeGIiLCJtYWMiOiI3MDNjODc3MzkxYmNhZjBjZmI0YTA4MDU2MDY4ODM4NjZhMDY2MWZkMjJmNWVmNzE2NmZkMDQ0NTk2ZGVkNjkwIiwidGFnIjoiIn0%3D; mishora_crm_session=eyJpdiI6InJTY2k3aTV2VExURFdFejVyWW9RbHc9PSIsInZhbHVlIjoidEFBUHM3VnM1bGlBT0xiZUdpV0dyS2NLQWlBYjJFN1djbERHVjRjd0JubTZGendhM2lJZCs5SURtV0pUemh0SHRmRWx5ck1aUlpxak5scU5XK3BBbi9Gd3Q2RC9kWHZpN0FFRjhVaWQwa0dzOVdtNXZKbkRxMFdKaVRFSDdSM2oiLCJtYWMiOiJmNzkwMjhmODA0NGIxMDIxZTRiNzRmYTdjNTIzZjA4ZmVlYzcyZjU5ZmJkMjk5MjMxYWMxNDE4YzJjZmIyNWM2IiwidGFnIjoiIn0%3D\"},\"payload\":[],\"session\":{\"_token\":\"ZA2GAOIUZbu1oxyJZsFgMYZP9UIpgpaFcD77KGSU\",\"_previous\":{\"url\":\"http:\\/\\/127.0.0.1:8000\\/login\"},\"_flash\":{\"old\":[],\"new\":[]}},\"response_headers\":{\"content-type\":\"text\\/html; charset=utf-8\",\"cache-control\":\"no-cache, private\",\"date\":\"Fri, 25 Sep 2026 17:17:35 GMT\",\"set-cookie\":\"XSRF-TOKEN=eyJpdiI6InVrcVYzcVpOV05QdzZBbUdnbzRCRVE9PSIsInZhbHVlIjoidUE1aGJXSnk2ai9BcEhVN3lsMHBSZ2c4ZFRBa0U4R1ZvQmxRK1lBSjcxdklucWxtZ21CdDdackZ1MDVnZEk3QWwrR05lTUVyOFFXOEpzQnJJcDZreWgxMlNjL1M5cGE3Yy83RDh4M0xZMzBQSFh6M21TK3Q3UmFXQVhZeEMvS1UiLCJtYWMiOiJjZTIzYmJjYWM1NmQ5NjI4YTA4M2UwMTU3MDRjZDRiMDE3ZDk2NjYxNTIxNjRjMjhkYmQ0MTA3MTVlNTUwYjRhIiwidGFnIjoiIn0%3D; expires=Fri, 25 Sep 2026 19:17:35 GMT; Max-Age=7200; path=\\/; samesite=lax, mishora_crm_session=eyJpdiI6InJaTzVEakdOSktHSmZuVzZvanljTWc9PSIsInZhbHVlIjoiUzByRDh4cS8vYXdHVkhHL3dkYi9LVytGSFM3OHR6VHhuSHo4dkcrVzYvb0p0dndKK3BCVks1Ui9qRUEzb253SzdUcFVsZjkvMngxcGVuQjJ2dnlNNmtvT2dRSUY5eUM2YUJyV1M1eXp2cUhpTTBDTHVoWVJqN3NIbHJBM20yVlkiLCJtYWMiOiJkODUyNzRlYjVmZWNlMzI5N2M5Mzc5NmIwNmUzNjhhYTY0NjZjYjI1MTExOGY1YzVlOTZhMzI3MzQ2NDQ5OWFjIiwidGFnIjoiIn0%3D; expires=Fri, 25 Sep 2026 19:17:35 GMT; Max-Age=7200; path=\\/; httponly; samesite=lax\"},\"response_status\":200,\"response\":{\"view\":\"C:\\\\Users\\\\91812\\\\Herd\\\\MishoraCRM\\\\resources\\\\views\\/auth\\/login.blade.php\",\"data\":[]},\"duration\":469,\"memory\":28,\"hostname\":\"LAPTOP-RR8E4AHP\"}, 2026-09-25 22:47:35, ?, request, a2d4fd3f-f0bf-45f3-8c13-02ff30f1272c)) at C:/Users/91812/Herd/MishoraCRM/vendor/laravel/framework/src/Illuminate/Database/Connection.php:825)
[stacktrace]
#0 C:/Users/91812/Herd/MishoraCRM/vendor/laravel/framework/src/Illuminate/Database/Connection.php(979): Illuminate/Database/Connection->runQueryCallback('insert into `te...', Array, Object(Closure))
#1 C:/Users/91812/Herd/MishoraCRM/vendor/laravel/framework/src/Illuminate/Database/Connection.php(958): Illuminate/Database/Connection->tryAgainIfCausedByLostConnection(Object(Illuminate/Database/QueryException), 'insert into `te...', Array, Object(Closure))
#2 C:/Users/91812/Herd/MishoraCRM/vendor/laravel/framework/src/Illuminate/Database/Connection.php(781): Illuminate/Database/Connection->handleQueryException(Object(Illuminate/Database/QueryException), 'insert into `te...', Array, Object(Closure))
#3 C:/Users/91812/Herd/MishoraCRM/vendor/laravel/framework/src/Illuminate/Database/MySqlConnection.php(42): Illuminate/Database/Connection->run('insert into `te...', Array, Object(Closure))
#4 C:/Users/91812/Herd/MishoraCRM/vendor/laravel/framework/src/Illuminate/Database/Query/Builder.php(3717): Illuminate/Database/MySqlConnection->insert('insert into `te...', Array)
#5 C:/Users/91812/Herd/MishoraCRM/vendor/laravel/telescope/src/Storage/DatabaseEntriesRepository.php(145): Illuminate/Database/Query/Builder->insert(Array)
#6 C:/Users/91812/Herd/MishoraCRM/vendor/laravel/framework/src/Illuminate/Collections/Traits/EnumeratesValues.php(261): Laravel/Telescope/Storage/DatabaseEntriesRepository->Laravel/Telescope/Storage/{closure}(Object(Illuminate/Support/Collection), 0)
#7 C:/Users/91812/Herd/MishoraCRM/vendor/laravel/telescope/src/Storage/DatabaseEntriesRepository.php(144): Illuminate/Support/Collection->each(Object(Closure))
#8 C:/Users/91812/Herd/MishoraCRM/vendor/laravel/telescope/src/Telescope.php(664): Laravel/Telescope/Storage/DatabaseEntriesRepository->store(Object(Illuminate/Support/Collection))
#9 [internal function]: Laravel/Telescope/Telescope::Laravel/Telescope/{closure}()
#10 C:/Users/91812/Herd/MishoraCRM/vendor/laravel/telescope/src/Telescope.php(289): call_user_func(Object(Closure))
#11 C:/Users/91812/Herd/MishoraCRM/vendor/laravel/telescope/src/Telescope.php(656): Laravel/Telescope/Telescope::withoutRecording(Object(Closure))
#12 C:/Users/91812/Herd/MishoraCRM/vendor/laravel/telescope/src/ListensForStorageOpportunities.php(65): Laravel/Telescope/Telescope::store(Object(Laravel/Telescope/Storage/DatabaseEntriesRepository))
#13 C:/Users/91812/Herd/MishoraCRM/vendor/laravel/framework/src/Illuminate/Container/BoundMethod.php(36): Laravel/Telescope/Telescope::Laravel/Telescope/{closure}()
#14 C:/Users/91812/Herd/MishoraCRM/vendor/laravel/framework/src/Illuminate/Container/Util.php(43): Illuminate/Container/BoundMethod::Illuminate/Container/{closure}()
#15 C:/Users/91812/Herd/MishoraCRM/vendor/laravel/framework/src/Illuminate/Container/BoundMethod.php(83): Illuminate/Container/Util::unwrapIfClosure(Object(Closure))
#16 C:/Users/91812/Herd/MishoraCRM/vendor/laravel/framework/src/Illuminate/Container/BoundMethod.php(35): Illuminate/Container/BoundMethod::callBoundMethod(Object(Illuminate/Foundation/Application), Object(Closure), Object(Closure))
#17 C:/Users/91812/Herd/MishoraCRM/vendor/laravel/framework/src/Illuminate/Container/Container.php(696): Illuminate/Container/BoundMethod::call(Object(Illuminate/Foundation/Application), Object(Closure), Array, NULL)
#18 C:/Users/91812/Herd/MishoraCRM/vendor/laravel/framework/src/Illuminate/Foundation/Application.php(1452): Illuminate/Container/Container->call(Object(Closure))
#19 C:/Users/91812/Herd/MishoraCRM/vendor/laravel/framework/src/Illuminate/Foundation/Http/Kernel.php(218): Illuminate/Foundation/Application->terminate()
#20 C:/Users/91812/Herd/MishoraCRM/vendor/laravel/framework/src/Illuminate/Foundation/Application.php(1222): Illuminate/Foundation/Http/Kernel->terminate(Object(Illuminate/Http/Request), Object(Illuminate/Http/Response))
#21 C:/Users/91812/Herd/MishoraCRM/public/index.php(17): Illuminate/Foundation/Application->handleRequest(Object(Illuminate/Http/Request))
#22 C:/Users/91812/Herd/MishoraCRM/vendor/laravel/framework/src/Illuminate/Foundation/resources/server.php(23): require_once('C://Users//91812//...')
#23 {main}

[previous exception] [object] (PDOException(code: 2006): SQLSTATE[HY000] [2006] MySQL server has gone away at C:/Users/91812/Herd/MishoraCRM/vendor/laravel/framework/src/Illuminate/Database/Connectors/Connector.php:66)
[stacktrace]
#0 C:/Users/91812/Herd/MishoraCRM/vendor/laravel/framework/src/Illuminate/Database/Connectors/Connector.php(66): PDO->__construct('mysql:host=127....', 'root', Object(SensitiveParameterValue), Array)
#1 C:/Users/91812/Herd/MishoraCRM/vendor/laravel/framework/src/Illuminate/Database/Connectors/Connector.php(85): Illuminate/Database/Connectors/Connector->createPdoConnection('mysql:host=127....', 'root', Object(SensitiveParameterValue), Array)
#2 C:/Users/91812/Herd/MishoraCRM/vendor/laravel/framework/src/Illuminate/Database/Connectors/Connector.php(48): Illuminate/Database/Connectors/Connector->tryAgainIfCausedByLostConnection(Object(PDOException), 'mysql:host=127....', 'root', Object(SensitiveParameterValue), Array)
#3 C:/Users/91812/Herd/MishoraCRM/vendor/laravel/framework/src/Illuminate/Database/Connectors/MySqlConnector.php(24): Illuminate/Database/Connectors/Connector->createConnection('mysql:host=127....', Array, Array)
#4 C:/Users/91812/Herd/MishoraCRM/vendor/laravel/framework/src/Illuminate/Database/Connectors/ConnectionFactory.php(185): Illuminate/Database/Connectors/MySqlConnector->connect(Array)
#5 [internal function]: Illuminate/Database/Connectors/ConnectionFactory->Illuminate/Database/Connectors/{closure}()
#6 C:/Users/91812/Herd/MishoraCRM/vendor/laravel/framework/src/Illuminate/Database/Connection.php(1231): call_user_func(Object(Closure))
#7 C:/Users/91812/Herd/MishoraCRM/vendor/laravel/framework/src/Illuminate/Database/MySqlConnection.php(47): Illuminate/Database/Connection->getPdo()
#8 C:/Users/91812/Herd/MishoraCRM/vendor/laravel/framework/src/Illuminate/Database/Connection.php(812): Illuminate/Database/MySqlConnection->Illuminate/Database/{closure}('insert into `te...', Array)
#9 C:/Users/91812/Herd/MishoraCRM/vendor/laravel/framework/src/Illuminate/Database/Connection.php(979): Illuminate/Database/Connection->runQueryCallback('insert into `te...', Array, Object(Closure))
#10 C:/Users/91812/Herd/MishoraCRM/vendor/laravel/framework/src/Illuminate/Database/Connection.php(958): Illuminate/Database/Connection->tryAgainIfCausedByLostConnection(Object(Illuminate/Database/QueryException), 'insert into `te...', Array, Object(Closure))
#11 C:/Users/91812/Herd/MishoraCRM/vendor/laravel/framework/src/Illuminate/Database/Connection.php(781): Illuminate/Database/Connection->handleQueryException(Object(Illuminate/Database/QueryException), 'insert into `te...', Array, Object(Closure))
#12 C:/Users/91812/Herd/MishoraCRM/vendor/laravel/framework/src/Illuminate/Database/MySqlConnection.php(42): Illuminate/Database/Connection->run('insert into `te...', Array, Object(Closure))
#13 C:/Users/91812/Herd/MishoraCRM/vendor/laravel/framework/src/Illuminate/Database/Query/Builder.php(3717): Illuminate/Database/MySqlConnection->insert('insert into `te...', Array)
#14 C:/Users/91812/Herd/MishoraCRM/vendor/laravel/telescope/src/Storage/DatabaseEntriesRepository.php(145): Illuminate/Database/Query/Builder->insert(Array)
#15 C:/Users/91812/Herd/MishoraCRM/vendor/laravel/framework/src/Illuminate/Collections/Traits/EnumeratesValues.php(261): Laravel/Telescope/Storage/DatabaseEntriesRepository->Laravel/Telescope/Storage/{closure}(Object(Illuminate/Support/Collection), 0)
#16 C:/Users/91812/Herd/MishoraCRM/vendor/laravel/telescope/src/Storage/DatabaseEntriesRepository.php(144): Illuminate/Support/Collection->each(Object(Closure))
#17 C:/Users/91812/Herd/MishoraCRM/vendor/laravel/telescope/src/Telescope.php(664): Laravel/Telescope/Storage/DatabaseEntriesRepository->store(Object(Illuminate/Support/Collection))
#18 [internal function]: Laravel/Telescope/Telescope::Laravel/Telescope/{closure}()
#19 C:/Users/91812/Herd/MishoraCRM/vendor/laravel/telescope/src/Telescope.php(289): call_user_func(Object(Closure))
#20 C:/Users/91812/Herd/MishoraCRM/vendor/laravel/telescope/src/Telescope.php(656): Laravel/Telescope/Telescope::withoutRecording(Object(Closure))
#21 C:/Users/91812/Herd/MishoraCRM/vendor/laravel/telescope/src/ListensForStorageOpportunities.php(65): Laravel/Telescope/Telescope::store(Object(Laravel/Telescope/Storage/DatabaseEntriesRepository))
#22 C:/Users/91812/Herd/MishoraCRM/vendor/laravel/framework/src/Illuminate/Container/BoundMethod.php(36): Laravel/Telescope/Telescope::Laravel/Telescope/{closure}()
#23 C:/Users/91812/Herd/MishoraCRM/vendor/laravel/framework/src/Illuminate/Container/Util.php(43): Illuminate/Container/BoundMethod::Illuminate/Container/{closure}()
#24 C:/Users/91812/Herd/MishoraCRM/vendor/laravel/framework/src/Illuminate/Container/BoundMethod.php(83): Illuminate/Container/Util::unwrapIfClosure(Object(Closure))
#25 C:/Users/91812/Herd/MishoraCRM/vendor/laravel/framework/src/Illuminate/Container/BoundMethod.php(35): Illuminate/Container/BoundMethod::callBoundMethod(Object(Illuminate/Foundation/Application), Object(Closure), Object(Closure))
#26 C:/Users/91812/Herd/MishoraCRM/vendor/laravel/framework/src/Illuminate/Container/Container.php(696): Illuminate/Container/BoundMethod::call(Object(Illuminate/Foundation/Application), Object(Closure), Array, NULL)
#27 C:/Users/91812/Herd/MishoraCRM/vendor/laravel/framework/src/Illuminate/Foundation/Application.php(1452): Illuminate/Container/Container->call(Object(Closure))
#28 C:/Users/91812/Herd/MishoraCRM/vendor/laravel/framework/src/Illuminate/Foundation/Http/Kernel.php(218): Illuminate/Foundation/Application->terminate()
#29 C:/Users/91812/Herd/MishoraCRM/vendor/laravel/framework/src/Illuminate/Foundation/Application.php(1222): Illuminate/Foundation/Http/Kernel->terminate(Object(Illuminate/Http/Request), Object(Illuminate/Http/Response))
#30 C:/Users/91812/Herd/MishoraCRM/public/index.php(17): Illuminate/Foundation/Application->handleRequest(Object(Illuminate/Http/Request))
#31 C:/Users/91812/Herd/MishoraCRM/vendor/laravel/framework/src/Illuminate/Foundation/resources/server.php(23): require_once('C://Users//91812//...')
#32 {main}
"} 
[2026-09-25 22:47:44] local.ERROR: SQLSTATE[HY000] [2006] MySQL server has gone away (Connection: mysql, SQL: insert into `telescope_entries` (`batch_id`, `content`, `created_at`, `family_hash`, `type`, `uuid`) values (a2d4fd4d-8b78-4f3e-bbb8-5b229da692ce, {"name":"auth.login","path":"\\resources\\views\/auth\/login.blade.php","data":[],"hostname":"LAPTOP-RR8E4AHP"}, 2026-09-25 22:47:44, ?, view, a2d4fd4d-8454-49a6-84d5-f23423dff770), (a2d4fd4d-8b78-4f3e-bbb8-5b229da692ce, {"name":"components.brand-logo","path":"\\resources\\views\/components\/brand-logo.blade.php","data":["h"],"hostname":"LAPTOP-RR8E4AHP"}, 2026-09-25 22:47:44, ?, view, a2d4fd4d-87ff-4133-aed6-e3a82c385d95), (a2d4fd4d-8b78-4f3e-bbb8-5b229da692ce, {"ip_address":"127.0.0.1","uri":"\/login","method":"GET","controller_action":"App\\Http\\Controllers\\Web\\Auth\\LoginController@show","middleware":["web","guest"],"headers":{"host":"127.0.0.1:8000","connection":"keep-alive","sec-ch-ua":"\"Google Chrome\";v=\"153\", \"Not_A Brand\";v=\"8\", \"Chromium\";v=\"153\"","sec-ch-ua-mobile":"?0","sec-ch-ua-platform":"\"Windows\"","upgrade-insecure-requests":"1","user-agent":"Mozilla\/5.0 (Windows NT 10.0; Win64; x64) AppleWebKit\/537.36 (KHTML, like Gecko) Chrome\/153.0.0.0 Safari\/537.36","accept":"text\/html,application\/xhtml+xml,application\/xml;q=0.9,image\/avif,image\/webp,image\/apng,*\/*;q=0.8,application\/signed-exchange;v=b3;q=0.7","sec-fetch-site":"none","sec-fetch-mode":"navigate","sec-fetch-user":"?1","sec-fetch-dest":"document","accept-encoding":"gzip, deflate, br, zstd","accept-language":"en-US,en;q=0.9,ja;q=0.8"},"payload":[],"session":{"_token":"129WtGdc42v1oeTDEWRxg0cphFWzOfERIbfNbc5L","_previous":{"url":"http:\/\/127.0.0.1:8000\/login"},"_flash":{"old":[],"new":[]}},"response_headers":{"content-type":"text\/html; charset=utf-8","cache-control":"no-cache, private","date":"Fri, 25 Sep 2026 17:17:44 GMT","set-cookie":"XSRF-TOKEN=eyJpdiI6InV0MCtJSWlHMjRPampEYlJoNWdtY2c9PSIsInZhbHVlIjoiODVXZVJVTkppTXE4Y05UblNkeW9uVFFlK25Pbkp2eFFBc0VKVWhxY05rVmV2cUVJQ3I2ZUhrNWtqM29Sc0VmRjhzU0xQS2tzaVhQVmVtdFBLUDVKWTlOa2x2M2t2QVE2N1VUNmZpS1QyZnNHMDdvblVhVGl3Q1BLQnlGRUY5SmMiLCJtYWMiOiI1MmJmYjAxZTQ2OTdlZjA3MjAxYmM5ZjE0NmJjY2E4YTRmYzkzODRjNmExNGIyYzcwNjZhYmNiNDhhOGIwOWMzIiwidGFnIjoiIn0%3D; expires=Fri, 25 Sep 2026 19:17:44 GMT; Max-Age=7200; path=\/; samesite=lax, mishora_crm_session=eyJpdiI6IlhYanpRQndCdEhrd09UYkdqMmpTRlE9PSIsInZhbHVlIjoiUUx1dFU0ZUtrMkNLd1FUdy8vRmU0Z2Nzd1hGZm83eXB4cFlBaVhRYnd0d1pmSGFET1lZL2ozRnludXdXaVVkUlhpNkwxRGtMUUNnaDZKRW8rcUw0d1gyZjFOOUVMWnNDMVhmRU9GbktHNWtEN1JYUUZISmxIUHlsdHRhOTI4WEYiLCJtYWMiOiIxN2RmMGQyOGJlZjYwYTc3Njc1NWNiZWZkMjJkNWQ2NGE5OTIyNmZlYTUxMGVhNDI5OGE3MDk2ZTUyZTRmMTk0IiwidGFnIjoiIn0%3D; expires=Fri, 25 Sep 2026 19:17:44 GMT; Max-Age=7200; path=\/; httponly; samesite=lax"},"response_status":200,"response":{"view":"C:\\Users\\91812\\Herd\\MishoraCRM\\resources\\views\/auth\/login.blade.php","data":[]},"duration":468,"memory":28,"hostname":"LAPTOP-RR8E4AHP"}, 2026-09-25 22:47:44, ?, request, a2d4fd4d-89e9-490b-9ff8-30d45c8723aa)) {"exception":"[object] (Illuminate\\Database\\QueryException(code: 2006): SQLSTATE[HY000] [2006] MySQL server has gone away (Connection: mysql, SQL: insert into `telescope_entries` (`batch_id`, `content`, `created_at`, `family_hash`, `type`, `uuid`) values (a2d4fd4d-8b78-4f3e-bbb8-5b229da692ce, {\"name\":\"auth.login\",\"path\":\"\\\\resources\\\\views\\/auth\\/login.blade.php\",\"data\":[],\"hostname\":\"LAPTOP-RR8E4AHP\"}, 2026-09-25 22:47:44, ?, view, a2d4fd4d-8454-49a6-84d5-f23423dff770), (a2d4fd4d-8b78-4f3e-bbb8-5b229da692ce, {\"name\":\"components.brand-logo\",\"path\":\"\\\\resources\\\\views\\/components\\/brand-logo.blade.php\",\"data\":[\"h\"],\"hostname\":\"LAPTOP-RR8E4AHP\"}, 2026-09-25 22:47:44, ?, view, a2d4fd4d-87ff-4133-aed6-e3a82c385d95), (a2d4fd4d-8b78-4f3e-bbb8-5b229da692ce, {\"ip_address\":\"127.0.0.1\",\"uri\":\"\\/login\",\"method\":\"GET\",\"controller_action\":\"App\\\\Http\\\\Controllers\\\\Web\\\\Auth\\\\LoginController@show\",\"middleware\":[\"web\",\"guest\"],\"headers\":{\"host\":\"127.0.0.1:8000\",\"connection\":\"keep-alive\",\"sec-ch-ua\":\"\\\"Google Chrome\\\";v=\\\"153\\\", \\\"Not_A Brand\\\";v=\\\"8\\\", \\\"Chromium\\\";v=\\\"153\\\"\",\"sec-ch-ua-mobile\":\"?0\",\"sec-ch-ua-platform\":\"\\\"Windows\\\"\",\"upgrade-insecure-requests\":\"1\",\"user-agent\":\"Mozilla\\/5.0 (Windows NT 10.0; Win64; x64) AppleWebKit\\/537.36 (KHTML, like Gecko) Chrome\\/153.0.0.0 Safari\\/537.36\",\"accept\":\"text\\/html,application\\/xhtml+xml,application\\/xml;q=0.9,image\\/avif,image\\/webp,image\\/apng,*\\/*;q=0.8,application\\/signed-exchange;v=b3;q=0.7\",\"sec-fetch-site\":\"none\",\"sec-fetch-mode\":\"navigate\",\"sec-fetch-user\":\"?1\",\"sec-fetch-dest\":\"document\",\"accept-encoding\":\"gzip, deflate, br, zstd\",\"accept-language\":\"en-US,en;q=0.9,ja;q=0.8\"},\"payload\":[],\"session\":{\"_token\":\"129WtGdc42v1oeTDEWRxg0cphFWzOfERIbfNbc5L\",\"_previous\":{\"url\":\"http:\\/\\/127.0.0.1:8000\\/login\"},\"_flash\":{\"old\":[],\"new\":[]}},\"response_headers\":{\"content-type\":\"text\\/html; charset=utf-8\",\"cache-control\":\"no-cache, private\",\"date\":\"Fri, 25 Sep 2026 17:17:44 GMT\",\"set-cookie\":\"XSRF-TOKEN=eyJpdiI6InV0MCtJSWlHMjRPampEYlJoNWdtY2c9PSIsInZhbHVlIjoiODVXZVJVTkppTXE4Y05UblNkeW9uVFFlK25Pbkp2eFFBc0VKVWhxY05rVmV2cUVJQ3I2ZUhrNWtqM29Sc0VmRjhzU0xQS2tzaVhQVmVtdFBLUDVKWTlOa2x2M2t2QVE2N1VUNmZpS1QyZnNHMDdvblVhVGl3Q1BLQnlGRUY5SmMiLCJtYWMiOiI1MmJmYjAxZTQ2OTdlZjA3MjAxYmM5ZjE0NmJjY2E4YTRmYzkzODRjNmExNGIyYzcwNjZhYmNiNDhhOGIwOWMzIiwidGFnIjoiIn0%3D; expires=Fri, 25 Sep 2026 19:17:44 GMT; Max-Age=7200; path=\\/; samesite=lax, mishora_crm_session=eyJpdiI6IlhYanpRQndCdEhrd09UYkdqMmpTRlE9PSIsInZhbHVlIjoiUUx1dFU0ZUtrMkNLd1FUdy8vRmU0Z2Nzd1hGZm83eXB4cFlBaVhRYnd0d1pmSGFET1lZL2ozRnludXdXaVVkUlhpNkwxRGtMUUNnaDZKRW8rcUw0d1gyZjFOOUVMWnNDMVhmRU9GbktHNWtEN1JYUUZISmxIUHlsdHRhOTI4WEYiLCJtYWMiOiIxN2RmMGQyOGJlZjYwYTc3Njc1NWNiZWZkMjJkNWQ2NGE5OTIyNmZlYTUxMGVhNDI5OGE3MDk2ZTUyZTRmMTk0IiwidGFnIjoiIn0%3D; expires=Fri, 25 Sep 2026 19:17:44 GMT; Max-Age=7200; path=\\/; httponly; samesite=lax\"},\"response_status\":200,\"response\":{\"view\":\"C:\\\\Users\\\\91812\\\\Herd\\\\MishoraCRM\\\\resources\\\\views\\/auth\\/login.blade.php\",\"data\":[]},\"duration\":468,\"memory\":28,\"hostname\":\"LAPTOP-RR8E4AHP\"}, 2026-09-25 22:47:44, ?, request, a2d4fd4d-89e9-490b-9ff8-30d45c8723aa)) at C:/Users/91812/Herd/MishoraCRM/vendor/laravel/framework/src/Illuminate/Database/Connection.php:825)
[stacktrace]
#0 C:/Users/91812/Herd/MishoraCRM/vendor/laravel/framework/src/Illuminate/Database/Connection.php(979): Illuminate/Database/Connection->runQueryCallback('insert into `te...', Array, Object(Closure))
#1 C:/Users/91812/Herd/MishoraCRM/vendor/laravel/framework/src/Illuminate/Database/Connection.php(958): Illuminate/Database/Connection->tryAgainIfCausedByLostConnection(Object(Illuminate/Database/QueryException), 'insert into `te...', Array, Object(Closure))
#2 C:/Users/91812/Herd/MishoraCRM/vendor/laravel/framework/src/Illuminate/Database/Connection.php(781): Illuminate/Database/Connection->handleQueryException(Object(Illuminate/Database/QueryException), 'insert into `te...', Array, Object(Closure))
#3 C:/Users/91812/Herd/MishoraCRM/vendor/laravel/framework/src/Illuminate/Database/MySqlConnection.php(42): Illuminate/Database/Connection->run('insert into `te...', Array, Object(Closure))
#4 C:/Users/91812/Herd/MishoraCRM/vendor/laravel/framework/src/Illuminate/Database/Query/Builder.php(3717): Illuminate/Database/MySqlConnection->insert('insert into `te...', Array)
#5 C:/Users/91812/Herd/MishoraCRM/vendor/laravel/telescope/src/Storage/DatabaseEntriesRepository.php(145): Illuminate/Database/Query/Builder->insert(Array)
#6 C:/Users/91812/Herd/MishoraCRM/vendor/laravel/framework/src/Illuminate/Collections/Traits/EnumeratesValues.php(261): Laravel/Telescope/Storage/DatabaseEntriesRepository->Laravel/Telescope/Storage/{closure}(Object(Illuminate/Support/Collection), 0)
#7 C:/Users/91812/Herd/MishoraCRM/vendor/laravel/telescope/src/Storage/DatabaseEntriesRepository.php(144): Illuminate/Support/Collection->each(Object(Closure))
#8 C:/Users/91812/Herd/MishoraCRM/vendor/laravel/telescope/src/Telescope.php(664): Laravel/Telescope/Storage/DatabaseEntriesRepository->store(Object(Illuminate/Support/Collection))
#9 [internal function]: Laravel/Telescope/Telescope::Laravel/Telescope/{closure}()
#10 C:/Users/91812/Herd/MishoraCRM/vendor/laravel/telescope/src/Telescope.php(289): call_user_func(Object(Closure))
#11 C:/Users/91812/Herd/MishoraCRM/vendor/laravel/telescope/src/Telescope.php(656): Laravel/Telescope/Telescope::withoutRecording(Object(Closure))
#12 C:/Users/91812/Herd/MishoraCRM/vendor/laravel/telescope/src/ListensForStorageOpportunities.php(65): Laravel/Telescope/Telescope::store(Object(Laravel/Telescope/Storage/DatabaseEntriesRepository))
#13 C:/Users/91812/Herd/MishoraCRM/vendor/laravel/framework/src/Illuminate/Container/BoundMethod.php(36): Laravel/Telescope/Telescope::Laravel/Telescope/{closure}()
#14 C:/Users/91812/Herd/MishoraCRM/vendor/laravel/framework/src/Illuminate/Container/Util.php(43): Illuminate/Container/BoundMethod::Illuminate/Container/{closure}()
#15 C:/Users/91812/Herd/MishoraCRM/vendor/laravel/framework/src/Illuminate/Container/BoundMethod.php(83): Illuminate/Container/Util::unwrapIfClosure(Object(Closure))
#16 C:/Users/91812/Herd/MishoraCRM/vendor/laravel/framework/src/Illuminate/Container/BoundMethod.php(35): Illuminate/Container/BoundMethod::callBoundMethod(Object(Illuminate/Foundation/Application), Object(Closure), Object(Closure))
#17 C:/Users/91812/Herd/MishoraCRM/vendor/laravel/framework/src/Illuminate/Container/Container.php(696): Illuminate/Container/BoundMethod::call(Object(Illuminate/Foundation/Application), Object(Closure), Array, NULL)
#18 C:/Users/91812/Herd/MishoraCRM/vendor/laravel/framework/src/Illuminate/Foundation/Application.php(1452): Illuminate/Container/Container->call(Object(Closure))
#19 C:/Users/91812/Herd/MishoraCRM/vendor/laravel/framework/src/Illuminate/Foundation/Http/Kernel.php(218): Illuminate/Foundation/Application->terminate()
#20 C:/Users/91812/Herd/MishoraCRM/vendor/laravel/framework/src/Illuminate/Foundation/Application.php(1222): Illuminate/Foundation/Http/Kernel->terminate(Object(Illuminate/Http/Request), Object(Illuminate/Http/Response))
#21 C:/Users/91812/Herd/MishoraCRM/public/index.php(17): Illuminate/Foundation/Application->handleRequest(Object(Illuminate/Http/Request))
#22 C:/Users/91812/Herd/MishoraCRM/vendor/laravel/framework/src/Illuminate/Foundation/resources/server.php(23): require_once('C://Users//91812//...')
#23 {main}

[previous exception] [object] (PDOException(code: 2006): SQLSTATE[HY000] [2006] MySQL server has gone away at C:/Users/91812/Herd/MishoraCRM/vendor/laravel/framework/src/Illuminate/Database/Connectors/Connector.php:66)
[stacktrace]
#0 C:/Users/91812/Herd/MishoraCRM/vendor/laravel/framework/src/Illuminate/Database/Connectors/Connector.php(66): PDO->__construct('mysql:host=127....', 'root', Object(SensitiveParameterValue), Array)
#1 C:/Users/91812/Herd/MishoraCRM/vendor/laravel/framework/src/Illuminate/Database/Connectors/Connector.php(85): Illuminate/Database/Connectors/Connector->createPdoConnection('mysql:host=127....', 'root', Object(SensitiveParameterValue), Array)
#2 C:/Users/91812/Herd/MishoraCRM/vendor/laravel/framework/src/Illuminate/Database/Connectors/Connector.php(48): Illuminate/Database/Connectors/Connector->tryAgainIfCausedByLostConnection(Object(PDOException), 'mysql:host=127....', 'root', Object(SensitiveParameterValue), Array)
#3 C:/Users/91812/Herd/MishoraCRM/vendor/laravel/framework/src/Illuminate/Database/Connectors/MySqlConnector.php(24): Illuminate/Database/Connectors/Connector->createConnection('mysql:host=127....', Array, Array)
#4 C:/Users/91812/Herd/MishoraCRM/vendor/laravel/framework/src/Illuminate/Database/Connectors/ConnectionFactory.php(185): Illuminate/Database/Connectors/MySqlConnector->connect(Array)
#5 [internal function]: Illuminate/Database/Connectors/ConnectionFactory->Illuminate/Database/Connectors/{closure}()
#6 C:/Users/91812/Herd/MishoraCRM/vendor/laravel/framework/src/Illuminate/Database/Connection.php(1231): call_user_func(Object(Closure))
#7 C:/Users/91812/Herd/MishoraCRM/vendor/laravel/framework/src/Illuminate/Database/MySqlConnection.php(47): Illuminate/Database/Connection->getPdo()
#8 C:/Users/91812/Herd/MishoraCRM/vendor/laravel/framework/src/Illuminate/Database/Connection.php(812): Illuminate/Database/MySqlConnection->Illuminate/Database/{closure}('insert into `te...', Array)
#9 C:/Users/91812/Herd/MishoraCRM/vendor/laravel/framework/src/Illuminate/Database/Connection.php(979): Illuminate/Database/Connection->runQueryCallback('insert into `te...', Array, Object(Closure))
#10 C:/Users/91812/Herd/MishoraCRM/vendor/laravel/framework/src/Illuminate/Database/Connection.php(958): Illuminate/Database/Connection->tryAgainIfCausedByLostConnection(Object(Illuminate/Database/QueryException), 'insert into `te...', Array, Object(Closure))
#11 C:/Users/91812/Herd/MishoraCRM/vendor/laravel/framework/src/Illuminate/Database/Connection.php(781): Illuminate/Database/Connection->handleQueryException(Object(Illuminate/Database/QueryException), 'insert into `te...', Array, Object(Closure))
#12 C:/Users/91812/Herd/MishoraCRM/vendor/laravel/framework/src/Illuminate/Database/MySqlConnection.php(42): Illuminate/Database/Connection->run('insert into `te...', Array, Object(Closure))
#13 C:/Users/91812/Herd/MishoraCRM/vendor/laravel/framework/src/Illuminate/Database/Query/Builder.php(3717): Illuminate/Database/MySqlConnection->insert('insert into `te...', Array)
#14 C:/Users/91812/Herd/MishoraCRM/vendor/laravel/telescope/src/Storage/DatabaseEntriesRepository.php(145): Illuminate/Database/Query/Builder->insert(Array)
#15 C:/Users/91812/Herd/MishoraCRM/vendor/laravel/framework/src/Illuminate/Collections/Traits/EnumeratesValues.php(261): Laravel/Telescope/Storage/DatabaseEntriesRepository->Laravel/Telescope/Storage/{closure}(Object(Illuminate/Support/Collection), 0)
#16 C:/Users/91812/Herd/MishoraCRM/vendor/laravel/telescope/src/Storage/DatabaseEntriesRepository.php(144): Illuminate/Support/Collection->each(Object(Closure))
#17 C:/Users/91812/Herd/MishoraCRM/vendor/laravel/telescope/src/Telescope.php(664): Laravel/Telescope/Storage/DatabaseEntriesRepository->store(Object(Illuminate/Support/Collection))
#18 [internal function]: Laravel/Telescope/Telescope::Laravel/Telescope/{closure}()
#19 C:/Users/91812/Herd/MishoraCRM/vendor/laravel/telescope/src/Telescope.php(289): call_user_func(Object(Closure))
#20 C:/Users/91812/Herd/MishoraCRM/vendor/laravel/telescope/src/Telescope.php(656): Laravel/Telescope/Telescope::withoutRecording(Object(Closure))
#21 C:/Users/91812/Herd/MishoraCRM/vendor/laravel/telescope/src/ListensForStorageOpportunities.php(65): Laravel/Telescope/Telescope::store(Object(Laravel/Telescope/Storage/DatabaseEntriesRepository))
#22 C:/Users/91812/Herd/MishoraCRM/vendor/laravel/framework/src/Illuminate/Container/BoundMethod.php(36): Laravel/Telescope/Telescope::Laravel/Telescope/{closure}()
#23 C:/Users/91812/Herd/MishoraCRM/vendor/laravel/framework/src/Illuminate/Container/Util.php(43): Illuminate/Container/BoundMethod::Illuminate/Container/{closure}()
#24 C:/Users/91812/Herd/MishoraCRM/vendor/laravel/framework/src/Illuminate/Container/BoundMethod.php(83): Illuminate/Container/Util::unwrapIfClosure(Object(Closure))
#25 C:/Users/91812/Herd/MishoraCRM/vendor/laravel/framework/src/Illuminate/Container/BoundMethod.php(35): Illuminate/Container/BoundMethod::callBoundMethod(Object(Illuminate/Foundation/Application), Object(Closure), Object(Closure))
#26 C:/Users/91812/Herd/MishoraCRM/vendor/laravel/framework/src/Illuminate/Container/Container.php(696): Illuminate/Container/BoundMethod::call(Object(Illuminate/Foundation/Application), Object(Closure), Array, NULL)
#27 C:/Users/91812/Herd/MishoraCRM/vendor/laravel/framework/src/Illuminate/Foundation/Application.php(1452): Illuminate/Container/Container->call(Object(Closure))
#28 C:/Users/91812/Herd/MishoraCRM/vendor/laravel/framework/src/Illuminate/Foundation/Http/Kernel.php(218): Illuminate/Foundation/Application->terminate()
#29 C:/Users/91812/Herd/MishoraCRM/vendor/laravel/framework/src/Illuminate/Foundation/Application.php(1222): Illuminate/Foundation/Http/Kernel->terminate(Object(Illuminate/Http/Request), Object(Illuminate/Http/Response))
#30 C:/Users/91812/Herd/MishoraCRM/public/index.php(17): Illuminate/Foundation/Application->handleRequest(Object(Illuminate/Http/Request))
#31 C:/Users/91812/Herd/MishoraCRM/vendor/laravel/framework/src/Illuminate/Foundation/resources/server.php(23): require_once('C://Users//91812//...')
#32 {main}
"} 
[2026-09-25 22:48:27] local.ERROR: SQLSTATE[HY000] [2006] MySQL server has gone away (Connection: mysql, SQL: select * from `users` where `email` = admin@saascrm.com limit 1) {"exception":"[object] (Illuminate\\Database\\QueryException(code: 2006): SQLSTATE[HY000] [2006] MySQL server has gone away (Connection: mysql, SQL: select * from `users` where `email` = admin@saascrm.com limit 1) at C:/Users/91812/Herd/MishoraCRM/vendor/laravel/framework/src/Illuminate/Database/Connection.php:825)
[stacktrace]
#0 C:/Users/91812/Herd/MishoraCRM/vendor/laravel/framework/src/Illuminate/Database/Connection.php(979): Illuminate/Database/Connection->runQueryCallback('select * from `...', Array, Object(Closure))
#1 C:/Users/91812/Herd/MishoraCRM/vendor/laravel/framework/src/Illuminate/Database/Connection.php(958): Illuminate/Database/Connection->tryAgainIfCausedByLostConnection(Object(Illuminate/Database/QueryException), 'select * from `...', Array, Object(Closure))
#2 C:/Users/91812/Herd/MishoraCRM/vendor/laravel/framework/src/Illuminate/Database/Connection.php(781): Illuminate/Database/Connection->handleQueryException(Object(Illuminate/Database/QueryException), 'select * from `...', Array, Object(Closure))
#3 C:/Users/91812/Herd/MishoraCRM/vendor/laravel/framework/src/Illuminate/Database/Connection.php(398): Illuminate/Database/Connection->run('select * from `...', Array, Object(Closure))
#4 C:/Users/91812/Herd/MishoraCRM/vendor/laravel/framework/src/Illuminate/Database/Query/Builder.php(3106): Illuminate/Database/Connection->select('select * from `...', Array, true)
#5 C:/Users/91812/Herd/MishoraCRM/vendor/laravel/framework/src/Illuminate/Database/Query/Builder.php(3091): Illuminate/Database/Query/Builder->runSelect()
#6 C:/Users/91812/Herd/MishoraCRM/vendor/laravel/framework/src/Illuminate/Database/Query/Builder.php(3676): Illuminate/Database/Query/Builder->Illuminate/Database/Query/{closure}()
#7 C:/Users/91812/Herd/MishoraCRM/vendor/laravel/framework/src/Illuminate/Database/Query/Builder.php(3090): Illuminate/Database/Query/Builder->onceWithColumns(Array, Object(Closure))
#8 C:/Users/91812/Herd/MishoraCRM/vendor/laravel/framework/src/Illuminate/Database/Eloquent/Builder.php(811): Illuminate/Database/Query/Builder->get(Array)
#9 C:/Users/91812/Herd/MishoraCRM/vendor/laravel/framework/src/Illuminate/Database/Eloquent/Builder.php(793): Illuminate/Database/Eloquent/Builder->getModels(Array)
#10 C:/Users/91812/Herd/MishoraCRM/vendor/laravel/framework/src/Illuminate/Database/Concerns/BuildsQueries.php(343): Illuminate/Database/Eloquent/Builder->get(Array)
#11 C:/Users/91812/Herd/MishoraCRM/vendor/laravel/framework/src/Illuminate/Auth/EloquentUserProvider.php(139): Illuminate/Database/Eloquent/Builder->first()
#12 C:/Users/91812/Herd/MishoraCRM/vendor/laravel/framework/src/Illuminate/Auth/SessionGuard.php(415): Illuminate/Auth/EloquentUserProvider->retrieveByCredentials(Object(SensitiveParameterValue))
#13 C:/Users/91812/Herd/MishoraCRM/vendor/laravel/framework/src/Illuminate/Support/Timebox.php(34): Illuminate/Auth/SessionGuard->Illuminate/Auth/{closure}(Object(Illuminate/Support/Timebox))
#14 C:/Users/91812/Herd/MishoraCRM/vendor/laravel/framework/src/Illuminate/Auth/SessionGuard.php(412): Illuminate/Support/Timebox->call(Object(Closure), 200000)
#15 C:/Users/91812/Herd/MishoraCRM/vendor/laravel/framework/src/Illuminate/Auth/AuthManager.php(340): Illuminate/Auth/SessionGuard->attempt(Array, true)
#16 C:/Users/91812/Herd/MishoraCRM/vendor/laravel/framework/src/Illuminate/Support/Facades/Facade.php(361): Illuminate/Auth/AuthManager->__call('attempt', Array)
#17 C:/Users/91812/Herd/MishoraCRM/app/Http/Controllers/Web/Auth/LoginController.php(37): Illuminate/Support/Facades/Facade::__callStatic('attempt', Array)
#18 C:/Users/91812/Herd/MishoraCRM/vendor/laravel/framework/src/Illuminate/Routing/ControllerDispatcher.php(47): App/Http/Controllers/Web/Auth/LoginController->store(Object(Illuminate/Http/Request))
#19 C:/Users/91812/Herd/MishoraCRM/vendor/laravel/framework/src/Illuminate/Routing/Route.php(266): Illuminate/Routing/ControllerDispatcher->dispatch(Object(Illuminate/Routing/Route), Object(App/Http/Controllers/Web/Auth/LoginController), 'store')
#20 C:/Users/91812/Herd/MishoraCRM/vendor/laravel/framework/src/Illuminate/Routing/Route.php(212): Illuminate/Routing/Route->runController()
#21 C:/Users/91812/Herd/MishoraCRM/vendor/laravel/framework/src/Illuminate/Routing/Router.php(808): Illuminate/Routing/Route->run()
#22 C:/Users/91812/Herd/MishoraCRM/vendor/laravel/framework/src/Illuminate/Pipeline/Pipeline.php(170): Illuminate/Routing/Router->Illuminate/Routing/{closure}(Object(Illuminate/Http/Request))
#23 C:/Users/91812/Herd/MishoraCRM/vendor/laravel/framework/src/Illuminate/Auth/Middleware/RedirectIfAuthenticated.php(35): Illuminate/Pipeline/Pipeline->Illuminate/Pipeline/{closure}(Object(Illuminate/Http/Request))
#24 C:/Users/91812/Herd/MishoraCRM/vendor/laravel/framework/src/Illuminate/Pipeline/Pipeline.php(209): Illuminate/Auth/Middleware/RedirectIfAuthenticated->handle(Object(Illuminate/Http/Request), Object(Closure))
#25 C:/Users/91812/Herd/MishoraCRM/vendor/laravel/framework/src/Illuminate/Routing/Middleware/SubstituteBindings.php(51): Illuminate/Pipeline/Pipeline->Illuminate/Pipeline/{closure}(Object(Illuminate/Http/Request))
#26 C:/Users/91812/Herd/MishoraCRM/vendor/laravel/framework/src/Illuminate/Pipeline/Pipeline.php(209): Illuminate/Routing/Middleware/SubstituteBindings->handle(Object(Illuminate/Http/Request), Object(Closure))
#27 C:/Users/91812/Herd/MishoraCRM/vendor/laravel/framework/src/Illuminate/Foundation/Http/Middleware/VerifyCsrfToken.php(88): Illuminate/Pipeline/Pipeline->Illuminate/Pipeline/{closure}(Object(Illuminate/Http/Request))
#28 C:/Users/91812/Herd/MishoraCRM/vendor/laravel/framework/src/Illuminate/Pipeline/Pipeline.php(209): Illuminate/Foundation/Http/Middleware/VerifyCsrfToken->handle(Object(Illuminate/Http/Request), Object(Closure))
#29 C:/Users/91812/Herd/MishoraCRM/vendor/laravel/framework/src/Illuminate/View/Middleware/ShareErrorsFromSession.php(49): Illuminate/Pipeline/Pipeline->Illuminate/Pipeline/{closure}(Object(Illuminate/Http/Request))
#30 C:/Users/91812/Herd/MishoraCRM/vendor/laravel/framework/src/Illuminate/Pipeline/Pipeline.php(209): Illuminate/View/Middleware/ShareErrorsFromSession->handle(Object(Illuminate/Http/Request), Object(Closure))
#31 C:/Users/91812/Herd/MishoraCRM/vendor/laravel/framework/src/Illuminate/Session/Middleware/StartSession.php(121): Illuminate/Pipeline/Pipeline->Illuminate/Pipeline/{closure}(Object(Illuminate/Http/Request))
#32 C:/Users/91812/Herd/MishoraCRM/vendor/laravel/framework/src/Illuminate/Session/Middleware/StartSession.php(64): Illuminate/Session/Middleware/StartSession->handleStatefulRequest(Object(Illuminate/Http/Request), Object(Illuminate/Session/Store), Object(Closure))
#33 C:/Users/91812/Herd/MishoraCRM/vendor/laravel/framework/src/Illuminate/Pipeline/Pipeline.php(209): Illuminate/Session/Middleware/StartSession->handle(Object(Illuminate/Http/Request), Object(Closure))
#34 C:/Users/91812/Herd/MishoraCRM/vendor/laravel/framework/src/Illuminate/Cookie/Middleware/AddQueuedCookiesToResponse.php(37): Illuminate/Pipeline/Pipeline->Illuminate/Pipeline/{closure}(Object(Illuminate/Http/Request))
#35 C:/Users/91812/Herd/MishoraCRM/vendor/laravel/framework/src/Illuminate/Pipeline/Pipeline.php(209): Illuminate/Cookie/Middleware/AddQueuedCookiesToResponse->handle(Object(Illuminate/Http/Request), Object(Closure))
#36 C:/Users/91812/Herd/MishoraCRM/vendor/laravel/framework/src/Illuminate/Cookie/Middleware/EncryptCookies.php(75): Illuminate/Pipeline/Pipeline->Illuminate/Pipeline/{closure}(Object(Illuminate/Http/Request))
#37 C:/Users/91812/Herd/MishoraCRM/vendor/laravel/framework/src/Illuminate/Pipeline/Pipeline.php(209): Illuminate/Cookie/Middleware/EncryptCookies->handle(Object(Illuminate/Http/Request), Object(Closure))
#38 C:/Users/91812/Herd/MishoraCRM/vendor/laravel/framework/src/Illuminate/Pipeline/Pipeline.php(127): Illuminate/Pipeline/Pipeline->Illuminate/Pipeline/{closure}(Object(Illuminate/Http/Request))
#39 C:/Users/91812/Herd/MishoraCRM/vendor/laravel/framework/src/Illuminate/Routing/Router.php(807): Illuminate/Pipeline/Pipeline->then(Object(Closure))
#40 C:/Users/91812/Herd/MishoraCRM/vendor/laravel/framework/src/Illuminate/Routing/Router.php(786): Illuminate/Routing/Router->runRouteWithinStack(Object(Illuminate/Routing/Route), Object(Illuminate/Http/Request))
#41 C:/Users/91812/Herd/MishoraCRM/vendor/laravel/framework/src/Illuminate/Routing/Router.php(750): Illuminate/Routing/Router->runRoute(Object(Illuminate/Http/Request), Object(Illuminate/Routing/Route))
#42 C:/Users/91812/Herd/MishoraCRM/vendor/laravel/framework/src/Illuminate/Routing/Router.php(739): Illuminate/Routing/Router->dispatchToRoute(Object(Illuminate/Http/Request))
#43 C:/Users/91812/Herd/MishoraCRM/vendor/laravel/framework/src/Illuminate/Foundation/Http/Kernel.php(201): Illuminate/Routing/Router->dispatch(Object(Illuminate/Http/Request))
#44 C:/Users/91812/Herd/MishoraCRM/vendor/laravel/framework/src/Illuminate/Pipeline/Pipeline.php(170): Illuminate/Foundation/Http/Kernel->Illuminate/Foundation/Http/{closure}(Object(Illuminate/Http/Request))
#45 C:/Users/91812/Herd/MishoraCRM/vendor/laravel/framework/src/Illuminate/Foundation/Http/Middleware/TransformsRequest.php(21): Illuminate/Pipeline/Pipeline->Illuminate/Pipeline/{closure}(Object(Illuminate/Http/Request))
#46 C:/Users/91812/Herd/MishoraCRM/vendor/laravel/framework/src/Illuminate/Foundation/Http/Middleware/ConvertEmptyStringsToNull.php(31): Illuminate/Foundation/Http/Middleware/TransformsRequest->handle(Object(Illuminate/Http/Request), Object(Closure))
#47 C:/Users/91812/Herd/MishoraCRM/vendor/laravel/framework/src/Illuminate/Pipeline/Pipeline.php(209): Illuminate/Foundation/Http/Middleware/ConvertEmptyStringsToNull->handle(Object(Illuminate/Http/Request), Object(Closure))
#48 C:/Users/91812/Herd/MishoraCRM/vendor/laravel/framework/src/Illuminate/Foundation/Http/Middleware/TransformsRequest.php(21): Illuminate/Pipeline/Pipeline->Illuminate/Pipeline/{closure}(Object(Illuminate/Http/Request))
#49 C:/Users/91812/Herd/MishoraCRM/vendor/laravel/framework/src/Illuminate/Foundation/Http/Middleware/TrimStrings.php(51): Illuminate/Foundation/Http/Middleware/TransformsRequest->handle(Object(Illuminate/Http/Request), Object(Closure))
#50 C:/Users/91812/Herd/MishoraCRM/vendor/laravel/framework/src/Illuminate/Pipeline/Pipeline.php(209): Illuminate/Foundation/Http/Middleware/TrimStrings->handle(Object(Illuminate/Http/Request), Object(Closure))
#51 C:/Users/91812/Herd/MishoraCRM/vendor/laravel/framework/src/Illuminate/Http/Middleware/ValidatePostSize.php(27): Illuminate/Pipeline/Pipeline->Illuminate/Pipeline/{closure}(Object(Illuminate/Http/Request))
#52 C:/Users/91812/Herd/MishoraCRM/vendor/laravel/framework/src/Illuminate/Pipeline/Pipeline.php(209): Illuminate/Http/Middleware/ValidatePostSize->handle(Object(Illuminate/Http/Request), Object(Closure))
#53 C:/Users/91812/Herd/MishoraCRM/vendor/laravel/framework/src/Illuminate/Foundation/Http/Middleware/PreventRequestsDuringMaintenance.php(110): Illuminate/Pipeline/Pipeline->Illuminate/Pipeline/{closure}(Object(Illuminate/Http/Request))
#54 C:/Users/91812/Herd/MishoraCRM/vendor/laravel/framework/src/Illuminate/Pipeline/Pipeline.php(209): Illuminate/Foundation/Http/Middleware/PreventRequestsDuringMaintenance->handle(Object(Illuminate/Http/Request), Object(Closure))
#55 C:/Users/91812/Herd/MishoraCRM/vendor/laravel/framework/src/Illuminate/Http/Middleware/HandleCors.php(49): Illuminate/Pipeline/Pipeline->Illuminate/Pipeline/{closure}(Object(Illuminate/Http/Request))
#56 C:/Users/91812/Herd/MishoraCRM/vendor/laravel/framework/src/Illuminate/Pipeline/Pipeline.php(209): Illuminate/Http/Middleware/HandleCors->handle(Object(Illuminate/Http/Request), Object(Closure))
#57 C:/Users/91812/Herd/MishoraCRM/vendor/laravel/framework/src/Illuminate/Http/Middleware/TrustProxies.php(58): Illuminate/Pipeline/Pipeline->Illuminate/Pipeline/{closure}(Object(Illuminate/Http/Request))
#58 C:/Users/91812/Herd/MishoraCRM/vendor/laravel/framework/src/Illuminate/Pipeline/Pipeline.php(209): Illuminate/Http/Middleware/TrustProxies->handle(Object(Illuminate/Http/Request), Object(Closure))
#59 C:/Users/91812/Herd/MishoraCRM/vendor/laravel/framework/src/Illuminate/Foundation/Http/Middleware/InvokeDeferredCallbacks.php(22): Illuminate/Pipeline/Pipeline->Illuminate/Pipeline/{closure}(Object(Illuminate/Http/Request))
#60 C:/Users/91812/Herd/MishoraCRM/vendor/laravel/framework/src/Illuminate/Pipeline/Pipeline.php(209): Illuminate/Foundation/Http/Middleware/InvokeDeferredCallbacks->handle(Object(Illuminate/Http/Request), Object(Closure))
#61 C:/Users/91812/Herd/MishoraCRM/vendor/laravel/framework/src/Illuminate/Pipeline/Pipeline.php(127): Illuminate/Pipeline/Pipeline->Illuminate/Pipeline/{closure}(Object(Illuminate/Http/Request))
#62 C:/Users/91812/Herd/MishoraCRM/vendor/laravel/framework/src/Illuminate/Foundation/Http/Kernel.php(176): Illuminate/Pipeline/Pipeline->then(Object(Closure))
#63 C:/Users/91812/Herd/MishoraCRM/vendor/laravel/framework/src/Illuminate/Foundation/Http/Kernel.php(145): Illuminate/Foundation/Http/Kernel->sendRequestThroughRouter(Object(Illuminate/Http/Request))
#64 C:/Users/91812/Herd/MishoraCRM/vendor/laravel/framework/src/Illuminate/Foundation/Application.php(1220): Illuminate/Foundation/Http/Kernel->handle(Object(Illuminate/Http/Request))
#65 C:/Users/91812/Herd/MishoraCRM/public/index.php(17): Illuminate/Foundation/Application->handleRequest(Object(Illuminate/Http/Request))
#66 C:/Users/91812/Herd/MishoraCRM/vendor/laravel/framework/src/Illuminate/Foundation/resources/server.php(23): require_once('C://Users//91812//...')
#67 {main}

[previous exception] [object] (PDOException(code: 2006): SQLSTATE[HY000] [2006] MySQL server has gone away at C:/Users/91812/Herd/MishoraCRM/vendor/laravel/framework/src/Illuminate/Database/Connectors/Connector.php:66)
[stacktrace]
#0 C:/Users/91812/Herd/MishoraCRM/vendor/laravel/framework/src/Illuminate/Database/Connectors/Connector.php(66): PDO->__construct('mysql:host=127....', 'root', Object(SensitiveParameterValue), Array)
#1 C:/Users/91812/Herd/MishoraCRM/vendor/laravel/framework/src/Illuminate/Database/Connectors/Connector.php(85): Illuminate/Database/Connectors/Connector->createPdoConnection('mysql:host=127....', 'root', Object(SensitiveParameterValue), Array)
#2 C:/Users/91812/Herd/MishoraCRM/vendor/laravel/framework/src/Illuminate/Database/Connectors/Connector.php(48): Illuminate/Database/Connectors/Connector->tryAgainIfCausedByLostConnection(Object(PDOException), 'mysql:host=127....', 'root', Object(SensitiveParameterValue), Array)
#3 C:/Users/91812/Herd/MishoraCRM/vendor/laravel/framework/src/Illuminate/Database/Connectors/MySqlConnector.php(24): Illuminate/Database/Connectors/Connector->createConnection('mysql:host=127....', Array, Array)
#4 C:/Users/91812/Herd/MishoraCRM/vendor/laravel/framework/src/Illuminate/Database/Connectors/ConnectionFactory.php(185): Illuminate/Database/Connectors/MySqlConnector->connect(Array)
#5 [internal function]: Illuminate/Database/Connectors/ConnectionFactory->Illuminate/Database/Connectors/{closure}()
#6 C:/Users/91812/Herd/MishoraCRM/vendor/laravel/framework/src/Illuminate/Database/Connection.php(1231): call_user_func(Object(Closure))
#7 C:/Users/91812/Herd/MishoraCRM/vendor/laravel/framework/src/Illuminate/Database/Connection.php(1267): Illuminate/Database/Connection->getPdo()
#8 C:/Users/91812/Herd/MishoraCRM/vendor/laravel/framework/src/Illuminate/Database/Connection.php(512): Illuminate/Database/Connection->getReadPdo()
#9 C:/Users/91812/Herd/MishoraCRM/vendor/laravel/framework/src/Illuminate/Database/Connection.php(407): Illuminate/Database/Connection->getPdoForSelect(true)
#10 C:/Users/91812/Herd/MishoraCRM/vendor/laravel/framework/src/Illuminate/Database/Connection.php(812): Illuminate/Database/Connection->Illuminate/Database/{closure}('select * from `...', Array)
#11 C:/Users/91812/Herd/MishoraCRM/vendor/laravel/framework/src/Illuminate/Database/Connection.php(979): Illuminate/Database/Connection->runQueryCallback('select * from `...', Array, Object(Closure))
#12 C:/Users/91812/Herd/MishoraCRM/vendor/laravel/framework/src/Illuminate/Database/Connection.php(958): Illuminate/Database/Connection->tryAgainIfCausedByLostConnection(Object(Illuminate/Database/QueryException), 'select * from `...', Array, Object(Closure))
#13 C:/Users/91812/Herd/MishoraCRM/vendor/laravel/framework/src/Illuminate/Database/Connection.php(781): Illuminate/Database/Connection->handleQueryException(Object(Illuminate/Database/QueryException), 'select * from `...', Array, Object(Closure))
#14 C:/Users/91812/Herd/MishoraCRM/vendor/laravel/framework/src/Illuminate/Database/Connection.php(398): Illuminate/Database/Connection->run('select * from `...', Array, Object(Closure))
#15 C:/Users/91812/Herd/MishoraCRM/vendor/laravel/framework/src/Illuminate/Database/Query/Builder.php(3106): Illuminate/Database/Connection->select('select * from `...', Array, true)
#16 C:/Users/91812/Herd/MishoraCRM/vendor/laravel/framework/src/Illuminate/Database/Query/Builder.php(3091): Illuminate/Database/Query/Builder->runSelect()
#17 C:/Users/91812/Herd/MishoraCRM/vendor/laravel/framework/src/Illuminate/Database/Query/Builder.php(3676): Illuminate/Database/Query/Builder->Illuminate/Database/Query/{closure}()
#18 C:/Users/91812/Herd/MishoraCRM/vendor/laravel/framework/src/Illuminate/Database/Query/Builder.php(3090): Illuminate/Database/Query/Builder->onceWithColumns(Array, Object(Closure))
#19 C:/Users/91812/Herd/MishoraCRM/vendor/laravel/framework/src/Illuminate/Database/Eloquent/Builder.php(811): Illuminate/Database/Query/Builder->get(Array)
#20 C:/Users/91812/Herd/MishoraCRM/vendor/laravel/framework/src/Illuminate/Database/Eloquent/Builder.php(793): Illuminate/Database/Eloquent/Builder->getModels(Array)
#21 C:/Users/91812/Herd/MishoraCRM/vendor/laravel/framework/src/Illuminate/Database/Concerns/BuildsQueries.php(343): Illuminate/Database/Eloquent/Builder->get(Array)
#22 C:/Users/91812/Herd/MishoraCRM/vendor/laravel/framework/src/Illuminate/Auth/EloquentUserProvider.php(139): Illuminate/Database/Eloquent/Builder->first()
#23 C:/Users/91812/Herd/MishoraCRM/vendor/laravel/framework/src/Illuminate/Auth/SessionGuard.php(415): Illuminate/Auth/EloquentUserProvider->retrieveByCredentials(Object(SensitiveParameterValue))
#24 C:/Users/91812/Herd/MishoraCRM/vendor/laravel/framework/src/Illuminate/Support/Timebox.php(34): Illuminate/Auth/SessionGuard->Illuminate/Auth/{closure}(Object(Illuminate/Support/Timebox))
#25 C:/Users/91812/Herd/MishoraCRM/vendor/laravel/framework/src/Illuminate/Auth/SessionGuard.php(412): Illuminate/Support/Timebox->call(Object(Closure), 200000)
#26 C:/Users/91812/Herd/MishoraCRM/vendor/laravel/framework/src/Illuminate/Auth/AuthManager.php(340): Illuminate/Auth/SessionGuard->attempt(Array, true)
#27 C:/Users/91812/Herd/MishoraCRM/vendor/laravel/framework/src/Illuminate/Support/Facades/Facade.php(361): Illuminate/Auth/AuthManager->__call('attempt', Array)
#28 C:/Users/91812/Herd/MishoraCRM/app/Http/Controllers/Web/Auth/LoginController.php(37): Illuminate/Support/Facades/Facade::__callStatic('attempt', Array)
#29 C:/Users/91812/Herd/MishoraCRM/vendor/laravel/framework/src/Illuminate/Routing/ControllerDispatcher.php(47): App/Http/Controllers/Web/Auth/LoginController->store(Object(Illuminate/Http/Request))
#30 C:/Users/91812/Herd/MishoraCRM/vendor/laravel/framework/src/Illuminate/Routing/Route.php(266): Illuminate/Routing/ControllerDispatcher->dispatch(Object(Illuminate/Routing/Route), Object(App/Http/Controllers/Web/Auth/LoginController), 'store')
#31 C:/Users/91812/Herd/MishoraCRM/vendor/laravel/framework/src/Illuminate/Routing/Route.php(212): Illuminate/Routing/Route->runController()
#32 C:/Users/91812/Herd/MishoraCRM/vendor/laravel/framework/src/Illuminate/Routing/Router.php(808): Illuminate/Routing/Route->run()
#33 C:/Users/91812/Herd/MishoraCRM/vendor/laravel/framework/src/Illuminate/Pipeline/Pipeline.php(170): Illuminate/Routing/Router->Illuminate/Routing/{closure}(Object(Illuminate/Http/Request))
#34 C:/Users/91812/Herd/MishoraCRM/vendor/laravel/framework/src/Illuminate/Auth/Middleware/RedirectIfAuthenticated.php(35): Illuminate/Pipeline/Pipeline->Illuminate/Pipeline/{closure}(Object(Illuminate/Http/Request))
#35 C:/Users/91812/Herd/MishoraCRM/vendor/laravel/framework/src/Illuminate/Pipeline/Pipeline.php(209): Illuminate/Auth/Middleware/RedirectIfAuthenticated->handle(Object(Illuminate/Http/Request), Object(Closure))
#36 C:/Users/91812/Herd/MishoraCRM/vendor/laravel/framework/src/Illuminate/Routing/Middleware/SubstituteBindings.php(51): Illuminate/Pipeline/Pipeline->Illuminate/Pipeline/{closure}(Object(Illuminate/Http/Request))
#37 C:/Users/91812/Herd/MishoraCRM/vendor/laravel/framework/src/Illuminate/Pipeline/Pipeline.php(209): Illuminate/Routing/Middleware/SubstituteBindings->handle(Object(Illuminate/Http/Request), Object(Closure))
#38 C:/Users/91812/Herd/MishoraCRM/vendor/laravel/framework/src/Illuminate/Foundation/Http/Middleware/VerifyCsrfToken.php(88): Illuminate/Pipeline/Pipeline->Illuminate/Pipeline/{closure}(Object(Illuminate/Http/Request))
#39 C:/Users/91812/Herd/MishoraCRM/vendor/laravel/framework/src/Illuminate/Pipeline/Pipeline.php(209): Illuminate/Foundation/Http/Middleware/VerifyCsrfToken->handle(Object(Illuminate/Http/Request), Object(Closure))
#40 C:/Users/91812/Herd/MishoraCRM/vendor/laravel/framework/src/Illuminate/View/Middleware/ShareErrorsFromSession.php(49): Illuminate/Pipeline/Pipeline->Illuminate/Pipeline/{closure}(Object(Illuminate/Http/Request))
#41 C:/Users/91812/Herd/MishoraCRM/vendor/laravel/framework/src/Illuminate/Pipeline/Pipeline.php(209): Illuminate/View/Middleware/ShareErrorsFromSession->handle(Object(Illuminate/Http/Request), Object(Closure))
#42 C:/Users/91812/Herd/MishoraCRM/vendor/laravel/framework/src/Illuminate/Session/Middleware/StartSession.php(121): Illuminate/Pipeline/Pipeline->Illuminate/Pipeline/{closure}(Object(Illuminate/Http/Request))
#43 C:/Users/91812/Herd/MishoraCRM/vendor/laravel/framework/src/Illuminate/Session/Middleware/StartSession.php(64): Illuminate/Session/Middleware/StartSession->handleStatefulRequest(Object(Illuminate/Http/Request), Object(Illuminate/Session/Store), Object(Closure))
#44 C:/Users/91812/Herd/MishoraCRM/vendor/laravel/framework/src/Illuminate/Pipeline/Pipeline.php(209): Illuminate/Session/Middleware/StartSession->handle(Object(Illuminate/Http/Request), Object(Closure))
#45 C:/Users/91812/Herd/MishoraCRM/vendor/laravel/framework/src/Illuminate/Cookie/Middleware/AddQueuedCookiesToResponse.php(37): Illuminate/Pipeline/Pipeline->Illuminate/Pipeline/{closure}(Object(Illuminate/Http/Request))
#46 C:/Users/91812/Herd/MishoraCRM/vendor/laravel/framework/src/Illuminate/Pipeline/Pipeline.php(209): Illuminate/Cookie/Middleware/AddQueuedCookiesToResponse->handle(Object(Illuminate/Http/Request), Object(Closure))
#47 C:/Users/91812/Herd/MishoraCRM/vendor/laravel/framework/src/Illuminate/Cookie/Middleware/EncryptCookies.php(75): Illuminate/Pipeline/Pipeline->Illuminate/Pipeline/{closure}(Object(Illuminate/Http/Request))
#48 C:/Users/91812/Herd/MishoraCRM/vendor/laravel/framework/src/Illuminate/Pipeline/Pipeline.php(209): Illuminate/Cookie/Middleware/EncryptCookies->handle(Object(Illuminate/Http/Request), Object(Closure))
#49 C:/Users/91812/Herd/MishoraCRM/vendor/laravel/framework/src/Illuminate/Pipeline/Pipeline.php(127): Illuminate/Pipeline/Pipeline->Illuminate/Pipeline/{closure}(Object(Illuminate/Http/Request))
#50 C:/Users/91812/Herd/MishoraCRM/vendor/laravel/framework/src/Illuminate/Routing/Router.php(807): Illuminate/Pipeline/Pipeline->then(Object(Closure))
#51 C:/Users/91812/Herd/MishoraCRM/vendor/laravel/framework/src/Illuminate/Routing/Router.php(786): Illuminate/Routing/Router->runRouteWithinStack(Object(Illuminate/Routing/Route), Object(Illuminate/Http/Request))
#52 C:/Users/91812/Herd/MishoraCRM/vendor/laravel/framework/src/Illuminate/Routing/Router.php(750): Illuminate/Routing/Router->runRoute(Object(Illuminate/Http/Request), Object(Illuminate/Routing/Route))
#53 C:/Users/91812/Herd/MishoraCRM/vendor/laravel/framework/src/Illuminate/Routing/Router.php(739): Illuminate/Routing/Router->dispatchToRoute(Object(Illuminate/Http/Request))
#54 C:/Users/91812/Herd/MishoraCRM/vendor/laravel/framework/src/Illuminate/Foundation/Http/Kernel.php(201): Illuminate/Routing/Router->dispatch(Object(Illuminate/Http/Request))
#55 C:/Users/91812/Herd/MishoraCRM/vendor/laravel/framework/src/Illuminate/Pipeline/Pipeline.php(170): Illuminate/Foundation/Http/Kernel->Illuminate/Foundation/Http/{closure}(Object(Illuminate/Http/Request))
#56 C:/Users/91812/Herd/MishoraCRM/vendor/laravel/framework/src/Illuminate/Foundation/Http/Middleware/TransformsRequest.php(21): Illuminate/Pipeline/Pipeline->Illuminate/Pipeline/{closure}(Object(Illuminate/Http/Request))
#57 C:/Users/91812/Herd/MishoraCRM/vendor/laravel/framework/src/Illuminate/Foundation/Http/Middleware/ConvertEmptyStringsToNull.php(31): Illuminate/Foundation/Http/Middleware/TransformsRequest->handle(Object(Illuminate/Http/Request), Object(Closure))
#58 C:/Users/91812/Herd/MishoraCRM/vendor/laravel/framework/src/Illuminate/Pipeline/Pipeline.php(209): Illuminate/Foundation/Http/Middleware/ConvertEmptyStringsToNull->handle(Object(Illuminate/Http/Request), Object(Closure))
#59 C:/Users/91812/Herd/MishoraCRM/vendor/laravel/framework/src/Illuminate/Foundation/Http/Middleware/TransformsRequest.php(21): Illuminate/Pipeline/Pipeline->Illuminate/Pipeline/{closure}(Object(Illuminate/Http/Request))
#60 C:/Users/91812/Herd/MishoraCRM/vendor/laravel/framework/src/Illuminate/Foundation/Http/Middleware/TrimStrings.php(51): Illuminate/Foundation/Http/Middleware/TransformsRequest->handle(Object(Illuminate/Http/Request), Object(Closure))
#61 C:/Users/91812/Herd/MishoraCRM/vendor/laravel/framework/src/Illuminate/Pipeline/Pipeline.php(209): Illuminate/Foundation/Http/Middleware/TrimStrings->handle(Object(Illuminate/Http/Request), Object(Closure))
#62 C:/Users/91812/Herd/MishoraCRM/vendor/laravel/framework/src/Illuminate/Http/Middleware/ValidatePostSize.php(27): Illuminate/Pipeline/Pipeline->Illuminate/Pipeline/{closure}(Object(Illuminate/Http/Request))
#63 C:/Users/91812/Herd/MishoraCRM/vendor/laravel/framework/src/Illuminate/Pipeline/Pipeline.php(209): Illuminate/Http/Middleware/ValidatePostSize->handle(Object(Illuminate/Http/Request), Object(Closure))
#64 C:/Users/91812/Herd/MishoraCRM/vendor/laravel/framework/src/Illuminate/Foundation/Http/Middleware/PreventRequestsDuringMaintenance.php(110): Illuminate/Pipeline/Pipeline->Illuminate/Pipeline/{closure}(Object(Illuminate/Http/Request))
#65 C:/Users/91812/Herd/MishoraCRM/vendor/laravel/framework/src/Illuminate/Pipeline/Pipeline.php(209): Illuminate/Foundation/Http/Middleware/PreventRequestsDuringMaintenance->handle(Object(Illuminate/Http/Request), Object(Closure))
#66 C:/Users/91812/Herd/MishoraCRM/vendor/laravel/framework/src/Illuminate/Http/Middleware/HandleCors.php(49): Illuminate/Pipeline/Pipeline->Illuminate/Pipeline/{closure}(Object(Illuminate/Http/Request))
#67 C:/Users/91812/Herd/MishoraCRM/vendor/laravel/framework/src/Illuminate/Pipeline/Pipeline.php(209): Illuminate/Http/Middleware/HandleCors->handle(Object(Illuminate/Http/Request), Object(Closure))
#68 C:/Users/91812/Herd/MishoraCRM/vendor/laravel/framework/src/Illuminate/Http/Middleware/TrustProxies.php(58): Illuminate/Pipeline/Pipeline->Illuminate/Pipeline/{closure}(Object(Illuminate/Http/Request))
#69 C:/Users/91812/Herd/MishoraCRM/vendor/laravel/framework/src/Illuminate/Pipeline/Pipeline.php(209): Illuminate/Http/Middleware/TrustProxies->handle(Object(Illuminate/Http/Request), Object(Closure))
#70 C:/Users/91812/Herd/MishoraCRM/vendor/laravel/framework/src/Illuminate/Foundation/Http/Middleware/InvokeDeferredCallbacks.php(22): Illuminate/Pipeline/Pipeline->Illuminate/Pipeline/{closure}(Object(Illuminate/Http/Request))
#71 C:/Users/91812/Herd/MishoraCRM/vendor/laravel/framework/src/Illuminate/Pipeline/Pipeline.php(209): Illuminate/Foundation/Http/Middleware/InvokeDeferredCallbacks->handle(Object(Illuminate/Http/Request), Object(Closure))
#72 C:/Users/91812/Herd/MishoraCRM/vendor/laravel/framework/src/Illuminate/Pipeline/Pipeline.php(127): Illuminate/Pipeline/Pipeline->Illuminate/Pipeline/{closure}(Object(Illuminate/Http/Request))
#73 C:/Users/91812/Herd/MishoraCRM/vendor/laravel/framework/src/Illuminate/Foundation/Http/Kernel.php(176): Illuminate/Pipeline/Pipeline->then(Object(Closure))
#74 C:/Users/91812/Herd/MishoraCRM/vendor/laravel/framework/src/Illuminate/Foundation/Http/Kernel.php(145): Illuminate/Foundation/Http/Kernel->sendRequestThroughRouter(Object(Illuminate/Http/Request))
#75 C:/Users/91812/Herd/MishoraCRM/vendor/laravel/framework/src/Illuminate/Foundation/Application.php(1220): Illuminate/Foundation/Http/Kernel->handle(Object(Illuminate/Http/Request))
#76 C:/Users/91812/Herd/MishoraCRM/public/index.php(17): Illuminate/Foundation/Application->handleRequest(Object(Illuminate/Http/Request))
#77 C:/Users/91812/Herd/MishoraCRM/vendor/laravel/framework/src/Illuminate/Foundation/resources/server.php(23): require_once('C://Users//91812//...')
#78 {main}
"} 
[2026-09-25 22:48:31] local.ERROR: SQLSTATE[HY000] [2006] MySQL server has gone away (Connection: mysql, SQL: select count(*) as aggregate from `telescope_entries` where `type` = exception and `family_hash` = 4e95c22c2b7921611a4afcab827b65af) {"exception":"[object] (Illuminate\\Database\\QueryException(code: 2006): SQLSTATE[HY000] [2006] MySQL server has gone away (Connection: mysql, SQL: select count(*) as aggregate from `telescope_entries` where `type` = exception and `family_hash` = 4e95c22c2b7921611a4afcab827b65af) at C:/Users/91812/Herd/MishoraCRM/vendor/laravel/framework/src/Illuminate/Database/Connection.php:825)
[stacktrace]
#0 C:/Users/91812/Herd/MishoraCRM/vendor/laravel/framework/src/Illuminate/Database/Connection.php(979): Illuminate/Database/Connection->runQueryCallback('select count(*)...', Array, Object(Closure))
#1 C:/Users/91812/Herd/MishoraCRM/vendor/laravel/framework/src/Illuminate/Database/Connection.php(958): Illuminate/Database/Connection->tryAgainIfCausedByLostConnection(Object(Illuminate/Database/QueryException), 'select count(*)...', Array, Object(Closure))
#2 C:/Users/91812/Herd/MishoraCRM/vendor/laravel/framework/src/Illuminate/Database/Connection.php(781): Illuminate/Database/Connection->handleQueryException(Object(Illuminate/Database/QueryException), 'select count(*)...', Array, Object(Closure))
#3 C:/Users/91812/Herd/MishoraCRM/vendor/laravel/framework/src/Illuminate/Database/Connection.php(398): Illuminate/Database/Connection->run('select count(*)...', Array, Object(Closure))
#4 C:/Users/91812/Herd/MishoraCRM/vendor/laravel/framework/src/Illuminate/Database/Query/Builder.php(3106): Illuminate/Database/Connection->select('select count(*)...', Array, true)
#5 C:/Users/91812/Herd/MishoraCRM/vendor/laravel/framework/src/Illuminate/Database/Query/Builder.php(3091): Illuminate/Database/Query/Builder->runSelect()
#6 C:/Users/91812/Herd/MishoraCRM/vendor/laravel/framework/src/Illuminate/Database/Query/Builder.php(3676): Illuminate/Database/Query/Builder->Illuminate/Database/Query/{closure}()
#7 C:/Users/91812/Herd/MishoraCRM/vendor/laravel/framework/src/Illuminate/Database/Query/Builder.php(3090): Illuminate/Database/Query/Builder->onceWithColumns(Array, Object(Closure))
#8 C:/Users/91812/Herd/MishoraCRM/vendor/laravel/framework/src/Illuminate/Database/Query/Builder.php(3603): Illuminate/Database/Query/Builder->get(Array)
#9 C:/Users/91812/Herd/MishoraCRM/vendor/laravel/framework/src/Illuminate/Database/Query/Builder.php(3531): Illuminate/Database/Query/Builder->aggregate('count', Array)
#10 C:/Users/91812/Herd/MishoraCRM/vendor/laravel/telescope/src/Storage/DatabaseEntriesRepository.php(123): Illuminate/Database/Query/Builder->count()
#11 C:/Users/91812/Herd/MishoraCRM/vendor/laravel/telescope/src/Storage/DatabaseEntriesRepository.php(165): Laravel/Telescope/Storage/DatabaseEntriesRepository->countExceptionOccurences(Object(Laravel/Telescope/IncomingExceptionEntry))
#12 [internal function]: Laravel/Telescope/Storage/DatabaseEntriesRepository->Laravel/Telescope/Storage/{closure}(Object(Laravel/Telescope/IncomingExceptionEntry), 1)
#13 C:/Users/91812/Herd/MishoraCRM/vendor/laravel/framework/src/Illuminate/Collections/Arr.php(609): array_map(Object(Closure), Array, Array)
#14 C:/Users/91812/Herd/MishoraCRM/vendor/laravel/framework/src/Illuminate/Collections/Collection.php(799): Illuminate/Support/Arr::map(Array, Object(Closure))
#15 C:/Users/91812/Herd/MishoraCRM/vendor/laravel/telescope/src/Storage/DatabaseEntriesRepository.php(164): Illuminate/Support/Collection->map(Object(Closure))
#16 C:/Users/91812/Herd/MishoraCRM/vendor/laravel/framework/src/Illuminate/Collections/Traits/EnumeratesValues.php(261): Laravel/Telescope/Storage/DatabaseEntriesRepository->Laravel/Telescope/Storage/{closure}(Object(Illuminate/Support/Collection), 0)
#17 C:/Users/91812/Herd/MishoraCRM/vendor/laravel/telescope/src/Storage/DatabaseEntriesRepository.php(163): Illuminate/Support/Collection->each(Object(Closure))
#18 C:/Users/91812/Herd/MishoraCRM/vendor/laravel/telescope/src/Storage/DatabaseEntriesRepository.php(140): Laravel/Telescope/Storage/DatabaseEntriesRepository->storeExceptions(Object(Illuminate/Support/Collection))
#19 C:/Users/91812/Herd/MishoraCRM/vendor/laravel/telescope/src/Telescope.php(664): Laravel/Telescope/Storage/DatabaseEntriesRepository->store(Object(Illuminate/Support/Collection))
#20 [internal function]: Laravel/Telescope/Telescope::Laravel/Telescope/{closure}()
#21 C:/Users/91812/Herd/MishoraCRM/vendor/laravel/telescope/src/Telescope.php(289): call_user_func(Object(Closure))
#22 C:/Users/91812/Herd/MishoraCRM/vendor/laravel/telescope/src/Telescope.php(656): Laravel/Telescope/Telescope::withoutRecording(Object(Closure))
#23 C:/Users/91812/Herd/MishoraCRM/vendor/laravel/telescope/src/ListensForStorageOpportunities.php(65): Laravel/Telescope/Telescope::store(Object(Laravel/Telescope/Storage/DatabaseEntriesRepository))
#24 C:/Users/91812/Herd/MishoraCRM/vendor/laravel/framework/src/Illuminate/Container/BoundMethod.php(36): Laravel/Telescope/Telescope::Laravel/Telescope/{closure}()
#25 C:/Users/91812/Herd/MishoraCRM/vendor/laravel/framework/src/Illuminate/Container/Util.php(43): Illuminate/Container/BoundMethod::Illuminate/Container/{closure}()
#26 C:/Users/91812/Herd/MishoraCRM/vendor/laravel/framework/src/Illuminate/Container/BoundMethod.php(83): Illuminate/Container/Util::unwrapIfClosure(Object(Closure))
#27 C:/Users/91812/Herd/MishoraCRM/vendor/laravel/framework/src/Illuminate/Container/BoundMethod.php(35): Illuminate/Container/BoundMethod::callBoundMethod(Object(Illuminate/Foundation/Application), Object(Closure), Object(Closure))
#28 C:/Users/91812/Herd/MishoraCRM/vendor/laravel/framework/src/Illuminate/Container/Container.php(696): Illuminate/Container/BoundMethod::call(Object(Illuminate/Foundation/Application), Object(Closure), Array, NULL)
#29 C:/Users/91812/Herd/MishoraCRM/vendor/laravel/framework/src/Illuminate/Foundation/Application.php(1452): Illuminate/Container/Container->call(Object(Closure))
#30 C:/Users/91812/Herd/MishoraCRM/vendor/laravel/framework/src/Illuminate/Foundation/Http/Kernel.php(218): Illuminate/Foundation/Application->terminate()
#31 C:/Users/91812/Herd/MishoraCRM/vendor/laravel/framework/src/Illuminate/Foundation/Application.php(1222): Illuminate/Foundation/Http/Kernel->terminate(Object(Illuminate/Http/Request), Object(Illuminate/Http/Response))
#32 C:/Users/91812/Herd/MishoraCRM/public/index.php(17): Illuminate/Foundation/Application->handleRequest(Object(Illuminate/Http/Request))
#33 C:/Users/91812/Herd/MishoraCRM/vendor/laravel/framework/src/Illuminate/Foundation/resources/server.php(23): require_once('C://Users//91812//...')
#34 {main}

[previous exception] [object] (PDOException(code: 2006): SQLSTATE[HY000] [2006] MySQL server has gone away at C:/Users/91812/Herd/MishoraCRM/vendor/laravel/framework/src/Illuminate/Database/Connectors/Connector.php:66)
[stacktrace]
#0 C:/Users/91812/Herd/MishoraCRM/vendor/laravel/framework/src/Illuminate/Database/Connectors/Connector.php(66): PDO->__construct('mysql:host=127....', 'root', Object(SensitiveParameterValue), Array)
#1 C:/Users/91812/Herd/MishoraCRM/vendor/laravel/framework/src/Illuminate/Database/Connectors/Connector.php(85): Illuminate/Database/Connectors/Connector->createPdoConnection('mysql:host=127....', 'root', Object(SensitiveParameterValue), Array)
#2 C:/Users/91812/Herd/MishoraCRM/vendor/laravel/framework/src/Illuminate/Database/Connectors/Connector.php(48): Illuminate/Database/Connectors/Connector->tryAgainIfCausedByLostConnection(Object(PDOException), 'mysql:host=127....', 'root', Object(SensitiveParameterValue), Array)
#3 C:/Users/91812/Herd/MishoraCRM/vendor/laravel/framework/src/Illuminate/Database/Connectors/MySqlConnector.php(24): Illuminate/Database/Connectors/Connector->createConnection('mysql:host=127....', Array, Array)
#4 C:/Users/91812/Herd/MishoraCRM/vendor/laravel/framework/src/Illuminate/Database/Connectors/ConnectionFactory.php(185): Illuminate/Database/Connectors/MySqlConnector->connect(Array)
#5 [internal function]: Illuminate/Database/Connectors/ConnectionFactory->Illuminate/Database/Connectors/{closure}()
#6 C:/Users/91812/Herd/MishoraCRM/vendor/laravel/framework/src/Illuminate/Database/Connection.php(1231): call_user_func(Object(Closure))
#7 C:/Users/91812/Herd/MishoraCRM/vendor/laravel/framework/src/Illuminate/Database/Connection.php(1267): Illuminate/Database/Connection->getPdo()
#8 C:/Users/91812/Herd/MishoraCRM/vendor/laravel/framework/src/Illuminate/Database/Connection.php(512): Illuminate/Database/Connection->getReadPdo()
#9 C:/Users/91812/Herd/MishoraCRM/vendor/laravel/framework/src/Illuminate/Database/Connection.php(407): Illuminate/Database/Connection->getPdoForSelect(true)
#10 C:/Users/91812/Herd/MishoraCRM/vendor/laravel/framework/src/Illuminate/Database/Connection.php(812): Illuminate/Database/Connection->Illuminate/Database/{closure}('select count(*)...', Array)
#11 C:/Users/91812/Herd/MishoraCRM/vendor/laravel/framework/src/Illuminate/Database/Connection.php(979): Illuminate/Database/Connection->runQueryCallback('select count(*)...', Array, Object(Closure))
#12 C:/Users/91812/Herd/MishoraCRM/vendor/laravel/framework/src/Illuminate/Database/Connection.php(958): Illuminate/Database/Connection->tryAgainIfCausedByLostConnection(Object(Illuminate/Database/QueryException), 'select count(*)...', Array, Object(Closure))
#13 C:/Users/91812/Herd/MishoraCRM/vendor/laravel/framework/src/Illuminate/Database/Connection.php(781): Illuminate/Database/Connection->handleQueryException(Object(Illuminate/Database/QueryException), 'select count(*)...', Array, Object(Closure))
#14 C:/Users/91812/Herd/MishoraCRM/vendor/laravel/framework/src/Illuminate/Database/Connection.php(398): Illuminate/Database/Connection->run('select count(*)...', Array, Object(Closure))
#15 C:/Users/91812/Herd/MishoraCRM/vendor/laravel/framework/src/Illuminate/Database/Query/Builder.php(3106): Illuminate/Database/Connection->select('select count(*)...', Array, true)
#16 C:/Users/91812/Herd/MishoraCRM/vendor/laravel/framework/src/Illuminate/Database/Query/Builder.php(3091): Illuminate/Database/Query/Builder->runSelect()
#17 C:/Users/91812/Herd/MishoraCRM/vendor/laravel/framework/src/Illuminate/Database/Query/Builder.php(3676): Illuminate/Database/Query/Builder->Illuminate/Database/Query/{closure}()
#18 C:/Users/91812/Herd/MishoraCRM/vendor/laravel/framework/src/Illuminate/Database/Query/Builder.php(3090): Illuminate/Database/Query/Builder->onceWithColumns(Array, Object(Closure))
#19 C:/Users/91812/Herd/MishoraCRM/vendor/laravel/framework/src/Illuminate/Database/Query/Builder.php(3603): Illuminate/Database/Query/Builder->get(Array)
#20 C:/Users/91812/Herd/MishoraCRM/vendor/laravel/framework/src/Illuminate/Database/Query/Builder.php(3531): Illuminate/Database/Query/Builder->aggregate('count', Array)
#21 C:/Users/91812/Herd/MishoraCRM/vendor/laravel/telescope/src/Storage/DatabaseEntriesRepository.php(123): Illuminate/Database/Query/Builder->count()
#22 C:/Users/91812/Herd/MishoraCRM/vendor/laravel/telescope/src/Storage/DatabaseEntriesRepository.php(165): Laravel/Telescope/Storage/DatabaseEntriesRepository->countExceptionOccurences(Object(Laravel/Telescope/IncomingExceptionEntry))
#23 [internal function]: Laravel/Telescope/Storage/DatabaseEntriesRepository->Laravel/Telescope/Storage/{closure}(Object(Laravel/Telescope/IncomingExceptionEntry), 1)
#24 C:/Users/91812/Herd/MishoraCRM/vendor/laravel/framework/src/Illuminate/Collections/Arr.php(609): array_map(Object(Closure), Array, Array)
#25 C:/Users/91812/Herd/MishoraCRM/vendor/laravel/framework/src/Illuminate/Collections/Collection.php(799): Illuminate/Support/Arr::map(Array, Object(Closure))
#26 C:/Users/91812/Herd/MishoraCRM/vendor/laravel/telescope/src/Storage/DatabaseEntriesRepository.php(164): Illuminate/Support/Collection->map(Object(Closure))
#27 C:/Users/91812/Herd/MishoraCRM/vendor/laravel/framework/src/Illuminate/Collections/Traits/EnumeratesValues.php(261): Laravel/Telescope/Storage/DatabaseEntriesRepository->Laravel/Telescope/Storage/{closure}(Object(Illuminate/Support/Collection), 0)
#28 C:/Users/91812/Herd/MishoraCRM/vendor/laravel/telescope/src/Storage/DatabaseEntriesRepository.php(163): Illuminate/Support/Collection->each(Object(Closure))
#29 C:/Users/91812/Herd/MishoraCRM/vendor/laravel/telescope/src/Storage/DatabaseEntriesRepository.php(140): Laravel/Telescope/Storage/DatabaseEntriesRepository->storeExceptions(Object(Illuminate/Support/Collection))
#30 C:/Users/91812/Herd/MishoraCRM/vendor/laravel/telescope/src/Telescope.php(664): Laravel/Telescope/Storage/DatabaseEntriesRepository->store(Object(Illuminate/Support/Collection))
#31 [internal function]: Laravel/Telescope/Telescope::Laravel/Telescope/{closure}()
#32 C:/Users/91812/Herd/MishoraCRM/vendor/laravel/telescope/src/Telescope.php(289): call_user_func(Object(Closure))
#33 C:/Users/91812/Herd/MishoraCRM/vendor/laravel/telescope/src/Telescope.php(656): Laravel/Telescope/Telescope::withoutRecording(Object(Closure))
#34 C:/Users/91812/Herd/MishoraCRM/vendor/laravel/telescope/src/ListensForStorageOpportunities.php(65): Laravel/Telescope/Telescope::store(Object(Laravel/Telescope/Storage/DatabaseEntriesRepository))
#35 C:/Users/91812/Herd/MishoraCRM/vendor/laravel/framework/src/Illuminate/Container/BoundMethod.php(36): Laravel/Telescope/Telescope::Laravel/Telescope/{closure}()
#36 C:/Users/91812/Herd/MishoraCRM/vendor/laravel/framework/src/Illuminate/Container/Util.php(43): Illuminate/Container/BoundMethod::Illuminate/Container/{closure}()
#37 C:/Users/91812/Herd/MishoraCRM/vendor/laravel/framework/src/Illuminate/Container/BoundMethod.php(83): Illuminate/Container/Util::unwrapIfClosure(Object(Closure))
#38 C:/Users/91812/Herd/MishoraCRM/vendor/laravel/framework/src/Illuminate/Container/BoundMethod.php(35): Illuminate/Container/BoundMethod::callBoundMethod(Object(Illuminate/Foundation/Application), Object(Closure), Object(Closure))
#39 C:/Users/91812/Herd/MishoraCRM/vendor/laravel/framework/src/Illuminate/Container/Container.php(696): Illuminate/Container/BoundMethod::call(Object(Illuminate/Foundation/Application), Object(Closure), Array, NULL)
#40 C:/Users/91812/Herd/MishoraCRM/vendor/laravel/framework/src/Illuminate/Foundation/Application.php(1452): Illuminate/Container/Container->call(Object(Closure))
#41 C:/Users/91812/Herd/MishoraCRM/vendor/laravel/framework/src/Illuminate/Foundation/Http/Kernel.php(218): Illuminate/Foundation/Application->terminate()
#42 C:/Users/91812/Herd/MishoraCRM/vendor/laravel/framework/src/Illuminate/Foundation/Application.php(1222): Illuminate/Foundation/Http/Kernel->terminate(Object(Illuminate/Http/Request), Object(Illuminate/Http/Response))
#43 C:/Users/91812/Herd/MishoraCRM/public/index.php(17): Illuminate/Foundation/Application->handleRequest(Object(Illuminate/Http/Request))
#44 C:/Users/91812/Herd/MishoraCRM/vendor/laravel/framework/src/Illuminate/Foundation/resources/server.php(23): require_once('C://Users//91812//...')
#45 {main}
"} 
[2026-09-25 23:02:31] local.ERROR: SQLSTATE[HY000]: General error: 1273 Unknown collation: 'utf8mb4_0900_ai_ci' (Connection: mysql, SQL: insert into `telescope_entries` (`batch_id`, `content`, `created_at`, `family_hash`, `type`, `uuid`) values (a2d50296-6bea-4540-8396-3cbd5c793fdb, {"connection":"sqlite","driver":"sqlite","bindings":[],"sql":"select * from \"users\" where \"id\" = 13 limit 1","time":"4.06","slow":false,"file":"C:\\Users\\91812\\Herd\\MishoraCRM\\public\\index.php","line":17,"hash":"e168a3874c0ada5e1f25f41f9b7c87be","hostname":"LAPTOP-RR8E4AHP"}, 2026-09-25 23:02:31, ?, query, a2d50296-4614-42d4-ae2e-45bb2bf3ebf6), (a2d50296-6bea-4540-8396-3cbd5c793fdb, {"connection":"sqlite","driver":"sqlite","bindings":[],"sql":"select * from \"users\" where \"id\" = '13' limit 1","time":"0.32","slow":false,"file":"C:\\Users\\91812\\Herd\\MishoraCRM\\public\\index.php","line":17,"hash":"e168a3874c0ada5e1f25f41f9b7c87be","hostname":"LAPTOP-RR8E4AHP"}, 2026-09-25 23:02:31, ?, query, a2d50296-6094-4d5a-b503-345c6fae0f53), (a2d50296-6bea-4540-8396-3cbd5c793fdb, {"ip_address":"127.0.0.1","uri":"\/notifications\/latest","method":"GET","controller_action":"App\\Http\\Controllers\\Web\\Tenant\\NotificationController@latest","middleware":["web","tenant","auth","subscription"],"headers":{"host":"127.0.0.1:8000","connection":"keep-alive","sec-ch-ua-platform":"\"Windows\"","user-agent":"Mozilla\/5.0 (Windows NT 10.0; Win64; x64) AppleWebKit\/537.36 (KHTML, like Gecko) Chrome\/153.0.0.0 Safari\/537.36","accept":"application\/json","sec-ch-ua":"\"Google Chrome\";v=\"153\", \"Not_A Brand\";v=\"8\", \"Chromium\";v=\"153\"","sec-ch-ua-mobile":"?0","sec-fetch-site":"same-origin","sec-fetch-mode":"cors","sec-fetch-dest":"empty","referer":"http:\/\/127.0.0.1:8000\/superadmin\/tenants","accept-encoding":"gzip, deflate, br, zstd","accept-language":"en-US,en;q=0.9,ja;q=0.8","cookie":"remember_web_59ba36addc2b2f9401580f014c7f58ea4e30989d=eyJpdiI6ImFkTVpSQ2dzMGZJN21SaCtSVGNidVE9PSIsInZhbHVlIjoibnZtUnlqaVlRSHZwQ25GLytIR1NJb2FWUWVraHFicWE0cFNTMUdHcVA1eCtNQ0pJMktnaWIwb3RGNitYWDVZZVYvK0dUUStObUQ5SU5NWkV6YVJlVTIwdkRVNHJoaW1NZVpHdi81bi8vbDArK3Z2S1pkeTZTblFVODNOVEF3YjA4YWRaTlNjZnF5TDR5K0hLQnJOY1RvMmFnQU9DUXlwbVV1MUlscW1GNG9lZzRBVHo1TkR4amdhMGZGMnBCaElsSVNRNWFEZ1lLbmo2YjArTmdUeEhtcTZHS1FhSHBCZERDY2dybVhDYm9aOD0iLCJtYWMiOiIxMDViODZiZmZlNWU2N2Y5YmI4Yzk0MWQ2NTlhMmU5NDg3MmZkNmE0ZjYyNzI3ZGM5NDMyYWEyM2I1OGU1Njk5IiwidGFnIjoiIn0%3D; XSRF-TOKEN=eyJpdiI6IjNrSElQRmlmOXlFUHZ0c0pVUjQ2RHc9PSIsInZhbHVlIjoibVg4eVBBeFFwRGJaNHphZytWc09UUVpxbXQ5QWhZL0ZhaG1ZalZKL0sxNjVvZVBFTTk4aHNxcTc1UWxKVkU4WFNRM0ZaR09hbW93cFdTM0pzcTlvZlRYcDMvMUZvbG9xTzM0YjFxT0QrajdieHhOSmZ1OUxTWUxCVkFNMUFBb0EiLCJtYWMiOiJhNmUxMTcyMjEyZTQ0MGNiYjAzNTRjYjhmMzViNzZlYjQyOGI5MGRiODc0YWYxNzUzMGY5OTkwODY2NTZmNjZkIiwidGFnIjoiIn0%3D; mishora_crm_session=eyJpdiI6IjZUWDlDVUF4Y05sNUk4VDhOaEFINUE9PSIsInZhbHVlIjoiMk41N1dxZHIxaWYxV2k4UlVtSTJ2NDIrZ3BqUDRKcG42MHUwOWowenYza0NZeFZ6M1JlZXdJdlJ0WTUvT25WWGFkN0NKc0hUTUIvUHFKS3k0NWtsQTZIN1ZPNFoxRlc5ZFdZTkhlNDFFWDN4L091K200WHB4d3poRi9HRlMvQUYiLCJtYWMiOiI5MTQ3NTVkYmYwNzdmY2QxODVmNzEyMzJkZmJjMjJkZjI2YzM1NzZiMzczZjlmNjVmMDY3ODU4NTRhZmYwMWYwIiwidGFnIjoiIn0%3D"},"payload":[],"session":{"_token":"veSGRrKXry31t7UEaPT044RFqNsrvgKaUjYmnD7m","_previous":{"url":"http:\/\/127.0.0.1:8000\/notifications\/latest"},"_flash":{"old":[],"new":[]},"login_web_59ba36addc2b2f9401580f014c7f58ea4e30989d":13},"response_headers":{"cache-control":"no-cache, private","date":"Fri, 25 Sep 2026 17:32:31 GMT","content-type":"application\/json","set-cookie":"XSRF-TOKEN=eyJpdiI6Ik1Gc0x1bDAvS3dJOU44b3dZNVBVM3c9PSIsInZhbHVlIjoiSzFyNnRseHY5WkdKbnpNSmVHN3BjSjhaRTRXT0pIOUEwd0Nyejh3SDU1MktxT1BIbUZnb2dLOHhPQzFJRWNtbVN3WmREVkp4UXR1ZTREMm9BTzVYc0xqMzQrR0w5Y2xqNzh6NnIvWEp0RWwwOGxCUERITGRDVlVhM3RjSnRXck8iLCJtYWMiOiJiMTBmYWIzZDE0N2IyNjE2OGNjNTI4NDM1OTEwNWVjZTYwYTI5YTlkNTk5YjkxZGJjMDg0MDIzZWUyZTQxMjM4IiwidGFnIjoiIn0%3D; expires=Fri, 25 Sep 2026 19:32:31 GMT; Max-Age=7200; path=\/; samesite=lax, mishora_crm_session=eyJpdiI6IktIcGZMSDJab2pncXZuOTIzdEQvVVE9PSIsInZhbHVlIjoiZ2loY3liSW03dWxGOW0xZXZXTjNyeUpuUkNYTDRsdzFJakE3MWJTdnIvQW4vTUFyL0hNOWlCRG5oTzdHWUFLQTdKaithTldrVG5yYkYvNkZ6NkRXL3psTGsxNmpqMkNlcytJdXE4V1V5U3VvOWRmTkFLOW93VU4rTlo2REpmdjYiLCJtYWMiOiI5OWYxNzMyMTRmMjQ0NGMwN2Y2YTJlZDJhNjQxMTdhNWJmMDkxMTQ5NDI5YmI2NWMzNTZkMzc2MjhiMTExMTIzIiwidGFnIjoiIn0%3D; expires=Fri, 25 Sep 2026 19:32:31 GMT; Max-Age=7200; path=\/; httponly; samesite=lax"},"response_status":500,"response":{"success":false,"message":"Unauthenticated."},"duration":1657,"memory":30,"hostname":"LAPTOP-RR8E4AHP"}, 2026-09-25 23:02:31, ?, request, a2d50296-6862-4e1b-aa97-e81fae5317bd)) {"userId":13,"exception":"[object] (Illuminate\\Database\\QueryException(code: HY000): SQLSTATE[HY000]: General error: 1273 Unknown collation: 'utf8mb4_0900_ai_ci' (Connection: mysql, SQL: insert into `telescope_entries` (`batch_id`, `content`, `created_at`, `family_hash`, `type`, `uuid`) values (a2d50296-6bea-4540-8396-3cbd5c793fdb, {\"connection\":\"sqlite\",\"driver\":\"sqlite\",\"bindings\":[],\"sql\":\"select * from \\\"users\\\" where \\\"id\\\" = 13 limit 1\",\"time\":\"4.06\",\"slow\":false,\"file\":\"C:\\\\Users\\\\91812\\\\Herd\\\\MishoraCRM\\\\public\\\\index.php\",\"line\":17,\"hash\":\"e168a3874c0ada5e1f25f41f9b7c87be\",\"hostname\":\"LAPTOP-RR8E4AHP\"}, 2026-09-25 23:02:31, ?, query, a2d50296-4614-42d4-ae2e-45bb2bf3ebf6), (a2d50296-6bea-4540-8396-3cbd5c793fdb, {\"connection\":\"sqlite\",\"driver\":\"sqlite\",\"bindings\":[],\"sql\":\"select * from \\\"users\\\" where \\\"id\\\" = '13' limit 1\",\"time\":\"0.32\",\"slow\":false,\"file\":\"C:\\\\Users\\\\91812\\\\Herd\\\\MishoraCRM\\\\public\\\\index.php\",\"line\":17,\"hash\":\"e168a3874c0ada5e1f25f41f9b7c87be\",\"hostname\":\"LAPTOP-RR8E4AHP\"}, 2026-09-25 23:02:31, ?, query, a2d50296-6094-4d5a-b503-345c6fae0f53), (a2d50296-6bea-4540-8396-3cbd5c793fdb, {\"ip_address\":\"127.0.0.1\",\"uri\":\"\\/notifications\\/latest\",\"method\":\"GET\",\"controller_action\":\"App\\\\Http\\\\Controllers\\\\Web\\\\Tenant\\\\NotificationController@latest\",\"middleware\":[\"web\",\"tenant\",\"auth\",\"subscription\"],\"headers\":{\"host\":\"127.0.0.1:8000\",\"connection\":\"keep-alive\",\"sec-ch-ua-platform\":\"\\\"Windows\\\"\",\"user-agent\":\"Mozilla\\/5.0 (Windows NT 10.0; Win64; x64) AppleWebKit\\/537.36 (KHTML, like Gecko) Chrome\\/153.0.0.0 Safari\\/537.36\",\"accept\":\"application\\/json\",\"sec-ch-ua\":\"\\\"Google Chrome\\\";v=\\\"153\\\", \\\"Not_A Brand\\\";v=\\\"8\\\", \\\"Chromium\\\";v=\\\"153\\\"\",\"sec-ch-ua-mobile\":\"?0\",\"sec-fetch-site\":\"same-origin\",\"sec-fetch-mode\":\"cors\",\"sec-fetch-dest\":\"empty\",\"referer\":\"http:\\/\\/127.0.0.1:8000\\/superadmin\\/tenants\",\"accept-encoding\":\"gzip, deflate, br, zstd\",\"accept-language\":\"en-US,en;q=0.9,ja;q=0.8\",\"cookie\":\"remember_web_59ba36addc2b2f9401580f014c7f58ea4e30989d=eyJpdiI6ImFkTVpSQ2dzMGZJN21SaCtSVGNidVE9PSIsInZhbHVlIjoibnZtUnlqaVlRSHZwQ25GLytIR1NJb2FWUWVraHFicWE0cFNTMUdHcVA1eCtNQ0pJMktnaWIwb3RGNitYWDVZZVYvK0dUUStObUQ5SU5NWkV6YVJlVTIwdkRVNHJoaW1NZVpHdi81bi8vbDArK3Z2S1pkeTZTblFVODNOVEF3YjA4YWRaTlNjZnF5TDR5K0hLQnJOY1RvMmFnQU9DUXlwbVV1MUlscW1GNG9lZzRBVHo1TkR4amdhMGZGMnBCaElsSVNRNWFEZ1lLbmo2YjArTmdUeEhtcTZHS1FhSHBCZERDY2dybVhDYm9aOD0iLCJtYWMiOiIxMDViODZiZmZlNWU2N2Y5YmI4Yzk0MWQ2NTlhMmU5NDg3MmZkNmE0ZjYyNzI3ZGM5NDMyYWEyM2I1OGU1Njk5IiwidGFnIjoiIn0%3D; XSRF-TOKEN=eyJpdiI6IjNrSElQRmlmOXlFUHZ0c0pVUjQ2RHc9PSIsInZhbHVlIjoibVg4eVBBeFFwRGJaNHphZytWc09UUVpxbXQ5QWhZL0ZhaG1ZalZKL0sxNjVvZVBFTTk4aHNxcTc1UWxKVkU4WFNRM0ZaR09hbW93cFdTM0pzcTlvZlRYcDMvMUZvbG9xTzM0YjFxT0QrajdieHhOSmZ1OUxTWUxCVkFNMUFBb0EiLCJtYWMiOiJhNmUxMTcyMjEyZTQ0MGNiYjAzNTRjYjhmMzViNzZlYjQyOGI5MGRiODc0YWYxNzUzMGY5OTkwODY2NTZmNjZkIiwidGFnIjoiIn0%3D; mishora_crm_session=eyJpdiI6IjZUWDlDVUF4Y05sNUk4VDhOaEFINUE9PSIsInZhbHVlIjoiMk41N1dxZHIxaWYxV2k4UlVtSTJ2NDIrZ3BqUDRKcG42MHUwOWowenYza0NZeFZ6M1JlZXdJdlJ0WTUvT25WWGFkN0NKc0hUTUIvUHFKS3k0NWtsQTZIN1ZPNFoxRlc5ZFdZTkhlNDFFWDN4L091K200WHB4d3poRi9HRlMvQUYiLCJtYWMiOiI5MTQ3NTVkYmYwNzdmY2QxODVmNzEyMzJkZmJjMjJkZjI2YzM1NzZiMzczZjlmNjVmMDY3ODU4NTRhZmYwMWYwIiwidGFnIjoiIn0%3D\"},\"payload\":[],\"session\":{\"_token\":\"veSGRrKXry31t7UEaPT044RFqNsrvgKaUjYmnD7m\",\"_previous\":{\"url\":\"http:\\/\\/127.0.0.1:8000\\/notifications\\/latest\"},\"_flash\":{\"old\":[],\"new\":[]},\"login_web_59ba36addc2b2f9401580f014c7f58ea4e30989d\":13},\"response_headers\":{\"cache-control\":\"no-cache, private\",\"date\":\"Fri, 25 Sep 2026 17:32:31 GMT\",\"content-type\":\"application\\/json\",\"set-cookie\":\"XSRF-TOKEN=eyJpdiI6Ik1Gc0x1bDAvS3dJOU44b3dZNVBVM3c9PSIsInZhbHVlIjoiSzFyNnRseHY5WkdKbnpNSmVHN3BjSjhaRTRXT0pIOUEwd0Nyejh3SDU1MktxT1BIbUZnb2dLOHhPQzFJRWNtbVN3WmREVkp4UXR1ZTREMm9BTzVYc0xqMzQrR0w5Y2xqNzh6NnIvWEp0RWwwOGxCUERITGRDVlVhM3RjSnRXck8iLCJtYWMiOiJiMTBmYWIzZDE0N2IyNjE2OGNjNTI4NDM1OTEwNWVjZTYwYTI5YTlkNTk5YjkxZGJjMDg0MDIzZWUyZTQxMjM4IiwidGFnIjoiIn0%3D; expires=Fri, 25 Sep 2026 19:32:31 GMT; Max-Age=7200; path=\\/; samesite=lax, mishora_crm_session=eyJpdiI6IktIcGZMSDJab2pncXZuOTIzdEQvVVE9PSIsInZhbHVlIjoiZ2loY3liSW03dWxGOW0xZXZXTjNyeUpuUkNYTDRsdzFJakE3MWJTdnIvQW4vTUFyL0hNOWlCRG5oTzdHWUFLQTdKaithTldrVG5yYkYvNkZ6NkRXL3psTGsxNmpqMkNlcytJdXE4V1V5U3VvOWRmTkFLOW93VU4rTlo2REpmdjYiLCJtYWMiOiI5OWYxNzMyMTRmMjQ0NGMwN2Y2YTJlZDJhNjQxMTdhNWJmMDkxMTQ5NDI5YmI2NWMzNTZkMzc2MjhiMTExMTIzIiwidGFnIjoiIn0%3D; expires=Fri, 25 Sep 2026 19:32:31 GMT; Max-Age=7200; path=\\/; httponly; samesite=lax\"},\"response_status\":500,\"response\":{\"success\":false,\"message\":\"Unauthenticated.\"},\"duration\":1657,\"memory\":30,\"hostname\":\"LAPTOP-RR8E4AHP\"}, 2026-09-25 23:02:31, ?, request, a2d50296-6862-4e1b-aa97-e81fae5317bd)) at C:/Users/91812/Herd/MishoraCRM/vendor/laravel/framework/src/Illuminate/Database/Connection.php:825)
[stacktrace]
#0 C:/Users/91812/Herd/MishoraCRM/vendor/laravel/framework/src/Illuminate/Database/Connection.php(779): Illuminate/Database/Connection->runQueryCallback('insert into `te...', Array, Object(Closure))
#1 C:/Users/91812/Herd/MishoraCRM/vendor/laravel/framework/src/Illuminate/Database/MySqlConnection.php(42): Illuminate/Database/Connection->run('insert into `te...', Array, Object(Closure))
#2 C:/Users/91812/Herd/MishoraCRM/vendor/laravel/framework/src/Illuminate/Database/Query/Builder.php(3717): Illuminate/Database/MySqlConnection->insert('insert into `te...', Array)
#3 C:/Users/91812/Herd/MishoraCRM/vendor/laravel/telescope/src/Storage/DatabaseEntriesRepository.php(145): Illuminate/Database/Query/Builder->insert(Array)
#4 C:/Users/91812/Herd/MishoraCRM/vendor/laravel/framework/src/Illuminate/Collections/Traits/EnumeratesValues.php(261): Laravel/Telescope/Storage/DatabaseEntriesRepository->Laravel/Telescope/Storage/{closure}(Object(Illuminate/Support/Collection), 0)
#5 C:/Users/91812/Herd/MishoraCRM/vendor/laravel/telescope/src/Storage/DatabaseEntriesRepository.php(144): Illuminate/Support/Collection->each(Object(Closure))
#6 C:/Users/91812/Herd/MishoraCRM/vendor/laravel/telescope/src/Telescope.php(664): Laravel/Telescope/Storage/DatabaseEntriesRepository->store(Object(Illuminate/Support/Collection))
#7 [internal function]: Laravel/Telescope/Telescope::Laravel/Telescope/{closure}()
#8 C:/Users/91812/Herd/MishoraCRM/vendor/laravel/telescope/src/Telescope.php(289): call_user_func(Object(Closure))
#9 C:/Users/91812/Herd/MishoraCRM/vendor/laravel/telescope/src/Telescope.php(656): Laravel/Telescope/Telescope::withoutRecording(Object(Closure))
#10 C:/Users/91812/Herd/MishoraCRM/vendor/laravel/telescope/src/ListensForStorageOpportunities.php(65): Laravel/Telescope/Telescope::store(Object(Laravel/Telescope/Storage/DatabaseEntriesRepository))
#11 C:/Users/91812/Herd/MishoraCRM/vendor/laravel/framework/src/Illuminate/Container/BoundMethod.php(36): Laravel/Telescope/Telescope::Laravel/Telescope/{closure}()
#12 C:/Users/91812/Herd/MishoraCRM/vendor/laravel/framework/src/Illuminate/Container/Util.php(43): Illuminate/Container/BoundMethod::Illuminate/Container/{closure}()
#13 C:/Users/91812/Herd/MishoraCRM/vendor/laravel/framework/src/Illuminate/Container/BoundMethod.php(83): Illuminate/Container/Util::unwrapIfClosure(Object(Closure))
#14 C:/Users/91812/Herd/MishoraCRM/vendor/laravel/framework/src/Illuminate/Container/BoundMethod.php(35): Illuminate/Container/BoundMethod::callBoundMethod(Object(Illuminate/Foundation/Application), Object(Closure), Object(Closure))
#15 C:/Users/91812/Herd/MishoraCRM/vendor/laravel/framework/src/Illuminate/Container/Container.php(696): Illuminate/Container/BoundMethod::call(Object(Illuminate/Foundation/Application), Object(Closure), Array, NULL)
#16 C:/Users/91812/Herd/MishoraCRM/vendor/laravel/framework/src/Illuminate/Foundation/Application.php(1452): Illuminate/Container/Container->call(Object(Closure))
#17 C:/Users/91812/Herd/MishoraCRM/vendor/laravel/framework/src/Illuminate/Foundation/Http/Kernel.php(218): Illuminate/Foundation/Application->terminate()
#18 C:/Users/91812/Herd/MishoraCRM/vendor/laravel/framework/src/Illuminate/Foundation/Application.php(1222): Illuminate/Foundation/Http/Kernel->terminate(Object(Illuminate/Http/Request), Object(Illuminate/Http/JsonResponse))
#19 C:/Users/91812/Herd/MishoraCRM/public/index.php(17): Illuminate/Foundation/Application->handleRequest(Object(Illuminate/Http/Request))
#20 C:/Users/91812/Herd/MishoraCRM/vendor/laravel/framework/src/Illuminate/Foundation/resources/server.php(23): require_once('C://Users//91812//...')
#21 {main}

[previous exception] [object] (PDOException(code: HY000): SQLSTATE[HY000]: General error: 1273 Unknown collation: 'utf8mb4_0900_ai_ci' at C:/Users/91812/Herd/MishoraCRM/vendor/laravel/framework/src/Illuminate/Database/Connectors/MySqlConnector.php:121)
[stacktrace]
#0 C:/Users/91812/Herd/MishoraCRM/vendor/laravel/framework/src/Illuminate/Database/Connectors/MySqlConnector.php(121): PDO->exec('SET NAMES 'utf8...')
#1 C:/Users/91812/Herd/MishoraCRM/vendor/laravel/framework/src/Illuminate/Database/Connectors/MySqlConnector.php(32): Illuminate/Database/Connectors/MySqlConnector->configureConnection(Object(PDO), Array)
#2 C:/Users/91812/Herd/MishoraCRM/vendor/laravel/framework/src/Illuminate/Database/Connectors/ConnectionFactory.php(185): Illuminate/Database/Connectors/MySqlConnector->connect(Array)
#3 [internal function]: Illuminate/Database/Connectors/ConnectionFactory->Illuminate/Database/Connectors/{closure}()
#4 C:/Users/91812/Herd/MishoraCRM/vendor/laravel/framework/src/Illuminate/Database/Connection.php(1231): call_user_func(Object(Closure))
#5 C:/Users/91812/Herd/MishoraCRM/vendor/laravel/framework/src/Illuminate/Database/MySqlConnection.php(47): Illuminate/Database/Connection->getPdo()
#6 C:/Users/91812/Herd/MishoraCRM/vendor/laravel/framework/src/Illuminate/Database/Connection.php(812): Illuminate/Database/MySqlConnection->Illuminate/Database/{closure}('insert into `te...', Array)
#7 C:/Users/91812/Herd/MishoraCRM/vendor/laravel/framework/src/Illuminate/Database/Connection.php(779): Illuminate/Database/Connection->runQueryCallback('insert into `te...', Array, Object(Closure))
#8 C:/Users/91812/Herd/MishoraCRM/vendor/laravel/framework/src/Illuminate/Database/MySqlConnection.php(42): Illuminate/Database/Connection->run('insert into `te...', Array, Object(Closure))
#9 C:/Users/91812/Herd/MishoraCRM/vendor/laravel/framework/src/Illuminate/Database/Query/Builder.php(3717): Illuminate/Database/MySqlConnection->insert('insert into `te...', Array)
#10 C:/Users/91812/Herd/MishoraCRM/vendor/laravel/telescope/src/Storage/DatabaseEntriesRepository.php(145): Illuminate/Database/Query/Builder->insert(Array)
#11 C:/Users/91812/Herd/MishoraCRM/vendor/laravel/framework/src/Illuminate/Collections/Traits/EnumeratesValues.php(261): Laravel/Telescope/Storage/DatabaseEntriesRepository->Laravel/Telescope/Storage/{closure}(Object(Illuminate/Support/Collection), 0)
#12 C:/Users/91812/Herd/MishoraCRM/vendor/laravel/telescope/src/Storage/DatabaseEntriesRepository.php(144): Illuminate/Support/Collection->each(Object(Closure))
#13 C:/Users/91812/Herd/MishoraCRM/vendor/laravel/telescope/src/Telescope.php(664): Laravel/Telescope/Storage/DatabaseEntriesRepository->store(Object(Illuminate/Support/Collection))
#14 [internal function]: Laravel/Telescope/Telescope::Laravel/Telescope/{closure}()
#15 C:/Users/91812/Herd/MishoraCRM/vendor/laravel/telescope/src/Telescope.php(289): call_user_func(Object(Closure))
#16 C:/Users/91812/Herd/MishoraCRM/vendor/laravel/telescope/src/Telescope.php(656): Laravel/Telescope/Telescope::withoutRecording(Object(Closure))
#17 C:/Users/91812/Herd/MishoraCRM/vendor/laravel/telescope/src/ListensForStorageOpportunities.php(65): Laravel/Telescope/Telescope::store(Object(Laravel/Telescope/Storage/DatabaseEntriesRepository))
#18 C:/Users/91812/Herd/MishoraCRM/vendor/laravel/framework/src/Illuminate/Container/BoundMethod.php(36): Laravel/Telescope/Telescope::Laravel/Telescope/{closure}()
#19 C:/Users/91812/Herd/MishoraCRM/vendor/laravel/framework/src/Illuminate/Container/Util.php(43): Illuminate/Container/BoundMethod::Illuminate/Container/{closure}()
#20 C:/Users/91812/Herd/MishoraCRM/vendor/laravel/framework/src/Illuminate/Container/BoundMethod.php(83): Illuminate/Container/Util::unwrapIfClosure(Object(Closure))
#21 C:/Users/91812/Herd/MishoraCRM/vendor/laravel/framework/src/Illuminate/Container/BoundMethod.php(35): Illuminate/Container/BoundMethod::callBoundMethod(Object(Illuminate/Foundation/Application), Object(Closure), Object(Closure))
#22 C:/Users/91812/Herd/MishoraCRM/vendor/laravel/framework/src/Illuminate/Container/Container.php(696): Illuminate/Container/BoundMethod::call(Object(Illuminate/Foundation/Application), Object(Closure), Array, NULL)
#23 C:/Users/91812/Herd/MishoraCRM/vendor/laravel/framework/src/Illuminate/Foundation/Application.php(1452): Illuminate/Container/Container->call(Object(Closure))
#24 C:/Users/91812/Herd/MishoraCRM/vendor/laravel/framework/src/Illuminate/Foundation/Http/Kernel.php(218): Illuminate/Foundation/Application->terminate()
#25 C:/Users/91812/Herd/MishoraCRM/vendor/laravel/framework/src/Illuminate/Foundation/Application.php(1222): Illuminate/Foundation/Http/Kernel->terminate(Object(Illuminate/Http/Request), Object(Illuminate/Http/JsonResponse))
#26 C:/Users/91812/Herd/MishoraCRM/public/index.php(17): Illuminate/Foundation/Application->handleRequest(Object(Illuminate/Http/Request))
#27 C:/Users/91812/Herd/MishoraCRM/vendor/laravel/framework/src/Illuminate/Foundation/resources/server.php(23): require_once('C://Users//91812//...')
#28 {main}
"} 
[2026-09-25 23:02:41] local.ERROR: could not find driver (Connection: pgsql, SQL: select * from "users" where "id" = 13 limit 1) {"exception":"[object] (Illuminate\\Database\\QueryException(code: 0): could not find driver (Connection: pgsql, SQL: select * from \"users\" where \"id\" = 13 limit 1) at C:/Users/91812/Herd/MishoraCRM/vendor/laravel/framework/src/Illuminate/Database/Connection.php:825)
[stacktrace]
#0 C:/Users/91812/Herd/MishoraCRM/vendor/laravel/framework/src/Illuminate/Database/Connection.php(779): Illuminate/Database/Connection->runQueryCallback('select * from \"...', Array, Object(Closure))
#1 C:/Users/91812/Herd/MishoraCRM/vendor/laravel/framework/src/Illuminate/Database/Connection.php(398): Illuminate/Database/Connection->run('select * from \"...', Array, Object(Closure))
#2 C:/Users/91812/Herd/MishoraCRM/vendor/laravel/framework/src/Illuminate/Database/Query/Builder.php(3106): Illuminate/Database/Connection->select('select * from \"...', Array, true)
#3 C:/Users/91812/Herd/MishoraCRM/vendor/laravel/framework/src/Illuminate/Database/Query/Builder.php(3091): Illuminate/Database/Query/Builder->runSelect()
#4 C:/Users/91812/Herd/MishoraCRM/vendor/laravel/framework/src/Illuminate/Database/Query/Builder.php(3676): Illuminate/Database/Query/Builder->Illuminate/Database/Query/{closure}()
#5 C:/Users/91812/Herd/MishoraCRM/vendor/laravel/framework/src/Illuminate/Database/Query/Builder.php(3090): Illuminate/Database/Query/Builder->onceWithColumns(Array, Object(Closure))
#6 C:/Users/91812/Herd/MishoraCRM/vendor/laravel/framework/src/Illuminate/Database/Eloquent/Builder.php(811): Illuminate/Database/Query/Builder->get(Array)
#7 C:/Users/91812/Herd/MishoraCRM/vendor/laravel/framework/src/Illuminate/Database/Eloquent/Builder.php(793): Illuminate/Database/Eloquent/Builder->getModels(Array)
#8 C:/Users/91812/Herd/MishoraCRM/vendor/laravel/framework/src/Illuminate/Database/Concerns/BuildsQueries.php(343): Illuminate/Database/Eloquent/Builder->get(Array)
#9 C:/Users/91812/Herd/MishoraCRM/vendor/laravel/framework/src/Illuminate/Auth/EloquentUserProvider.php(59): Illuminate/Database/Eloquent/Builder->first()
#10 C:/Users/91812/Herd/MishoraCRM/vendor/laravel/framework/src/Illuminate/Auth/SessionGuard.php(180): Illuminate/Auth/EloquentUserProvider->retrieveById(13)
#11 C:/Users/91812/Herd/MishoraCRM/vendor/laravel/framework/src/Illuminate/Auth/GuardHelpers.php(56): Illuminate/Auth/SessionGuard->user()
#12 C:/Users/91812/Herd/MishoraCRM/vendor/laravel/framework/src/Illuminate/Auth/Middleware/Authenticate.php(83): Illuminate/Auth/SessionGuard->check()
#13 C:/Users/91812/Herd/MishoraCRM/vendor/laravel/framework/src/Illuminate/Auth/Middleware/Authenticate.php(62): Illuminate/Auth/Middleware/Authenticate->authenticate(Object(Illuminate/Http/Request), Array)
#14 C:/Users/91812/Herd/MishoraCRM/vendor/laravel/framework/src/Illuminate/Pipeline/Pipeline.php(209): Illuminate/Auth/Middleware/Authenticate->handle(Object(Illuminate/Http/Request), Object(Closure))
#15 C:/Users/91812/Herd/MishoraCRM/vendor/laravel/framework/src/Illuminate/Foundation/Http/Middleware/VerifyCsrfToken.php(88): Illuminate/Pipeline/Pipeline->Illuminate/Pipeline/{closure}(Object(Illuminate/Http/Request))
#16 C:/Users/91812/Herd/MishoraCRM/vendor/laravel/framework/src/Illuminate/Pipeline/Pipeline.php(209): Illuminate/Foundation/Http/Middleware/VerifyCsrfToken->handle(Object(Illuminate/Http/Request), Object(Closure))
#17 C:/Users/91812/Herd/MishoraCRM/vendor/laravel/framework/src/Illuminate/View/Middleware/ShareErrorsFromSession.php(49): Illuminate/Pipeline/Pipeline->Illuminate/Pipeline/{closure}(Object(Illuminate/Http/Request))
#18 C:/Users/91812/Herd/MishoraCRM/vendor/laravel/framework/src/Illuminate/Pipeline/Pipeline.php(209): Illuminate/View/Middleware/ShareErrorsFromSession->handle(Object(Illuminate/Http/Request), Object(Closure))
#19 C:/Users/91812/Herd/MishoraCRM/vendor/laravel/framework/src/Illuminate/Session/Middleware/StartSession.php(121): Illuminate/Pipeline/Pipeline->Illuminate/Pipeline/{closure}(Object(Illuminate/Http/Request))
#20 C:/Users/91812/Herd/MishoraCRM/vendor/laravel/framework/src/Illuminate/Session/Middleware/StartSession.php(64): Illuminate/Session/Middleware/StartSession->handleStatefulRequest(Object(Illuminate/Http/Request), Object(Illuminate/Session/Store), Object(Closure))
#21 C:/Users/91812/Herd/MishoraCRM/vendor/laravel/framework/src/Illuminate/Pipeline/Pipeline.php(209): Illuminate/Session/Middleware/StartSession->handle(Object(Illuminate/Http/Request), Object(Closure))
#22 C:/Users/91812/Herd/MishoraCRM/vendor/laravel/framework/src/Illuminate/Cookie/Middleware/AddQueuedCookiesToResponse.php(37): Illuminate/Pipeline/Pipeline->Illuminate/Pipeline/{closure}(Object(Illuminate/Http/Request))
#23 C:/Users/91812/Herd/MishoraCRM/vendor/laravel/framework/src/Illuminate/Pipeline/Pipeline.php(209): Illuminate/Cookie/Middleware/AddQueuedCookiesToResponse->handle(Object(Illuminate/Http/Request), Object(Closure))
#24 C:/Users/91812/Herd/MishoraCRM/vendor/laravel/framework/src/Illuminate/Cookie/Middleware/EncryptCookies.php(75): Illuminate/Pipeline/Pipeline->Illuminate/Pipeline/{closure}(Object(Illuminate/Http/Request))
#25 C:/Users/91812/Herd/MishoraCRM/vendor/laravel/framework/src/Illuminate/Pipeline/Pipeline.php(209): Illuminate/Cookie/Middleware/EncryptCookies->handle(Object(Illuminate/Http/Request), Object(Closure))
#26 C:/Users/91812/Herd/MishoraCRM/vendor/laravel/framework/src/Illuminate/Pipeline/Pipeline.php(127): Illuminate/Pipeline/Pipeline->Illuminate/Pipeline/{closure}(Object(Illuminate/Http/Request))
#27 C:/Users/91812/Herd/MishoraCRM/vendor/laravel/framework/src/Illuminate/Routing/Router.php(807): Illuminate/Pipeline/Pipeline->then(Object(Closure))
#28 C:/Users/91812/Herd/MishoraCRM/vendor/laravel/framework/src/Illuminate/Routing/Router.php(786): Illuminate/Routing/Router->runRouteWithinStack(Object(Illuminate/Routing/Route), Object(Illuminate/Http/Request))
#29 C:/Users/91812/Herd/MishoraCRM/vendor/laravel/framework/src/Illuminate/Routing/Router.php(750): Illuminate/Routing/Router->runRoute(Object(Illuminate/Http/Request), Object(Illuminate/Routing/Route))
#30 C:/Users/91812/Herd/MishoraCRM/vendor/laravel/framework/src/Illuminate/Routing/Router.php(739): Illuminate/Routing/Router->dispatchToRoute(Object(Illuminate/Http/Request))
#31 C:/Users/91812/Herd/MishoraCRM/vendor/laravel/framework/src/Illuminate/Foundation/Http/Kernel.php(201): Illuminate/Routing/Router->dispatch(Object(Illuminate/Http/Request))
#32 C:/Users/91812/Herd/MishoraCRM/vendor/laravel/framework/src/Illuminate/Pipeline/Pipeline.php(170): Illuminate/Foundation/Http/Kernel->Illuminate/Foundation/Http/{closure}(Object(Illuminate/Http/Request))
#33 C:/Users/91812/Herd/MishoraCRM/vendor/laravel/framework/src/Illuminate/Foundation/Http/Middleware/TransformsRequest.php(21): Illuminate/Pipeline/Pipeline->Illuminate/Pipeline/{closure}(Object(Illuminate/Http/Request))
#34 C:/Users/91812/Herd/MishoraCRM/vendor/laravel/framework/src/Illuminate/Foundation/Http/Middleware/ConvertEmptyStringsToNull.php(31): Illuminate/Foundation/Http/Middleware/TransformsRequest->handle(Object(Illuminate/Http/Request), Object(Closure))
#35 C:/Users/91812/Herd/MishoraCRM/vendor/laravel/framework/src/Illuminate/Pipeline/Pipeline.php(209): Illuminate/Foundation/Http/Middleware/ConvertEmptyStringsToNull->handle(Object(Illuminate/Http/Request), Object(Closure))
#36 C:/Users/91812/Herd/MishoraCRM/vendor/laravel/framework/src/Illuminate/Foundation/Http/Middleware/TransformsRequest.php(21): Illuminate/Pipeline/Pipeline->Illuminate/Pipeline/{closure}(Object(Illuminate/Http/Request))
#37 C:/Users/91812/Herd/MishoraCRM/vendor/laravel/framework/src/Illuminate/Foundation/Http/Middleware/TrimStrings.php(51): Illuminate/Foundation/Http/Middleware/TransformsRequest->handle(Object(Illuminate/Http/Request), Object(Closure))
#38 C:/Users/91812/Herd/MishoraCRM/vendor/laravel/framework/src/Illuminate/Pipeline/Pipeline.php(209): Illuminate/Foundation/Http/Middleware/TrimStrings->handle(Object(Illuminate/Http/Request), Object(Closure))
#39 C:/Users/91812/Herd/MishoraCRM/vendor/laravel/framework/src/Illuminate/Http/Middleware/ValidatePostSize.php(27): Illuminate/Pipeline/Pipeline->Illuminate/Pipeline/{closure}(Object(Illuminate/Http/Request))
#40 C:/Users/91812/Herd/MishoraCRM/vendor/laravel/framework/src/Illuminate/Pipeline/Pipeline.php(209): Illuminate/Http/Middleware/ValidatePostSize->handle(Object(Illuminate/Http/Request), Object(Closure))
#41 C:/Users/91812/Herd/MishoraCRM/vendor/laravel/framework/src/Illuminate/Foundation/Http/Middleware/PreventRequestsDuringMaintenance.php(110): Illuminate/Pipeline/Pipeline->Illuminate/Pipeline/{closure}(Object(Illuminate/Http/Request))
#42 C:/Users/91812/Herd/MishoraCRM/vendor/laravel/framework/src/Illuminate/Pipeline/Pipeline.php(209): Illuminate/Foundation/Http/Middleware/PreventRequestsDuringMaintenance->handle(Object(Illuminate/Http/Request), Object(Closure))
#43 C:/Users/91812/Herd/MishoraCRM/vendor/laravel/framework/src/Illuminate/Http/Middleware/HandleCors.php(49): Illuminate/Pipeline/Pipeline->Illuminate/Pipeline/{closure}(Object(Illuminate/Http/Request))
#44 C:/Users/91812/Herd/MishoraCRM/vendor/laravel/framework/src/Illuminate/Pipeline/Pipeline.php(209): Illuminate/Http/Middleware/HandleCors->handle(Object(Illuminate/Http/Request), Object(Closure))
#45 C:/Users/91812/Herd/MishoraCRM/vendor/laravel/framework/src/Illuminate/Http/Middleware/TrustProxies.php(58): Illuminate/Pipeline/Pipeline->Illuminate/Pipeline/{closure}(Object(Illuminate/Http/Request))
#46 C:/Users/91812/Herd/MishoraCRM/vendor/laravel/framework/src/Illuminate/Pipeline/Pipeline.php(209): Illuminate/Http/Middleware/TrustProxies->handle(Object(Illuminate/Http/Request), Object(Closure))
#47 C:/Users/91812/Herd/MishoraCRM/vendor/laravel/framework/src/Illuminate/Foundation/Http/Middleware/InvokeDeferredCallbacks.php(22): Illuminate/Pipeline/Pipeline->Illuminate/Pipeline/{closure}(Object(Illuminate/Http/Request))
#48 C:/Users/91812/Herd/MishoraCRM/vendor/laravel/framework/src/Illuminate/Pipeline/Pipeline.php(209): Illuminate/Foundation/Http/Middleware/InvokeDeferredCallbacks->handle(Object(Illuminate/Http/Request), Object(Closure))
#49 C:/Users/91812/Herd/MishoraCRM/vendor/laravel/framework/src/Illuminate/Pipeline/Pipeline.php(127): Illuminate/Pipeline/Pipeline->Illuminate/Pipeline/{closure}(Object(Illuminate/Http/Request))
#50 C:/Users/91812/Herd/MishoraCRM/vendor/laravel/framework/src/Illuminate/Foundation/Http/Kernel.php(176): Illuminate/Pipeline/Pipeline->then(Object(Closure))
#51 C:/Users/91812/Herd/MishoraCRM/vendor/laravel/framework/src/Illuminate/Foundation/Http/Kernel.php(145): Illuminate/Foundation/Http/Kernel->sendRequestThroughRouter(Object(Illuminate/Http/Request))
#52 C:/Users/91812/Herd/MishoraCRM/vendor/laravel/framework/src/Illuminate/Foundation/Application.php(1220): Illuminate/Foundation/Http/Kernel->handle(Object(Illuminate/Http/Request))
#53 C:/Users/91812/Herd/MishoraCRM/public/index.php(17): Illuminate/Foundation/Application->handleRequest(Object(Illuminate/Http/Request))
#54 C:/Users/91812/Herd/MishoraCRM/vendor/laravel/framework/src/Illuminate/Foundation/resources/server.php(23): require_once('C://Users//91812//...')
#55 {main}

[previous exception] [object] (PDOException(code: 0): could not find driver at C:/Users/91812/Herd/MishoraCRM/vendor/laravel/framework/src/Illuminate/Database/Connectors/Connector.php:66)
[stacktrace]
#0 C:/Users/91812/Herd/MishoraCRM/vendor/laravel/framework/src/Illuminate/Database/Connectors/Connector.php(66): PDO->__construct('pgsql:host=aws-...', 'postgres.bkqbvw...', Object(SensitiveParameterValue), Array)
#1 C:/Users/91812/Herd/MishoraCRM/vendor/laravel/framework/src/Illuminate/Database/Connectors/Connector.php(44): Illuminate/Database/Connectors/Connector->createPdoConnection('pgsql:host=aws-...', 'postgres.bkqbvw...', Object(SensitiveParameterValue), Array)
#2 C:/Users/91812/Herd/MishoraCRM/vendor/laravel/framework/src/Illuminate/Database/Connectors/PostgresConnector.php(35): Illuminate/Database/Connectors/Connector->createConnection('pgsql:host=aws-...', Array, Array)
#3 C:/Users/91812/Herd/MishoraCRM/vendor/laravel/framework/src/Illuminate/Database/Connectors/ConnectionFactory.php(185): Illuminate/Database/Connectors/PostgresConnector->connect(Array)
#4 [internal function]: Illuminate/Database/Connectors/ConnectionFactory->Illuminate/Database/Connectors/{closure}()
#5 C:/Users/91812/Herd/MishoraCRM/vendor/laravel/framework/src/Illuminate/Database/Connection.php(1231): call_user_func(Object(Closure))
#6 C:/Users/91812/Herd/MishoraCRM/vendor/laravel/framework/src/Illuminate/Database/Connection.php(1267): Illuminate/Database/Connection->getPdo()
#7 C:/Users/91812/Herd/MishoraCRM/vendor/laravel/framework/src/Illuminate/Database/Connection.php(512): Illuminate/Database/Connection->getReadPdo()
#8 C:/Users/91812/Herd/MishoraCRM/vendor/laravel/framework/src/Illuminate/Database/Connection.php(407): Illuminate/Database/Connection->getPdoForSelect(true)
#9 C:/Users/91812/Herd/MishoraCRM/vendor/laravel/framework/src/Illuminate/Database/Connection.php(812): Illuminate/Database/Connection->Illuminate/Database/{closure}('select * from \"...', Array)
#10 C:/Users/91812/Herd/MishoraCRM/vendor/laravel/framework/src/Illuminate/Database/Connection.php(779): Illuminate/Database/Connection->runQueryCallback('select * from \"...', Array, Object(Closure))
#11 C:/Users/91812/Herd/MishoraCRM/vendor/laravel/framework/src/Illuminate/Database/Connection.php(398): Illuminate/Database/Connection->run('select * from \"...', Array, Object(Closure))
#12 C:/Users/91812/Herd/MishoraCRM/vendor/laravel/framework/src/Illuminate/Database/Query/Builder.php(3106): Illuminate/Database/Connection->select('select * from \"...', Array, true)
#13 C:/Users/91812/Herd/MishoraCRM/vendor/laravel/framework/src/Illuminate/Database/Query/Builder.php(3091): Illuminate/Database/Query/Builder->runSelect()
#14 C:/Users/91812/Herd/MishoraCRM/vendor/laravel/framework/src/Illuminate/Database/Query/Builder.php(3676): Illuminate/Database/Query/Builder->Illuminate/Database/Query/{closure}()
#15 C:/Users/91812/Herd/MishoraCRM/vendor/laravel/framework/src/Illuminate/Database/Query/Builder.php(3090): Illuminate/Database/Query/Builder->onceWithColumns(Array, Object(Closure))
#16 C:/Users/91812/Herd/MishoraCRM/vendor/laravel/framework/src/Illuminate/Database/Eloquent/Builder.php(811): Illuminate/Database/Query/Builder->get(Array)
#17 C:/Users/91812/Herd/MishoraCRM/vendor/laravel/framework/src/Illuminate/Database/Eloquent/Builder.php(793): Illuminate/Database/Eloquent/Builder->getModels(Array)
#18 C:/Users/91812/Herd/MishoraCRM/vendor/laravel/framework/src/Illuminate/Database/Concerns/BuildsQueries.php(343): Illuminate/Database/Eloquent/Builder->get(Array)
#19 C:/Users/91812/Herd/MishoraCRM/vendor/laravel/framework/src/Illuminate/Auth/EloquentUserProvider.php(59): Illuminate/Database/Eloquent/Builder->first()
#20 C:/Users/91812/Herd/MishoraCRM/vendor/laravel/framework/src/Illuminate/Auth/SessionGuard.php(180): Illuminate/Auth/EloquentUserProvider->retrieveById(13)
#21 C:/Users/91812/Herd/MishoraCRM/vendor/laravel/framework/src/Illuminate/Auth/GuardHelpers.php(56): Illuminate/Auth/SessionGuard->user()
#22 C:/Users/91812/Herd/MishoraCRM/vendor/laravel/framework/src/Illuminate/Auth/Middleware/Authenticate.php(83): Illuminate/Auth/SessionGuard->check()
#23 C:/Users/91812/Herd/MishoraCRM/vendor/laravel/framework/src/Illuminate/Auth/Middleware/Authenticate.php(62): Illuminate/Auth/Middleware/Authenticate->authenticate(Object(Illuminate/Http/Request), Array)
#24 C:/Users/91812/Herd/MishoraCRM/vendor/laravel/framework/src/Illuminate/Pipeline/Pipeline.php(209): Illuminate/Auth/Middleware/Authenticate->handle(Object(Illuminate/Http/Request), Object(Closure))
#25 C:/Users/91812/Herd/MishoraCRM/vendor/laravel/framework/src/Illuminate/Foundation/Http/Middleware/VerifyCsrfToken.php(88): Illuminate/Pipeline/Pipeline->Illuminate/Pipeline/{closure}(Object(Illuminate/Http/Request))
#26 C:/Users/91812/Herd/MishoraCRM/vendor/laravel/framework/src/Illuminate/Pipeline/Pipeline.php(209): Illuminate/Foundation/Http/Middleware/VerifyCsrfToken->handle(Object(Illuminate/Http/Request), Object(Closure))
#27 C:/Users/91812/Herd/MishoraCRM/vendor/laravel/framework/src/Illuminate/View/Middleware/ShareErrorsFromSession.php(49): Illuminate/Pipeline/Pipeline->Illuminate/Pipeline/{closure}(Object(Illuminate/Http/Request))
#28 C:/Users/91812/Herd/MishoraCRM/vendor/laravel/framework/src/Illuminate/Pipeline/Pipeline.php(209): Illuminate/View/Middleware/ShareErrorsFromSession->handle(Object(Illuminate/Http/Request), Object(Closure))
#29 C:/Users/91812/Herd/MishoraCRM/vendor/laravel/framework/src/Illuminate/Session/Middleware/StartSession.php(121): Illuminate/Pipeline/Pipeline->Illuminate/Pipeline/{closure}(Object(Illuminate/Http/Request))
#30 C:/Users/91812/Herd/MishoraCRM/vendor/laravel/framework/src/Illuminate/Session/Middleware/StartSession.php(64): Illuminate/Session/Middleware/StartSession->handleStatefulRequest(Object(Illuminate/Http/Request), Object(Illuminate/Session/Store), Object(Closure))
#31 C:/Users/91812/Herd/MishoraCRM/vendor/laravel/framework/src/Illuminate/Pipeline/Pipeline.php(209): Illuminate/Session/Middleware/StartSession->handle(Object(Illuminate/Http/Request), Object(Closure))
#32 C:/Users/91812/Herd/MishoraCRM/vendor/laravel/framework/src/Illuminate/Cookie/Middleware/AddQueuedCookiesToResponse.php(37): Illuminate/Pipeline/Pipeline->Illuminate/Pipeline/{closure}(Object(Illuminate/Http/Request))
#33 C:/Users/91812/Herd/MishoraCRM/vendor/laravel/framework/src/Illuminate/Pipeline/Pipeline.php(209): Illuminate/Cookie/Middleware/AddQueuedCookiesToResponse->handle(Object(Illuminate/Http/Request), Object(Closure))
#34 C:/Users/91812/Herd/MishoraCRM/vendor/laravel/framework/src/Illuminate/Cookie/Middleware/EncryptCookies.php(75): Illuminate/Pipeline/Pipeline->Illuminate/Pipeline/{closure}(Object(Illuminate/Http/Request))
#35 C:/Users/91812/Herd/MishoraCRM/vendor/laravel/framework/src/Illuminate/Pipeline/Pipeline.php(209): Illuminate/Cookie/Middleware/EncryptCookies->handle(Object(Illuminate/Http/Request), Object(Closure))
#36 C:/Users/91812/Herd/MishoraCRM/vendor/laravel/framework/src/Illuminate/Pipeline/Pipeline.php(127): Illuminate/Pipeline/Pipeline->Illuminate/Pipeline/{closure}(Object(Illuminate/Http/Request))
#37 C:/Users/91812/Herd/MishoraCRM/vendor/laravel/framework/src/Illuminate/Routing/Router.php(807): Illuminate/Pipeline/Pipeline->then(Object(Closure))
#38 C:/Users/91812/Herd/MishoraCRM/vendor/laravel/framework/src/Illuminate/Routing/Router.php(786): Illuminate/Routing/Router->runRouteWithinStack(Object(Illuminate/Routing/Route), Object(Illuminate/Http/Request))
#39 C:/Users/91812/Herd/MishoraCRM/vendor/laravel/framework/src/Illuminate/Routing/Router.php(750): Illuminate/Routing/Router->runRoute(Object(Illuminate/Http/Request), Object(Illuminate/Routing/Route))
#40 C:/Users/91812/Herd/MishoraCRM/vendor/laravel/framework/src/Illuminate/Routing/Router.php(739): Illuminate/Routing/Router->dispatchToRoute(Object(Illuminate/Http/Request))
#41 C:/Users/91812/Herd/MishoraCRM/vendor/laravel/framework/src/Illuminate/Foundation/Http/Kernel.php(201): Illuminate/Routing/Router->dispatch(Object(Illuminate/Http/Request))
#42 C:/Users/91812/Herd/MishoraCRM/vendor/laravel/framework/src/Illuminate/Pipeline/Pipeline.php(170): Illuminate/Foundation/Http/Kernel->Illuminate/Foundation/Http/{closure}(Object(Illuminate/Http/Request))
#43 C:/Users/91812/Herd/MishoraCRM/vendor/laravel/framework/src/Illuminate/Foundation/Http/Middleware/TransformsRequest.php(21): Illuminate/Pipeline/Pipeline->Illuminate/Pipeline/{closure}(Object(Illuminate/Http/Request))
#44 C:/Users/91812/Herd/MishoraCRM/vendor/laravel/framework/src/Illuminate/Foundation/Http/Middleware/ConvertEmptyStringsToNull.php(31): Illuminate/Foundation/Http/Middleware/TransformsRequest->handle(Object(Illuminate/Http/Request), Object(Closure))
#45 C:/Users/91812/Herd/MishoraCRM/vendor/laravel/framework/src/Illuminate/Pipeline/Pipeline.php(209): Illuminate/Foundation/Http/Middleware/ConvertEmptyStringsToNull->handle(Object(Illuminate/Http/Request), Object(Closure))
#46 C:/Users/91812/Herd/MishoraCRM/vendor/laravel/framework/src/Illuminate/Foundation/Http/Middleware/TransformsRequest.php(21): Illuminate/Pipeline/Pipeline->Illuminate/Pipeline/{closure}(Object(Illuminate/Http/Request))
#47 C:/Users/91812/Herd/MishoraCRM/vendor/laravel/framework/src/Illuminate/Foundation/Http/Middleware/TrimStrings.php(51): Illuminate/Foundation/Http/Middleware/TransformsRequest->handle(Object(Illuminate/Http/Request), Object(Closure))
#48 C:/Users/91812/Herd/MishoraCRM/vendor/laravel/framework/src/Illuminate/Pipeline/Pipeline.php(209): Illuminate/Foundation/Http/Middleware/TrimStrings->handle(Object(Illuminate/Http/Request), Object(Closure))
#49 C:/Users/91812/Herd/MishoraCRM/vendor/laravel/framework/src/Illuminate/Http/Middleware/ValidatePostSize.php(27): Illuminate/Pipeline/Pipeline->Illuminate/Pipeline/{closure}(Object(Illuminate/Http/Request))
#50 C:/Users/91812/Herd/MishoraCRM/vendor/laravel/framework/src/Illuminate/Pipeline/Pipeline.php(209): Illuminate/Http/Middleware/ValidatePostSize->handle(Object(Illuminate/Http/Request), Object(Closure))
#51 C:/Users/91812/Herd/MishoraCRM/vendor/laravel/framework/src/Illuminate/Foundation/Http/Middleware/PreventRequestsDuringMaintenance.php(110): Illuminate/Pipeline/Pipeline->Illuminate/Pipeline/{closure}(Object(Illuminate/Http/Request))
#52 C:/Users/91812/Herd/MishoraCRM/vendor/laravel/framework/src/Illuminate/Pipeline/Pipeline.php(209): Illuminate/Foundation/Http/Middleware/PreventRequestsDuringMaintenance->handle(Object(Illuminate/Http/Request), Object(Closure))
#53 C:/Users/91812/Herd/MishoraCRM/vendor/laravel/framework/src/Illuminate/Http/Middleware/HandleCors.php(49): Illuminate/Pipeline/Pipeline->Illuminate/Pipeline/{closure}(Object(Illuminate/Http/Request))
#54 C:/Users/91812/Herd/MishoraCRM/vendor/laravel/framework/src/Illuminate/Pipeline/Pipeline.php(209): Illuminate/Http/Middleware/HandleCors->handle(Object(Illuminate/Http/Request), Object(Closure))
#55 C:/Users/91812/Herd/MishoraCRM/vendor/laravel/framework/src/Illuminate/Http/Middleware/TrustProxies.php(58): Illuminate/Pipeline/Pipeline->Illuminate/Pipeline/{closure}(Object(Illuminate/Http/Request))
#56 C:/Users/91812/Herd/MishoraCRM/vendor/laravel/framework/src/Illuminate/Pipeline/Pipeline.php(209): Illuminate/Http/Middleware/TrustProxies->handle(Object(Illuminate/Http/Request), Object(Closure))
#57 C:/Users/91812/Herd/MishoraCRM/vendor/laravel/framework/src/Illuminate/Foundation/Http/Middleware/InvokeDeferredCallbacks.php(22): Illuminate/Pipeline/Pipeline->Illuminate/Pipeline/{closure}(Object(Illuminate/Http/Request))
#58 C:/Users/91812/Herd/MishoraCRM/vendor/laravel/framework/src/Illuminate/Pipeline/Pipeline.php(209): Illuminate/Foundation/Http/Middleware/InvokeDeferredCallbacks->handle(Object(Illuminate/Http/Request), Object(Closure))
#59 C:/Users/91812/Herd/MishoraCRM/vendor/laravel/framework/src/Illuminate/Pipeline/Pipeline.php(127): Illuminate/Pipeline/Pipeline->Illuminate/Pipeline/{closure}(Object(Illuminate/Http/Request))
#60 C:/Users/91812/Herd/MishoraCRM/vendor/laravel/framework/src/Illuminate/Foundation/Http/Kernel.php(176): Illuminate/Pipeline/Pipeline->then(Object(Closure))
#61 C:/Users/91812/Herd/MishoraCRM/vendor/laravel/framework/src/Illuminate/Foundation/Http/Kernel.php(145): Illuminate/Foundation/Http/Kernel->sendRequestThroughRouter(Object(Illuminate/Http/Request))
#62 C:/Users/91812/Herd/MishoraCRM/vendor/laravel/framework/src/Illuminate/Foundation/Application.php(1220): Illuminate/Foundation/Http/Kernel->handle(Object(Illuminate/Http/Request))
#63 C:/Users/91812/Herd/MishoraCRM/public/index.php(17): Illuminate/Foundation/Application->handleRequest(Object(Illuminate/Http/Request))
#64 C:/Users/91812/Herd/MishoraCRM/vendor/laravel/framework/src/Illuminate/Foundation/resources/server.php(23): require_once('C://Users//91812//...')
#65 {main}
"} 
[2026-09-25 23:02:41] local.ERROR: could not find driver (Connection: pgsql, SQL: select count(*) as aggregate from "telescope_entries" where "type" = exception and "family_hash" = 4e95c22c2b7921611a4afcab827b65af) {"exception":"[object] (Illuminate\\Database\\QueryException(code: 0): could not find driver (Connection: pgsql, SQL: select count(*) as aggregate from \"telescope_entries\" where \"type\" = exception and \"family_hash\" = 4e95c22c2b7921611a4afcab827b65af) at C:/Users/91812/Herd/MishoraCRM/vendor/laravel/framework/src/Illuminate/Database/Connection.php:825)
[stacktrace]
#0 C:/Users/91812/Herd/MishoraCRM/vendor/laravel/framework/src/Illuminate/Database/Connection.php(779): Illuminate/Database/Connection->runQueryCallback('select count(*)...', Array, Object(Closure))
#1 C:/Users/91812/Herd/MishoraCRM/vendor/laravel/framework/src/Illuminate/Database/Connection.php(398): Illuminate/Database/Connection->run('select count(*)...', Array, Object(Closure))
#2 C:/Users/91812/Herd/MishoraCRM/vendor/laravel/framework/src/Illuminate/Database/Query/Builder.php(3106): Illuminate/Database/Connection->select('select count(*)...', Array, true)
#3 C:/Users/91812/Herd/MishoraCRM/vendor/laravel/framework/src/Illuminate/Database/Query/Builder.php(3091): Illuminate/Database/Query/Builder->runSelect()
#4 C:/Users/91812/Herd/MishoraCRM/vendor/laravel/framework/src/Illuminate/Database/Query/Builder.php(3676): Illuminate/Database/Query/Builder->Illuminate/Database/Query/{closure}()
#5 C:/Users/91812/Herd/MishoraCRM/vendor/laravel/framework/src/Illuminate/Database/Query/Builder.php(3090): Illuminate/Database/Query/Builder->onceWithColumns(Array, Object(Closure))
#6 C:/Users/91812/Herd/MishoraCRM/vendor/laravel/framework/src/Illuminate/Database/Query/Builder.php(3603): Illuminate/Database/Query/Builder->get(Array)
#7 C:/Users/91812/Herd/MishoraCRM/vendor/laravel/framework/src/Illuminate/Database/Query/Builder.php(3531): Illuminate/Database/Query/Builder->aggregate('count', Array)
#8 C:/Users/91812/Herd/MishoraCRM/vendor/laravel/telescope/src/Storage/DatabaseEntriesRepository.php(123): Illuminate/Database/Query/Builder->count()
#9 C:/Users/91812/Herd/MishoraCRM/vendor/laravel/telescope/src/Storage/DatabaseEntriesRepository.php(165): Laravel/Telescope/Storage/DatabaseEntriesRepository->countExceptionOccurences(Object(Laravel/Telescope/IncomingExceptionEntry))
#10 [internal function]: Laravel/Telescope/Storage/DatabaseEntriesRepository->Laravel/Telescope/Storage/{closure}(Object(Laravel/Telescope/IncomingExceptionEntry), 0)
#11 C:/Users/91812/Herd/MishoraCRM/vendor/laravel/framework/src/Illuminate/Collections/Arr.php(609): array_map(Object(Closure), Array, Array)
#12 C:/Users/91812/Herd/MishoraCRM/vendor/laravel/framework/src/Illuminate/Collections/Collection.php(799): Illuminate/Support/Arr::map(Array, Object(Closure))
#13 C:/Users/91812/Herd/MishoraCRM/vendor/laravel/telescope/src/Storage/DatabaseEntriesRepository.php(164): Illuminate/Support/Collection->map(Object(Closure))
#14 C:/Users/91812/Herd/MishoraCRM/vendor/laravel/framework/src/Illuminate/Collections/Traits/EnumeratesValues.php(261): Laravel/Telescope/Storage/DatabaseEntriesRepository->Laravel/Telescope/Storage/{closure}(Object(Illuminate/Support/Collection), 0)
#15 C:/Users/91812/Herd/MishoraCRM/vendor/laravel/telescope/src/Storage/DatabaseEntriesRepository.php(163): Illuminate/Support/Collection->each(Object(Closure))
#16 C:/Users/91812/Herd/MishoraCRM/vendor/laravel/telescope/src/Storage/DatabaseEntriesRepository.php(140): Laravel/Telescope/Storage/DatabaseEntriesRepository->storeExceptions(Object(Illuminate/Support/Collection))
#17 C:/Users/91812/Herd/MishoraCRM/vendor/laravel/telescope/src/Telescope.php(664): Laravel/Telescope/Storage/DatabaseEntriesRepository->store(Object(Illuminate/Support/Collection))
#18 [internal function]: Laravel/Telescope/Telescope::Laravel/Telescope/{closure}()
#19 C:/Users/91812/Herd/MishoraCRM/vendor/laravel/telescope/src/Telescope.php(289): call_user_func(Object(Closure))
#20 C:/Users/91812/Herd/MishoraCRM/vendor/laravel/telescope/src/Telescope.php(656): Laravel/Telescope/Telescope::withoutRecording(Object(Closure))
#21 C:/Users/91812/Herd/MishoraCRM/vendor/laravel/telescope/src/ListensForStorageOpportunities.php(65): Laravel/Telescope/Telescope::store(Object(Laravel/Telescope/Storage/DatabaseEntriesRepository))
#22 C:/Users/91812/Herd/MishoraCRM/vendor/laravel/framework/src/Illuminate/Container/BoundMethod.php(36): Laravel/Telescope/Telescope::Laravel/Telescope/{closure}()
#23 C:/Users/91812/Herd/MishoraCRM/vendor/laravel/framework/src/Illuminate/Container/Util.php(43): Illuminate/Container/BoundMethod::Illuminate/Container/{closure}()
#24 C:/Users/91812/Herd/MishoraCRM/vendor/laravel/framework/src/Illuminate/Container/BoundMethod.php(83): Illuminate/Container/Util::unwrapIfClosure(Object(Closure))
#25 C:/Users/91812/Herd/MishoraCRM/vendor/laravel/framework/src/Illuminate/Container/BoundMethod.php(35): Illuminate/Container/BoundMethod::callBoundMethod(Object(Illuminate/Foundation/Application), Object(Closure), Object(Closure))
#26 C:/Users/91812/Herd/MishoraCRM/vendor/laravel/framework/src/Illuminate/Container/Container.php(696): Illuminate/Container/BoundMethod::call(Object(Illuminate/Foundation/Application), Object(Closure), Array, NULL)
#27 C:/Users/91812/Herd/MishoraCRM/vendor/laravel/framework/src/Illuminate/Foundation/Application.php(1452): Illuminate/Container/Container->call(Object(Closure))
#28 C:/Users/91812/Herd/MishoraCRM/vendor/laravel/framework/src/Illuminate/Foundation/Http/Kernel.php(218): Illuminate/Foundation/Application->terminate()
#29 C:/Users/91812/Herd/MishoraCRM/vendor/laravel/framework/src/Illuminate/Foundation/Application.php(1222): Illuminate/Foundation/Http/Kernel->terminate(Object(Illuminate/Http/Request), Object(Illuminate/Http/Response))
#30 C:/Users/91812/Herd/MishoraCRM/public/index.php(17): Illuminate/Foundation/Application->handleRequest(Object(Illuminate/Http/Request))
#31 C:/Users/91812/Herd/MishoraCRM/vendor/laravel/framework/src/Illuminate/Foundation/resources/server.php(23): require_once('C://Users//91812//...')
#32 {main}

[previous exception] [object] (PDOException(code: 0): could not find driver at C:/Users/91812/Herd/MishoraCRM/vendor/laravel/framework/src/Illuminate/Database/Connectors/Connector.php:66)
[stacktrace]
#0 C:/Users/91812/Herd/MishoraCRM/vendor/laravel/framework/src/Illuminate/Database/Connectors/Connector.php(66): PDO->__construct('pgsql:host=aws-...', 'postgres.bkqbvw...', Object(SensitiveParameterValue), Array)
#1 C:/Users/91812/Herd/MishoraCRM/vendor/laravel/framework/src/Illuminate/Database/Connectors/Connector.php(44): Illuminate/Database/Connectors/Connector->createPdoConnection('pgsql:host=aws-...', 'postgres.bkqbvw...', Object(SensitiveParameterValue), Array)
#2 C:/Users/91812/Herd/MishoraCRM/vendor/laravel/framework/src/Illuminate/Database/Connectors/PostgresConnector.php(35): Illuminate/Database/Connectors/Connector->createConnection('pgsql:host=aws-...', Array, Array)
#3 C:/Users/91812/Herd/MishoraCRM/vendor/laravel/framework/src/Illuminate/Database/Connectors/ConnectionFactory.php(185): Illuminate/Database/Connectors/PostgresConnector->connect(Array)
#4 [internal function]: Illuminate/Database/Connectors/ConnectionFactory->Illuminate/Database/Connectors/{closure}()
#5 C:/Users/91812/Herd/MishoraCRM/vendor/laravel/framework/src/Illuminate/Database/Connection.php(1231): call_user_func(Object(Closure))
#6 C:/Users/91812/Herd/MishoraCRM/vendor/laravel/framework/src/Illuminate/Database/Connection.php(1267): Illuminate/Database/Connection->getPdo()
#7 C:/Users/91812/Herd/MishoraCRM/vendor/laravel/framework/src/Illuminate/Database/Connection.php(512): Illuminate/Database/Connection->getReadPdo()
#8 C:/Users/91812/Herd/MishoraCRM/vendor/laravel/framework/src/Illuminate/Database/Connection.php(407): Illuminate/Database/Connection->getPdoForSelect(true)
#9 C:/Users/91812/Herd/MishoraCRM/vendor/laravel/framework/src/Illuminate/Database/Connection.php(812): Illuminate/Database/Connection->Illuminate/Database/{closure}('select count(*)...', Array)
#10 C:/Users/91812/Herd/MishoraCRM/vendor/laravel/framework/src/Illuminate/Database/Connection.php(779): Illuminate/Database/Connection->runQueryCallback('select count(*)...', Array, Object(Closure))
#11 C:/Users/91812/Herd/MishoraCRM/vendor/laravel/framework/src/Illuminate/Database/Connection.php(398): Illuminate/Database/Connection->run('select count(*)...', Array, Object(Closure))
#12 C:/Users/91812/Herd/MishoraCRM/vendor/laravel/framework/src/Illuminate/Database/Query/Builder.php(3106): Illuminate/Database/Connection->select('select count(*)...', Array, true)
#13 C:/Users/91812/Herd/MishoraCRM/vendor/laravel/framework/src/Illuminate/Database/Query/Builder.php(3091): Illuminate/Database/Query/Builder->runSelect()
#14 C:/Users/91812/Herd/MishoraCRM/vendor/laravel/framework/src/Illuminate/Database/Query/Builder.php(3676): Illuminate/Database/Query/Builder->Illuminate/Database/Query/{closure}()
#15 C:/Users/91812/Herd/MishoraCRM/vendor/laravel/framework/src/Illuminate/Database/Query/Builder.php(3090): Illuminate/Database/Query/Builder->onceWithColumns(Array, Object(Closure))
#16 C:/Users/91812/Herd/MishoraCRM/vendor/laravel/framework/src/Illuminate/Database/Query/Builder.php(3603): Illuminate/Database/Query/Builder->get(Array)
#17 C:/Users/91812/Herd/MishoraCRM/vendor/laravel/framework/src/Illuminate/Database/Query/Builder.php(3531): Illuminate/Database/Query/Builder->aggregate('count', Array)
#18 C:/Users/91812/Herd/MishoraCRM/vendor/laravel/telescope/src/Storage/DatabaseEntriesRepository.php(123): Illuminate/Database/Query/Builder->count()
#19 C:/Users/91812/Herd/MishoraCRM/vendor/laravel/telescope/src/Storage/DatabaseEntriesRepository.php(165): Laravel/Telescope/Storage/DatabaseEntriesRepository->countExceptionOccurences(Object(Laravel/Telescope/IncomingExceptionEntry))
#20 [internal function]: Laravel/Telescope/Storage/DatabaseEntriesRepository->Laravel/Telescope/Storage/{closure}(Object(Laravel/Telescope/IncomingExceptionEntry), 0)
#21 C:/Users/91812/Herd/MishoraCRM/vendor/laravel/framework/src/Illuminate/Collections/Arr.php(609): array_map(Object(Closure), Array, Array)
#22 C:/Users/91812/Herd/MishoraCRM/vendor/laravel/framework/src/Illuminate/Collections/Collection.php(799): Illuminate/Support/Arr::map(Array, Object(Closure))
#23 C:/Users/91812/Herd/MishoraCRM/vendor/laravel/telescope/src/Storage/DatabaseEntriesRepository.php(164): Illuminate/Support/Collection->map(Object(Closure))
#24 C:/Users/91812/Herd/MishoraCRM/vendor/laravel/framework/src/Illuminate/Collections/Traits/EnumeratesValues.php(261): Laravel/Telescope/Storage/DatabaseEntriesRepository->Laravel/Telescope/Storage/{closure}(Object(Illuminate/Support/Collection), 0)
#25 C:/Users/91812/Herd/MishoraCRM/vendor/laravel/telescope/src/Storage/DatabaseEntriesRepository.php(163): Illuminate/Support/Collection->each(Object(Closure))
#26 C:/Users/91812/Herd/MishoraCRM/vendor/laravel/telescope/src/Storage/DatabaseEntriesRepository.php(140): Laravel/Telescope/Storage/DatabaseEntriesRepository->storeExceptions(Object(Illuminate/Support/Collection))
#27 C:/Users/91812/Herd/MishoraCRM/vendor/laravel/telescope/src/Telescope.php(664): Laravel/Telescope/Storage/DatabaseEntriesRepository->store(Object(Illuminate/Support/Collection))
#28 [internal function]: Laravel/Telescope/Telescope::Laravel/Telescope/{closure}()
#29 C:/Users/91812/Herd/MishoraCRM/vendor/laravel/telescope/src/Telescope.php(289): call_user_func(Object(Closure))
#30 C:/Users/91812/Herd/MishoraCRM/vendor/laravel/telescope/src/Telescope.php(656): Laravel/Telescope/Telescope::withoutRecording(Object(Closure))
#31 C:/Users/91812/Herd/MishoraCRM/vendor/laravel/telescope/src/ListensForStorageOpportunities.php(65): Laravel/Telescope/Telescope::store(Object(Laravel/Telescope/Storage/DatabaseEntriesRepository))
#32 C:/Users/91812/Herd/MishoraCRM/vendor/laravel/framework/src/Illuminate/Container/BoundMethod.php(36): Laravel/Telescope/Telescope::Laravel/Telescope/{closure}()
#33 C:/Users/91812/Herd/MishoraCRM/vendor/laravel/framework/src/Illuminate/Container/Util.php(43): Illuminate/Container/BoundMethod::Illuminate/Container/{closure}()
#34 C:/Users/91812/Herd/MishoraCRM/vendor/laravel/framework/src/Illuminate/Container/BoundMethod.php(83): Illuminate/Container/Util::unwrapIfClosure(Object(Closure))
#35 C:/Users/91812/Herd/MishoraCRM/vendor/laravel/framework/src/Illuminate/Container/BoundMethod.php(35): Illuminate/Container/BoundMethod::callBoundMethod(Object(Illuminate/Foundation/Application), Object(Closure), Object(Closure))
#36 C:/Users/91812/Herd/MishoraCRM/vendor/laravel/framework/src/Illuminate/Container/Container.php(696): Illuminate/Container/BoundMethod::call(Object(Illuminate/Foundation/Application), Object(Closure), Array, NULL)
#37 C:/Users/91812/Herd/MishoraCRM/vendor/laravel/framework/src/Illuminate/Foundation/Application.php(1452): Illuminate/Container/Container->call(Object(Closure))
#38 C:/Users/91812/Herd/MishoraCRM/vendor/laravel/framework/src/Illuminate/Foundation/Http/Kernel.php(218): Illuminate/Foundation/Application->terminate()
#39 C:/Users/91812/Herd/MishoraCRM/vendor/laravel/framework/src/Illuminate/Foundation/Application.php(1222): Illuminate/Foundation/Http/Kernel->terminate(Object(Illuminate/Http/Request), Object(Illuminate/Http/Response))
#40 C:/Users/91812/Herd/MishoraCRM/public/index.php(17): Illuminate/Foundation/Application->handleRequest(Object(Illuminate/Http/Request))
#41 C:/Users/91812/Herd/MishoraCRM/vendor/laravel/framework/src/Illuminate/Foundation/resources/server.php(23): require_once('C://Users//91812//...')
#42 {main}
"} 
[2026-09-25 23:02:49] local.ERROR: could not find driver (Connection: pgsql, SQL: insert into "telescope_entries" ("batch_id", "content", "created_at", "family_hash", "type", "uuid") values (a2d502b1-6a4e-452d-b9ad-8ee888af66ed, {"ip_address":"127.0.0.1","uri":"\/","method":"GET","controller_action":"\\Illuminate\\Routing\\RedirectController","middleware":["web"],"headers":{"host":"127.0.0.1:8000","connection":"keep-alive","sec-ch-ua":"\"Google Chrome\";v=\"153\", \"Not_A Brand\";v=\"8\", \"Chromium\";v=\"153\"","sec-ch-ua-mobile":"?0","sec-ch-ua-platform":"\"Windows\"","upgrade-insecure-requests":"1","user-agent":"Mozilla\/5.0 (Windows NT 10.0; Win64; x64) AppleWebKit\/537.36 (KHTML, like Gecko) Chrome\/153.0.0.0 Safari\/537.36","accept":"text\/html,application\/xhtml+xml,application\/xml;q=0.9,image\/avif,image\/webp,image\/apng,*\/*;q=0.8,application\/signed-exchange;v=b3;q=0.7","sec-fetch-site":"none","sec-fetch-mode":"navigate","sec-fetch-user":"?1","sec-fetch-dest":"document","accept-encoding":"gzip, deflate, br, zstd","accept-language":"en-US,en;q=0.9,ja;q=0.8","cookie":"remember_web_59ba36addc2b2f9401580f014c7f58ea4e30989d=eyJpdiI6ImFkTVpSQ2dzMGZJN21SaCtSVGNidVE9PSIsInZhbHVlIjoibnZtUnlqaVlRSHZwQ25GLytIR1NJb2FWUWVraHFicWE0cFNTMUdHcVA1eCtNQ0pJMktnaWIwb3RGNitYWDVZZVYvK0dUUStObUQ5SU5NWkV6YVJlVTIwdkRVNHJoaW1NZVpHdi81bi8vbDArK3Z2S1pkeTZTblFVODNOVEF3YjA4YWRaTlNjZnF5TDR5K0hLQnJOY1RvMmFnQU9DUXlwbVV1MUlscW1GNG9lZzRBVHo1TkR4amdhMGZGMnBCaElsSVNRNWFEZ1lLbmo2YjArTmdUeEhtcTZHS1FhSHBCZERDY2dybVhDYm9aOD0iLCJtYWMiOiIxMDViODZiZmZlNWU2N2Y5YmI4Yzk0MWQ2NTlhMmU5NDg3MmZkNmE0ZjYyNzI3ZGM5NDMyYWEyM2I1OGU1Njk5IiwidGFnIjoiIn0%3D; XSRF-TOKEN=eyJpdiI6IjlTd2pJcCtiUHR5bjFQcUcrNDBwUWc9PSIsInZhbHVlIjoiMGVxL3l3OUZ4bVA2Y1RPNUZqZjR5WkVTYmM3bWVSaEZ3dVF5blhCVXJqZzZabHFFVVR6KzNpRGQ1Y01UZ3l4N3VSakRSUXJZQko4aGp4NGUxTEE3Nk94enFZa1N1bUMydTF6aUZqZnJkTW9HOCtnRG5iUmh1Q0xMeFVPR3hEaXMiLCJtYWMiOiI4ZWVlMWZkMTM1N2RmOTdkNGE2YzZjZGY4MWFmNWE1ZDk0ZTljMDdmZTRlODQ1OGI2MmQxZTMwNGRhYmM2NzFhIiwidGFnIjoiIn0%3D; mishora_crm_session=eyJpdiI6IkR0MjNkaGpob0Q4djFhNGVMUENkcWc9PSIsInZhbHVlIjoiTzBtcjJFVlpsYWJTT2Ztc2pTODBpYVhiMWozS2duZ0ZmTEV2NlRtRnc4eVZCcWJNRmJCR0NZdG1JMXFSY2FsZWdHaXliYkZ5bkdGZitSRUhKZUFsRnpCRCsyQldNK3I0TEVYa3dFK0k4RjBEeHkzSFloWG9BSm9CSzlCbVBLYmEiLCJtYWMiOiI2MjdiYjU1ZjU0ODk2OTRiYjhmMTFkZDJhY2NlMTYyYWVlZDU1MDEzODNhNTE2NDQwY2NjYjJkZTYxODE4ZTE0IiwidGFnIjoiIn0%3D"},"payload":[],"session":{"_token":"veSGRrKXry31t7UEaPT044RFqNsrvgKaUjYmnD7m","_previous":{"url":"http:\/\/127.0.0.1:8000"},"_flash":{"old":[],"new":[]},"login_web_59ba36addc2b2f9401580f014c7f58ea4e30989d":13},"response_headers":{"date":"Fri, 25 Sep 2026 17:32:49 GMT","location":"\/login","content-type":"text\/html; charset=utf-8","set-cookie":"XSRF-TOKEN=eyJpdiI6InR6Nk4yU1VOVzZKOHJZNTNKeG84eWc9PSIsInZhbHVlIjoiWVdXdHpWYUJYbVp2cDFoVEtzVWdYZnRvUjBpL0NDRlpuMXJUZmkrbGNzbmxEaDBudm8yanczSDlTb21jaVFMS3Y2SGhQWFgwRDRVekJ0MytnOWpzM09GVzVsWUdISjQxRXdsSVIva3I2ZkQ2YVFPbDNhek9pT1dKMDBzbytBQ0UiLCJtYWMiOiJiODg0OTMyY2Q0ZGYxZTIzZTQ4MzhiZDFhODQwMGExZjZmYTAxZDA0ZjMwOGYxMGY4OGRhMDNiNTFhZDU4NWU3IiwidGFnIjoiIn0%3D; expires=Fri, 25 Sep 2026 19:32:49 GMT; Max-Age=7200; path=\/; samesite=lax, mishora_crm_session=eyJpdiI6IjU1T0I1bjdzOE41d2Q0R3ZBaHFOOXc9PSIsInZhbHVlIjoiQUExRXFVZW9qQkJuUW8zOExPeGhDWDJGWkU5OVp1NE9Nd3FidWZ0M0dUbmJ3UmRjU0NlMTFFSTdvUkdKdTdBT0VyUjNIZjlVdWtPcXdyVVJZWEF0WmcxbU0rRGRFVUVDd2loaUJuSTBlR0p2NWNMdUp1VnhTbUtBMEpKMXMxVWgiLCJtYWMiOiJmZWFlODRiNjAyZTQ5NzI5YzRmYmFjZGE2MTY3YjlhMTlhZGJhNjkzMzMwMTJlMGI4NzE1ZjE4NWVjZTQzYTQ0IiwidGFnIjoiIn0%3D; expires=Fri, 25 Sep 2026 19:32:49 GMT; Max-Age=7200; path=\/; httponly; samesite=lax"},"response_status":301,"response":"Redirected to \/login","duration":444,"memory":28,"hostname":"LAPTOP-RR8E4AHP"}, 2026-09-25 23:02:49, ?, request, a2d502b1-6524-48e6-8b78-4a5699ce6bc1)) {"exception":"[object] (Illuminate\\Database\\QueryException(code: 0): could not find driver (Connection: pgsql, SQL: insert into \"telescope_entries\" (\"batch_id\", \"content\", \"created_at\", \"family_hash\", \"type\", \"uuid\") values (a2d502b1-6a4e-452d-b9ad-8ee888af66ed, {\"ip_address\":\"127.0.0.1\",\"uri\":\"\\/\",\"method\":\"GET\",\"controller_action\":\"\\\\Illuminate\\\\Routing\\\\RedirectController\",\"middleware\":[\"web\"],\"headers\":{\"host\":\"127.0.0.1:8000\",\"connection\":\"keep-alive\",\"sec-ch-ua\":\"\\\"Google Chrome\\\";v=\\\"153\\\", \\\"Not_A Brand\\\";v=\\\"8\\\", \\\"Chromium\\\";v=\\\"153\\\"\",\"sec-ch-ua-mobile\":\"?0\",\"sec-ch-ua-platform\":\"\\\"Windows\\\"\",\"upgrade-insecure-requests\":\"1\",\"user-agent\":\"Mozilla\\/5.0 (Windows NT 10.0; Win64; x64) AppleWebKit\\/537.36 (KHTML, like Gecko) Chrome\\/153.0.0.0 Safari\\/537.36\",\"accept\":\"text\\/html,application\\/xhtml+xml,application\\/xml;q=0.9,image\\/avif,image\\/webp,image\\/apng,*\\/*;q=0.8,application\\/signed-exchange;v=b3;q=0.7\",\"sec-fetch-site\":\"none\",\"sec-fetch-mode\":\"navigate\",\"sec-fetch-user\":\"?1\",\"sec-fetch-dest\":\"document\",\"accept-encoding\":\"gzip, deflate, br, zstd\",\"accept-language\":\"en-US,en;q=0.9,ja;q=0.8\",\"cookie\":\"remember_web_59ba36addc2b2f9401580f014c7f58ea4e30989d=eyJpdiI6ImFkTVpSQ2dzMGZJN21SaCtSVGNidVE9PSIsInZhbHVlIjoibnZtUnlqaVlRSHZwQ25GLytIR1NJb2FWUWVraHFicWE0cFNTMUdHcVA1eCtNQ0pJMktnaWIwb3RGNitYWDVZZVYvK0dUUStObUQ5SU5NWkV6YVJlVTIwdkRVNHJoaW1NZVpHdi81bi8vbDArK3Z2S1pkeTZTblFVODNOVEF3YjA4YWRaTlNjZnF5TDR5K0hLQnJOY1RvMmFnQU9DUXlwbVV1MUlscW1GNG9lZzRBVHo1TkR4amdhMGZGMnBCaElsSVNRNWFEZ1lLbmo2YjArTmdUeEhtcTZHS1FhSHBCZERDY2dybVhDYm9aOD0iLCJtYWMiOiIxMDViODZiZmZlNWU2N2Y5YmI4Yzk0MWQ2NTlhMmU5NDg3MmZkNmE0ZjYyNzI3ZGM5NDMyYWEyM2I1OGU1Njk5IiwidGFnIjoiIn0%3D; XSRF-TOKEN=eyJpdiI6IjlTd2pJcCtiUHR5bjFQcUcrNDBwUWc9PSIsInZhbHVlIjoiMGVxL3l3OUZ4bVA2Y1RPNUZqZjR5WkVTYmM3bWVSaEZ3dVF5blhCVXJqZzZabHFFVVR6KzNpRGQ1Y01UZ3l4N3VSakRSUXJZQko4aGp4NGUxTEE3Nk94enFZa1N1bUMydTF6aUZqZnJkTW9HOCtnRG5iUmh1Q0xMeFVPR3hEaXMiLCJtYWMiOiI4ZWVlMWZkMTM1N2RmOTdkNGE2YzZjZGY4MWFmNWE1ZDk0ZTljMDdmZTRlODQ1OGI2MmQxZTMwNGRhYmM2NzFhIiwidGFnIjoiIn0%3D; mishora_crm_session=eyJpdiI6IkR0MjNkaGpob0Q4djFhNGVMUENkcWc9PSIsInZhbHVlIjoiTzBtcjJFVlpsYWJTT2Ztc2pTODBpYVhiMWozS2duZ0ZmTEV2NlRtRnc4eVZCcWJNRmJCR0NZdG1JMXFSY2FsZWdHaXliYkZ5bkdGZitSRUhKZUFsRnpCRCsyQldNK3I0TEVYa3dFK0k4RjBEeHkzSFloWG9BSm9CSzlCbVBLYmEiLCJtYWMiOiI2MjdiYjU1ZjU0ODk2OTRiYjhmMTFkZDJhY2NlMTYyYWVlZDU1MDEzODNhNTE2NDQwY2NjYjJkZTYxODE4ZTE0IiwidGFnIjoiIn0%3D\"},\"payload\":[],\"session\":{\"_token\":\"veSGRrKXry31t7UEaPT044RFqNsrvgKaUjYmnD7m\",\"_previous\":{\"url\":\"http:\\/\\/127.0.0.1:8000\"},\"_flash\":{\"old\":[],\"new\":[]},\"login_web_59ba36addc2b2f9401580f014c7f58ea4e30989d\":13},\"response_headers\":{\"date\":\"Fri, 25 Sep 2026 17:32:49 GMT\",\"location\":\"\\/login\",\"content-type\":\"text\\/html; charset=utf-8\",\"set-cookie\":\"XSRF-TOKEN=eyJpdiI6InR6Nk4yU1VOVzZKOHJZNTNKeG84eWc9PSIsInZhbHVlIjoiWVdXdHpWYUJYbVp2cDFoVEtzVWdYZnRvUjBpL0NDRlpuMXJUZmkrbGNzbmxEaDBudm8yanczSDlTb21jaVFMS3Y2SGhQWFgwRDRVekJ0MytnOWpzM09GVzVsWUdISjQxRXdsSVIva3I2ZkQ2YVFPbDNhek9pT1dKMDBzbytBQ0UiLCJtYWMiOiJiODg0OTMyY2Q0ZGYxZTIzZTQ4MzhiZDFhODQwMGExZjZmYTAxZDA0ZjMwOGYxMGY4OGRhMDNiNTFhZDU4NWU3IiwidGFnIjoiIn0%3D; expires=Fri, 25 Sep 2026 19:32:49 GMT; Max-Age=7200; path=\\/; samesite=lax, mishora_crm_session=eyJpdiI6IjU1T0I1bjdzOE41d2Q0R3ZBaHFOOXc9PSIsInZhbHVlIjoiQUExRXFVZW9qQkJuUW8zOExPeGhDWDJGWkU5OVp1NE9Nd3FidWZ0M0dUbmJ3UmRjU0NlMTFFSTdvUkdKdTdBT0VyUjNIZjlVdWtPcXdyVVJZWEF0WmcxbU0rRGRFVUVDd2loaUJuSTBlR0p2NWNMdUp1VnhTbUtBMEpKMXMxVWgiLCJtYWMiOiJmZWFlODRiNjAyZTQ5NzI5YzRmYmFjZGE2MTY3YjlhMTlhZGJhNjkzMzMwMTJlMGI4NzE1ZjE4NWVjZTQzYTQ0IiwidGFnIjoiIn0%3D; expires=Fri, 25 Sep 2026 19:32:49 GMT; Max-Age=7200; path=\\/; httponly; samesite=lax\"},\"response_status\":301,\"response\":\"Redirected to \\/login\",\"duration\":444,\"memory\":28,\"hostname\":\"LAPTOP-RR8E4AHP\"}, 2026-09-25 23:02:49, ?, request, a2d502b1-6524-48e6-8b78-4a5699ce6bc1)) at C:/Users/91812/Herd/MishoraCRM/vendor/laravel/framework/src/Illuminate/Database/Connection.php:825)
[stacktrace]
#0 C:/Users/91812/Herd/MishoraCRM/vendor/laravel/framework/src/Illuminate/Database/Connection.php(779): Illuminate/Database/Connection->runQueryCallback('insert into \"te...', Array, Object(Closure))
#1 C:/Users/91812/Herd/MishoraCRM/vendor/laravel/framework/src/Illuminate/Database/Connection.php(560): Illuminate/Database/Connection->run('insert into \"te...', Array, Object(Closure))
#2 C:/Users/91812/Herd/MishoraCRM/vendor/laravel/framework/src/Illuminate/Database/Connection.php(524): Illuminate/Database/Connection->statement('insert into \"te...', Array)
#3 C:/Users/91812/Herd/MishoraCRM/vendor/laravel/framework/src/Illuminate/Database/Query/Builder.php(3717): Illuminate/Database/Connection->insert('insert into \"te...', Array)
#4 C:/Users/91812/Herd/MishoraCRM/vendor/laravel/telescope/src/Storage/DatabaseEntriesRepository.php(145): Illuminate/Database/Query/Builder->insert(Array)
#5 C:/Users/91812/Herd/MishoraCRM/vendor/laravel/framework/src/Illuminate/Collections/Traits/EnumeratesValues.php(261): Laravel/Telescope/Storage/DatabaseEntriesRepository->Laravel/Telescope/Storage/{closure}(Object(Illuminate/Support/Collection), 0)
#6 C:/Users/91812/Herd/MishoraCRM/vendor/laravel/telescope/src/Storage/DatabaseEntriesRepository.php(144): Illuminate/Support/Collection->each(Object(Closure))
#7 C:/Users/91812/Herd/MishoraCRM/vendor/laravel/telescope/src/Telescope.php(664): Laravel/Telescope/Storage/DatabaseEntriesRepository->store(Object(Illuminate/Support/Collection))
#8 [internal function]: Laravel/Telescope/Telescope::Laravel/Telescope/{closure}()
#9 C:/Users/91812/Herd/MishoraCRM/vendor/laravel/telescope/src/Telescope.php(289): call_user_func(Object(Closure))
#10 C:/Users/91812/Herd/MishoraCRM/vendor/laravel/telescope/src/Telescope.php(656): Laravel/Telescope/Telescope::withoutRecording(Object(Closure))
#11 C:/Users/91812/Herd/MishoraCRM/vendor/laravel/telescope/src/ListensForStorageOpportunities.php(65): Laravel/Telescope/Telescope::store(Object(Laravel/Telescope/Storage/DatabaseEntriesRepository))
#12 C:/Users/91812/Herd/MishoraCRM/vendor/laravel/framework/src/Illuminate/Container/BoundMethod.php(36): Laravel/Telescope/Telescope::Laravel/Telescope/{closure}()
#13 C:/Users/91812/Herd/MishoraCRM/vendor/laravel/framework/src/Illuminate/Container/Util.php(43): Illuminate/Container/BoundMethod::Illuminate/Container/{closure}()
#14 C:/Users/91812/Herd/MishoraCRM/vendor/laravel/framework/src/Illuminate/Container/BoundMethod.php(83): Illuminate/Container/Util::unwrapIfClosure(Object(Closure))
#15 C:/Users/91812/Herd/MishoraCRM/vendor/laravel/framework/src/Illuminate/Container/BoundMethod.php(35): Illuminate/Container/BoundMethod::callBoundMethod(Object(Illuminate/Foundation/Application), Object(Closure), Object(Closure))
#16 C:/Users/91812/Herd/MishoraCRM/vendor/laravel/framework/src/Illuminate/Container/Container.php(696): Illuminate/Container/BoundMethod::call(Object(Illuminate/Foundation/Application), Object(Closure), Array, NULL)
#17 C:/Users/91812/Herd/MishoraCRM/vendor/laravel/framework/src/Illuminate/Foundation/Application.php(1452): Illuminate/Container/Container->call(Object(Closure))
#18 C:/Users/91812/Herd/MishoraCRM/vendor/laravel/framework/src/Illuminate/Foundation/Http/Kernel.php(218): Illuminate/Foundation/Application->terminate()
#19 C:/Users/91812/Herd/MishoraCRM/vendor/laravel/framework/src/Illuminate/Foundation/Application.php(1222): Illuminate/Foundation/Http/Kernel->terminate(Object(Illuminate/Http/Request), Object(Illuminate/Http/RedirectResponse))
#20 C:/Users/91812/Herd/MishoraCRM/public/index.php(17): Illuminate/Foundation/Application->handleRequest(Object(Illuminate/Http/Request))
#21 C:/Users/91812/Herd/MishoraCRM/vendor/laravel/framework/src/Illuminate/Foundation/resources/server.php(23): require_once('C://Users//91812//...')
#22 {main}

[previous exception] [object] (PDOException(code: 0): could not find driver at C:/Users/91812/Herd/MishoraCRM/vendor/laravel/framework/src/Illuminate/Database/Connectors/Connector.php:66)
[stacktrace]
#0 C:/Users/91812/Herd/MishoraCRM/vendor/laravel/framework/src/Illuminate/Database/Connectors/Connector.php(66): PDO->__construct('pgsql:host=aws-...', 'postgres.bkqbvw...', Object(SensitiveParameterValue), Array)
#1 C:/Users/91812/Herd/MishoraCRM/vendor/laravel/framework/src/Illuminate/Database/Connectors/Connector.php(44): Illuminate/Database/Connectors/Connector->createPdoConnection('pgsql:host=aws-...', 'postgres.bkqbvw...', Object(SensitiveParameterValue), Array)
#2 C:/Users/91812/Herd/MishoraCRM/vendor/laravel/framework/src/Illuminate/Database/Connectors/PostgresConnector.php(35): Illuminate/Database/Connectors/Connector->createConnection('pgsql:host=aws-...', Array, Array)
#3 C:/Users/91812/Herd/MishoraCRM/vendor/laravel/framework/src/Illuminate/Database/Connectors/ConnectionFactory.php(185): Illuminate/Database/Connectors/PostgresConnector->connect(Array)
#4 [internal function]: Illuminate/Database/Connectors/ConnectionFactory->Illuminate/Database/Connectors/{closure}()
#5 C:/Users/91812/Herd/MishoraCRM/vendor/laravel/framework/src/Illuminate/Database/Connection.php(1231): call_user_func(Object(Closure))
#6 C:/Users/91812/Herd/MishoraCRM/vendor/laravel/framework/src/Illuminate/Database/Connection.php(565): Illuminate/Database/Connection->getPdo()
#7 C:/Users/91812/Herd/MishoraCRM/vendor/laravel/framework/src/Illuminate/Database/Connection.php(812): Illuminate/Database/Connection->Illuminate/Database/{closure}('insert into \"te...', Array)
#8 C:/Users/91812/Herd/MishoraCRM/vendor/laravel/framework/src/Illuminate/Database/Connection.php(779): Illuminate/Database/Connection->runQueryCallback('insert into \"te...', Array, Object(Closure))
#9 C:/Users/91812/Herd/MishoraCRM/vendor/laravel/framework/src/Illuminate/Database/Connection.php(560): Illuminate/Database/Connection->run('insert into \"te...', Array, Object(Closure))
#10 C:/Users/91812/Herd/MishoraCRM/vendor/laravel/framework/src/Illuminate/Database/Connection.php(524): Illuminate/Database/Connection->statement('insert into \"te...', Array)
#11 C:/Users/91812/Herd/MishoraCRM/vendor/laravel/framework/src/Illuminate/Database/Query/Builder.php(3717): Illuminate/Database/Connection->insert('insert into \"te...', Array)
#12 C:/Users/91812/Herd/MishoraCRM/vendor/laravel/telescope/src/Storage/DatabaseEntriesRepository.php(145): Illuminate/Database/Query/Builder->insert(Array)
#13 C:/Users/91812/Herd/MishoraCRM/vendor/laravel/framework/src/Illuminate/Collections/Traits/EnumeratesValues.php(261): Laravel/Telescope/Storage/DatabaseEntriesRepository->Laravel/Telescope/Storage/{closure}(Object(Illuminate/Support/Collection), 0)
#14 C:/Users/91812/Herd/MishoraCRM/vendor/laravel/telescope/src/Storage/DatabaseEntriesRepository.php(144): Illuminate/Support/Collection->each(Object(Closure))
#15 C:/Users/91812/Herd/MishoraCRM/vendor/laravel/telescope/src/Telescope.php(664): Laravel/Telescope/Storage/DatabaseEntriesRepository->store(Object(Illuminate/Support/Collection))
#16 [internal function]: Laravel/Telescope/Telescope::Laravel/Telescope/{closure}()
#17 C:/Users/91812/Herd/MishoraCRM/vendor/laravel/telescope/src/Telescope.php(289): call_user_func(Object(Closure))
#18 C:/Users/91812/Herd/MishoraCRM/vendor/laravel/telescope/src/Telescope.php(656): Laravel/Telescope/Telescope::withoutRecording(Object(Closure))
#19 C:/Users/91812/Herd/MishoraCRM/vendor/laravel/telescope/src/ListensForStorageOpportunities.php(65): Laravel/Telescope/Telescope::store(Object(Laravel/Telescope/Storage/DatabaseEntriesRepository))
#20 C:/Users/91812/Herd/MishoraCRM/vendor/laravel/framework/src/Illuminate/Container/BoundMethod.php(36): Laravel/Telescope/Telescope::Laravel/Telescope/{closure}()
#21 C:/Users/91812/Herd/MishoraCRM/vendor/laravel/framework/src/Illuminate/Container/Util.php(43): Illuminate/Container/BoundMethod::Illuminate/Container/{closure}()
#22 C:/Users/91812/Herd/MishoraCRM/vendor/laravel/framework/src/Illuminate/Container/BoundMethod.php(83): Illuminate/Container/Util::unwrapIfClosure(Object(Closure))
#23 C:/Users/91812/Herd/MishoraCRM/vendor/laravel/framework/src/Illuminate/Container/BoundMethod.php(35): Illuminate/Container/BoundMethod::callBoundMethod(Object(Illuminate/Foundation/Application), Object(Closure), Object(Closure))
#24 C:/Users/91812/Herd/MishoraCRM/vendor/laravel/framework/src/Illuminate/Container/Container.php(696): Illuminate/Container/BoundMethod::call(Object(Illuminate/Foundation/Application), Object(Closure), Array, NULL)
#25 C:/Users/91812/Herd/MishoraCRM/vendor/laravel/framework/src/Illuminate/Foundation/Application.php(1452): Illuminate/Container/Container->call(Object(Closure))
#26 C:/Users/91812/Herd/MishoraCRM/vendor/laravel/framework/src/Illuminate/Foundation/Http/Kernel.php(218): Illuminate/Foundation/Application->terminate()
#27 C:/Users/91812/Herd/MishoraCRM/vendor/laravel/framework/src/Illuminate/Foundation/Application.php(1222): Illuminate/Foundation/Http/Kernel->terminate(Object(Illuminate/Http/Request), Object(Illuminate/Http/RedirectResponse))
#28 C:/Users/91812/Herd/MishoraCRM/public/index.php(17): Illuminate/Foundation/Application->handleRequest(Object(Illuminate/Http/Request))
#29 C:/Users/91812/Herd/MishoraCRM/vendor/laravel/framework/src/Illuminate/Foundation/resources/server.php(23): require_once('C://Users//91812//...')
#30 {main}
"} 
[2026-09-25 23:02:49] local.ERROR: could not find driver (Connection: pgsql, SQL: select * from "users" where "id" = 13 limit 1) {"exception":"[object] (Illuminate\\Database\\QueryException(code: 0): could not find driver (Connection: pgsql, SQL: select * from \"users\" where \"id\" = 13 limit 1) at C:/Users/91812/Herd/MishoraCRM/vendor/laravel/framework/src/Illuminate/Database/Connection.php:825)
[stacktrace]
#0 C:/Users/91812/Herd/MishoraCRM/vendor/laravel/framework/src/Illuminate/Database/Connection.php(779): Illuminate/Database/Connection->runQueryCallback('select * from \"...', Array, Object(Closure))
#1 C:/Users/91812/Herd/MishoraCRM/vendor/laravel/framework/src/Illuminate/Database/Connection.php(398): Illuminate/Database/Connection->run('select * from \"...', Array, Object(Closure))
#2 C:/Users/91812/Herd/MishoraCRM/vendor/laravel/framework/src/Illuminate/Database/Query/Builder.php(3106): Illuminate/Database/Connection->select('select * from \"...', Array, true)
#3 C:/Users/91812/Herd/MishoraCRM/vendor/laravel/framework/src/Illuminate/Database/Query/Builder.php(3091): Illuminate/Database/Query/Builder->runSelect()
#4 C:/Users/91812/Herd/MishoraCRM/vendor/laravel/framework/src/Illuminate/Database/Query/Builder.php(3676): Illuminate/Database/Query/Builder->Illuminate/Database/Query/{closure}()
#5 C:/Users/91812/Herd/MishoraCRM/vendor/laravel/framework/src/Illuminate/Database/Query/Builder.php(3090): Illuminate/Database/Query/Builder->onceWithColumns(Array, Object(Closure))
#6 C:/Users/91812/Herd/MishoraCRM/vendor/laravel/framework/src/Illuminate/Database/Eloquent/Builder.php(811): Illuminate/Database/Query/Builder->get(Array)
#7 C:/Users/91812/Herd/MishoraCRM/vendor/laravel/framework/src/Illuminate/Database/Eloquent/Builder.php(793): Illuminate/Database/Eloquent/Builder->getModels(Array)
#8 C:/Users/91812/Herd/MishoraCRM/vendor/laravel/framework/src/Illuminate/Database/Concerns/BuildsQueries.php(343): Illuminate/Database/Eloquent/Builder->get(Array)
#9 C:/Users/91812/Herd/MishoraCRM/vendor/laravel/framework/src/Illuminate/Auth/EloquentUserProvider.php(59): Illuminate/Database/Eloquent/Builder->first()
#10 C:/Users/91812/Herd/MishoraCRM/vendor/laravel/framework/src/Illuminate/Auth/SessionGuard.php(180): Illuminate/Auth/EloquentUserProvider->retrieveById(13)
#11 C:/Users/91812/Herd/MishoraCRM/vendor/laravel/framework/src/Illuminate/Auth/GuardHelpers.php(56): Illuminate/Auth/SessionGuard->user()
#12 C:/Users/91812/Herd/MishoraCRM/vendor/laravel/framework/src/Illuminate/Auth/Middleware/RedirectIfAuthenticated.php(30): Illuminate/Auth/SessionGuard->check()
#13 C:/Users/91812/Herd/MishoraCRM/vendor/laravel/framework/src/Illuminate/Pipeline/Pipeline.php(209): Illuminate/Auth/Middleware/RedirectIfAuthenticated->handle(Object(Illuminate/Http/Request), Object(Closure))
#14 C:/Users/91812/Herd/MishoraCRM/vendor/laravel/framework/src/Illuminate/Routing/Middleware/SubstituteBindings.php(51): Illuminate/Pipeline/Pipeline->Illuminate/Pipeline/{closure}(Object(Illuminate/Http/Request))
#15 C:/Users/91812/Herd/MishoraCRM/vendor/laravel/framework/src/Illuminate/Pipeline/Pipeline.php(209): Illuminate/Routing/Middleware/SubstituteBindings->handle(Object(Illuminate/Http/Request), Object(Closure))
#16 C:/Users/91812/Herd/MishoraCRM/vendor/laravel/framework/src/Illuminate/Foundation/Http/Middleware/VerifyCsrfToken.php(88): Illuminate/Pipeline/Pipeline->Illuminate/Pipeline/{closure}(Object(Illuminate/Http/Request))
#17 C:/Users/91812/Herd/MishoraCRM/vendor/laravel/framework/src/Illuminate/Pipeline/Pipeline.php(209): Illuminate/Foundation/Http/Middleware/VerifyCsrfToken->handle(Object(Illuminate/Http/Request), Object(Closure))
#18 C:/Users/91812/Herd/MishoraCRM/vendor/laravel/framework/src/Illuminate/View/Middleware/ShareErrorsFromSession.php(49): Illuminate/Pipeline/Pipeline->Illuminate/Pipeline/{closure}(Object(Illuminate/Http/Request))
#19 C:/Users/91812/Herd/MishoraCRM/vendor/laravel/framework/src/Illuminate/Pipeline/Pipeline.php(209): Illuminate/View/Middleware/ShareErrorsFromSession->handle(Object(Illuminate/Http/Request), Object(Closure))
#20 C:/Users/91812/Herd/MishoraCRM/vendor/laravel/framework/src/Illuminate/Session/Middleware/StartSession.php(121): Illuminate/Pipeline/Pipeline->Illuminate/Pipeline/{closure}(Object(Illuminate/Http/Request))
#21 C:/Users/91812/Herd/MishoraCRM/vendor/laravel/framework/src/Illuminate/Session/Middleware/StartSession.php(64): Illuminate/Session/Middleware/StartSession->handleStatefulRequest(Object(Illuminate/Http/Request), Object(Illuminate/Session/Store), Object(Closure))
#22 C:/Users/91812/Herd/MishoraCRM/vendor/laravel/framework/src/Illuminate/Pipeline/Pipeline.php(209): Illuminate/Session/Middleware/StartSession->handle(Object(Illuminate/Http/Request), Object(Closure))
#23 C:/Users/91812/Herd/MishoraCRM/vendor/laravel/framework/src/Illuminate/Cookie/Middleware/AddQueuedCookiesToResponse.php(37): Illuminate/Pipeline/Pipeline->Illuminate/Pipeline/{closure}(Object(Illuminate/Http/Request))
#24 C:/Users/91812/Herd/MishoraCRM/vendor/laravel/framework/src/Illuminate/Pipeline/Pipeline.php(209): Illuminate/Cookie/Middleware/AddQueuedCookiesToResponse->handle(Object(Illuminate/Http/Request), Object(Closure))
#25 C:/Users/91812/Herd/MishoraCRM/vendor/laravel/framework/src/Illuminate/Cookie/Middleware/EncryptCookies.php(75): Illuminate/Pipeline/Pipeline->Illuminate/Pipeline/{closure}(Object(Illuminate/Http/Request))
#26 C:/Users/91812/Herd/MishoraCRM/vendor/laravel/framework/src/Illuminate/Pipeline/Pipeline.php(209): Illuminate/Cookie/Middleware/EncryptCookies->handle(Object(Illuminate/Http/Request), Object(Closure))
#27 C:/Users/91812/Herd/MishoraCRM/vendor/laravel/framework/src/Illuminate/Pipeline/Pipeline.php(127): Illuminate/Pipeline/Pipeline->Illuminate/Pipeline/{closure}(Object(Illuminate/Http/Request))
#28 C:/Users/91812/Herd/MishoraCRM/vendor/laravel/framework/src/Illuminate/Routing/Router.php(807): Illuminate/Pipeline/Pipeline->then(Object(Closure))
#29 C:/Users/91812/Herd/MishoraCRM/vendor/laravel/framework/src/Illuminate/Routing/Router.php(786): Illuminate/Routing/Router->runRouteWithinStack(Object(Illuminate/Routing/Route), Object(Illuminate/Http/Request))
#30 C:/Users/91812/Herd/MishoraCRM/vendor/laravel/framework/src/Illuminate/Routing/Router.php(750): Illuminate/Routing/Router->runRoute(Object(Illuminate/Http/Request), Object(Illuminate/Routing/Route))
#31 C:/Users/91812/Herd/MishoraCRM/vendor/laravel/framework/src/Illuminate/Routing/Router.php(739): Illuminate/Routing/Router->dispatchToRoute(Object(Illuminate/Http/Request))
#32 C:/Users/91812/Herd/MishoraCRM/vendor/laravel/framework/src/Illuminate/Foundation/Http/Kernel.php(201): Illuminate/Routing/Router->dispatch(Object(Illuminate/Http/Request))
#33 C:/Users/91812/Herd/MishoraCRM/vendor/laravel/framework/src/Illuminate/Pipeline/Pipeline.php(170): Illuminate/Foundation/Http/Kernel->Illuminate/Foundation/Http/{closure}(Object(Illuminate/Http/Request))
#34 C:/Users/91812/Herd/MishoraCRM/vendor/laravel/framework/src/Illuminate/Foundation/Http/Middleware/TransformsRequest.php(21): Illuminate/Pipeline/Pipeline->Illuminate/Pipeline/{closure}(Object(Illuminate/Http/Request))
#35 C:/Users/91812/Herd/MishoraCRM/vendor/laravel/framework/src/Illuminate/Foundation/Http/Middleware/ConvertEmptyStringsToNull.php(31): Illuminate/Foundation/Http/Middleware/TransformsRequest->handle(Object(Illuminate/Http/Request), Object(Closure))
#36 C:/Users/91812/Herd/MishoraCRM/vendor/laravel/framework/src/Illuminate/Pipeline/Pipeline.php(209): Illuminate/Foundation/Http/Middleware/ConvertEmptyStringsToNull->handle(Object(Illuminate/Http/Request), Object(Closure))
#37 C:/Users/91812/Herd/MishoraCRM/vendor/laravel/framework/src/Illuminate/Foundation/Http/Middleware/TransformsRequest.php(21): Illuminate/Pipeline/Pipeline->Illuminate/Pipeline/{closure}(Object(Illuminate/Http/Request))
#38 C:/Users/91812/Herd/MishoraCRM/vendor/laravel/framework/src/Illuminate/Foundation/Http/Middleware/TrimStrings.php(51): Illuminate/Foundation/Http/Middleware/TransformsRequest->handle(Object(Illuminate/Http/Request), Object(Closure))
#39 C:/Users/91812/Herd/MishoraCRM/vendor/laravel/framework/src/Illuminate/Pipeline/Pipeline.php(209): Illuminate/Foundation/Http/Middleware/TrimStrings->handle(Object(Illuminate/Http/Request), Object(Closure))
#40 C:/Users/91812/Herd/MishoraCRM/vendor/laravel/framework/src/Illuminate/Http/Middleware/ValidatePostSize.php(27): Illuminate/Pipeline/Pipeline->Illuminate/Pipeline/{closure}(Object(Illuminate/Http/Request))
#41 C:/Users/91812/Herd/MishoraCRM/vendor/laravel/framework/src/Illuminate/Pipeline/Pipeline.php(209): Illuminate/Http/Middleware/ValidatePostSize->handle(Object(Illuminate/Http/Request), Object(Closure))
#42 C:/Users/91812/Herd/MishoraCRM/vendor/laravel/framework/src/Illuminate/Foundation/Http/Middleware/PreventRequestsDuringMaintenance.php(110): Illuminate/Pipeline/Pipeline->Illuminate/Pipeline/{closure}(Object(Illuminate/Http/Request))
#43 C:/Users/91812/Herd/MishoraCRM/vendor/laravel/framework/src/Illuminate/Pipeline/Pipeline.php(209): Illuminate/Foundation/Http/Middleware/PreventRequestsDuringMaintenance->handle(Object(Illuminate/Http/Request), Object(Closure))
#44 C:/Users/91812/Herd/MishoraCRM/vendor/laravel/framework/src/Illuminate/Http/Middleware/HandleCors.php(49): Illuminate/Pipeline/Pipeline->Illuminate/Pipeline/{closure}(Object(Illuminate/Http/Request))
#45 C:/Users/91812/Herd/MishoraCRM/vendor/laravel/framework/src/Illuminate/Pipeline/Pipeline.php(209): Illuminate/Http/Middleware/HandleCors->handle(Object(Illuminate/Http/Request), Object(Closure))
#46 C:/Users/91812/Herd/MishoraCRM/vendor/laravel/framework/src/Illuminate/Http/Middleware/TrustProxies.php(58): Illuminate/Pipeline/Pipeline->Illuminate/Pipeline/{closure}(Object(Illuminate/Http/Request))
#47 C:/Users/91812/Herd/MishoraCRM/vendor/laravel/framework/src/Illuminate/Pipeline/Pipeline.php(209): Illuminate/Http/Middleware/TrustProxies->handle(Object(Illuminate/Http/Request), Object(Closure))
#48 C:/Users/91812/Herd/MishoraCRM/vendor/laravel/framework/src/Illuminate/Foundation/Http/Middleware/InvokeDeferredCallbacks.php(22): Illuminate/Pipeline/Pipeline->Illuminate/Pipeline/{closure}(Object(Illuminate/Http/Request))
#49 C:/Users/91812/Herd/MishoraCRM/vendor/laravel/framework/src/Illuminate/Pipeline/Pipeline.php(209): Illuminate/Foundation/Http/Middleware/InvokeDeferredCallbacks->handle(Object(Illuminate/Http/Request), Object(Closure))
#50 C:/Users/91812/Herd/MishoraCRM/vendor/laravel/framework/src/Illuminate/Pipeline/Pipeline.php(127): Illuminate/Pipeline/Pipeline->Illuminate/Pipeline/{closure}(Object(Illuminate/Http/Request))
#51 C:/Users/91812/Herd/MishoraCRM/vendor/laravel/framework/src/Illuminate/Foundation/Http/Kernel.php(176): Illuminate/Pipeline/Pipeline->then(Object(Closure))
#52 C:/Users/91812/Herd/MishoraCRM/vendor/laravel/framework/src/Illuminate/Foundation/Http/Kernel.php(145): Illuminate/Foundation/Http/Kernel->sendRequestThroughRouter(Object(Illuminate/Http/Request))
#53 C:/Users/91812/Herd/MishoraCRM/vendor/laravel/framework/src/Illuminate/Foundation/Application.php(1220): Illuminate/Foundation/Http/Kernel->handle(Object(Illuminate/Http/Request))
#54 C:/Users/91812/Herd/MishoraCRM/public/index.php(17): Illuminate/Foundation/Application->handleRequest(Object(Illuminate/Http/Request))
#55 C:/Users/91812/Herd/MishoraCRM/vendor/laravel/framework/src/Illuminate/Foundation/resources/server.php(23): require_once('C://Users//91812//...')
#56 {main}

[previous exception] [object] (PDOException(code: 0): could not find driver at C:/Users/91812/Herd/MishoraCRM/vendor/laravel/framework/src/Illuminate/Database/Connectors/Connector.php:66)
[stacktrace]
#0 C:/Users/91812/Herd/MishoraCRM/vendor/laravel/framework/src/Illuminate/Database/Connectors/Connector.php(66): PDO->__construct('pgsql:host=aws-...', 'postgres.bkqbvw...', Object(SensitiveParameterValue), Array)
#1 C:/Users/91812/Herd/MishoraCRM/vendor/laravel/framework/src/Illuminate/Database/Connectors/Connector.php(44): Illuminate/Database/Connectors/Connector->createPdoConnection('pgsql:host=aws-...', 'postgres.bkqbvw...', Object(SensitiveParameterValue), Array)
#2 C:/Users/91812/Herd/MishoraCRM/vendor/laravel/framework/src/Illuminate/Database/Connectors/PostgresConnector.php(35): Illuminate/Database/Connectors/Connector->createConnection('pgsql:host=aws-...', Array, Array)
#3 C:/Users/91812/Herd/MishoraCRM/vendor/laravel/framework/src/Illuminate/Database/Connectors/ConnectionFactory.php(185): Illuminate/Database/Connectors/PostgresConnector->connect(Array)
#4 [internal function]: Illuminate/Database/Connectors/ConnectionFactory->Illuminate/Database/Connectors/{closure}()
#5 C:/Users/91812/Herd/MishoraCRM/vendor/laravel/framework/src/Illuminate/Database/Connection.php(1231): call_user_func(Object(Closure))
#6 C:/Users/91812/Herd/MishoraCRM/vendor/laravel/framework/src/Illuminate/Database/Connection.php(1267): Illuminate/Database/Connection->getPdo()
#7 C:/Users/91812/Herd/MishoraCRM/vendor/laravel/framework/src/Illuminate/Database/Connection.php(512): Illuminate/Database/Connection->getReadPdo()
#8 C:/Users/91812/Herd/MishoraCRM/vendor/laravel/framework/src/Illuminate/Database/Connection.php(407): Illuminate/Database/Connection->getPdoForSelect(true)
#9 C:/Users/91812/Herd/MishoraCRM/vendor/laravel/framework/src/Illuminate/Database/Connection.php(812): Illuminate/Database/Connection->Illuminate/Database/{closure}('select * from \"...', Array)
#10 C:/Users/91812/Herd/MishoraCRM/vendor/laravel/framework/src/Illuminate/Database/Connection.php(779): Illuminate/Database/Connection->runQueryCallback('select * from \"...', Array, Object(Closure))
#11 C:/Users/91812/Herd/MishoraCRM/vendor/laravel/framework/src/Illuminate/Database/Connection.php(398): Illuminate/Database/Connection->run('select * from \"...', Array, Object(Closure))
#12 C:/Users/91812/Herd/MishoraCRM/vendor/laravel/framework/src/Illuminate/Database/Query/Builder.php(3106): Illuminate/Database/Connection->select('select * from \"...', Array, true)
#13 C:/Users/91812/Herd/MishoraCRM/vendor/laravel/framework/src/Illuminate/Database/Query/Builder.php(3091): Illuminate/Database/Query/Builder->runSelect()
#14 C:/Users/91812/Herd/MishoraCRM/vendor/laravel/framework/src/Illuminate/Database/Query/Builder.php(3676): Illuminate/Database/Query/Builder->Illuminate/Database/Query/{closure}()
#15 C:/Users/91812/Herd/MishoraCRM/vendor/laravel/framework/src/Illuminate/Database/Query/Builder.php(3090): Illuminate/Database/Query/Builder->onceWithColumns(Array, Object(Closure))
#16 C:/Users/91812/Herd/MishoraCRM/vendor/laravel/framework/src/Illuminate/Database/Eloquent/Builder.php(811): Illuminate/Database/Query/Builder->get(Array)
#17 C:/Users/91812/Herd/MishoraCRM/vendor/laravel/framework/src/Illuminate/Database/Eloquent/Builder.php(793): Illuminate/Database/Eloquent/Builder->getModels(Array)
#18 C:/Users/91812/Herd/MishoraCRM/vendor/laravel/framework/src/Illuminate/Database/Concerns/BuildsQueries.php(343): Illuminate/Database/Eloquent/Builder->get(Array)
#19 C:/Users/91812/Herd/MishoraCRM/vendor/laravel/framework/src/Illuminate/Auth/EloquentUserProvider.php(59): Illuminate/Database/Eloquent/Builder->first()
#20 C:/Users/91812/Herd/MishoraCRM/vendor/laravel/framework/src/Illuminate/Auth/SessionGuard.php(180): Illuminate/Auth/EloquentUserProvider->retrieveById(13)
#21 C:/Users/91812/Herd/MishoraCRM/vendor/laravel/framework/src/Illuminate/Auth/GuardHelpers.php(56): Illuminate/Auth/SessionGuard->user()
#22 C:/Users/91812/Herd/MishoraCRM/vendor/laravel/framework/src/Illuminate/Auth/Middleware/RedirectIfAuthenticated.php(30): Illuminate/Auth/SessionGuard->check()
#23 C:/Users/91812/Herd/MishoraCRM/vendor/laravel/framework/src/Illuminate/Pipeline/Pipeline.php(209): Illuminate/Auth/Middleware/RedirectIfAuthenticated->handle(Object(Illuminate/Http/Request), Object(Closure))
#24 C:/Users/91812/Herd/MishoraCRM/vendor/laravel/framework/src/Illuminate/Routing/Middleware/SubstituteBindings.php(51): Illuminate/Pipeline/Pipeline->Illuminate/Pipeline/{closure}(Object(Illuminate/Http/Request))
#25 C:/Users/91812/Herd/MishoraCRM/vendor/laravel/framework/src/Illuminate/Pipeline/Pipeline.php(209): Illuminate/Routing/Middleware/SubstituteBindings->handle(Object(Illuminate/Http/Request), Object(Closure))
#26 C:/Users/91812/Herd/MishoraCRM/vendor/laravel/framework/src/Illuminate/Foundation/Http/Middleware/VerifyCsrfToken.php(88): Illuminate/Pipeline/Pipeline->Illuminate/Pipeline/{closure}(Object(Illuminate/Http/Request))
#27 C:/Users/91812/Herd/MishoraCRM/vendor/laravel/framework/src/Illuminate/Pipeline/Pipeline.php(209): Illuminate/Foundation/Http/Middleware/VerifyCsrfToken->handle(Object(Illuminate/Http/Request), Object(Closure))
#28 C:/Users/91812/Herd/MishoraCRM/vendor/laravel/framework/src/Illuminate/View/Middleware/ShareErrorsFromSession.php(49): Illuminate/Pipeline/Pipeline->Illuminate/Pipeline/{closure}(Object(Illuminate/Http/Request))
#29 C:/Users/91812/Herd/MishoraCRM/vendor/laravel/framework/src/Illuminate/Pipeline/Pipeline.php(209): Illuminate/View/Middleware/ShareErrorsFromSession->handle(Object(Illuminate/Http/Request), Object(Closure))
#30 C:/Users/91812/Herd/MishoraCRM/vendor/laravel/framework/src/Illuminate/Session/Middleware/StartSession.php(121): Illuminate/Pipeline/Pipeline->Illuminate/Pipeline/{closure}(Object(Illuminate/Http/Request))
#31 C:/Users/91812/Herd/MishoraCRM/vendor/laravel/framework/src/Illuminate/Session/Middleware/StartSession.php(64): Illuminate/Session/Middleware/StartSession->handleStatefulRequest(Object(Illuminate/Http/Request), Object(Illuminate/Session/Store), Object(Closure))
#32 C:/Users/91812/Herd/MishoraCRM/vendor/laravel/framework/src/Illuminate/Pipeline/Pipeline.php(209): Illuminate/Session/Middleware/StartSession->handle(Object(Illuminate/Http/Request), Object(Closure))
#33 C:/Users/91812/Herd/MishoraCRM/vendor/laravel/framework/src/Illuminate/Cookie/Middleware/AddQueuedCookiesToResponse.php(37): Illuminate/Pipeline/Pipeline->Illuminate/Pipeline/{closure}(Object(Illuminate/Http/Request))
#34 C:/Users/91812/Herd/MishoraCRM/vendor/laravel/framework/src/Illuminate/Pipeline/Pipeline.php(209): Illuminate/Cookie/Middleware/AddQueuedCookiesToResponse->handle(Object(Illuminate/Http/Request), Object(Closure))
#35 C:/Users/91812/Herd/MishoraCRM/vendor/laravel/framework/src/Illuminate/Cookie/Middleware/EncryptCookies.php(75): Illuminate/Pipeline/Pipeline->Illuminate/Pipeline/{closure}(Object(Illuminate/Http/Request))
#36 C:/Users/91812/Herd/MishoraCRM/vendor/laravel/framework/src/Illuminate/Pipeline/Pipeline.php(209): Illuminate/Cookie/Middleware/EncryptCookies->handle(Object(Illuminate/Http/Request), Object(Closure))
#37 C:/Users/91812/Herd/MishoraCRM/vendor/laravel/framework/src/Illuminate/Pipeline/Pipeline.php(127): Illuminate/Pipeline/Pipeline->Illuminate/Pipeline/{closure}(Object(Illuminate/Http/Request))
#38 C:/Users/91812/Herd/MishoraCRM/vendor/laravel/framework/src/Illuminate/Routing/Router.php(807): Illuminate/Pipeline/Pipeline->then(Object(Closure))
#39 C:/Users/91812/Herd/MishoraCRM/vendor/laravel/framework/src/Illuminate/Routing/Router.php(786): Illuminate/Routing/Router->runRouteWithinStack(Object(Illuminate/Routing/Route), Object(Illuminate/Http/Request))
#40 C:/Users/91812/Herd/MishoraCRM/vendor/laravel/framework/src/Illuminate/Routing/Router.php(750): Illuminate/Routing/Router->runRoute(Object(Illuminate/Http/Request), Object(Illuminate/Routing/Route))
#41 C:/Users/91812/Herd/MishoraCRM/vendor/laravel/framework/src/Illuminate/Routing/Router.php(739): Illuminate/Routing/Router->dispatchToRoute(Object(Illuminate/Http/Request))
#42 C:/Users/91812/Herd/MishoraCRM/vendor/laravel/framework/src/Illuminate/Foundation/Http/Kernel.php(201): Illuminate/Routing/Router->dispatch(Object(Illuminate/Http/Request))
#43 C:/Users/91812/Herd/MishoraCRM/vendor/laravel/framework/src/Illuminate/Pipeline/Pipeline.php(170): Illuminate/Foundation/Http/Kernel->Illuminate/Foundation/Http/{closure}(Object(Illuminate/Http/Request))
#44 C:/Users/91812/Herd/MishoraCRM/vendor/laravel/framework/src/Illuminate/Foundation/Http/Middleware/TransformsRequest.php(21): Illuminate/Pipeline/Pipeline->Illuminate/Pipeline/{closure}(Object(Illuminate/Http/Request))
#45 C:/Users/91812/Herd/MishoraCRM/vendor/laravel/framework/src/Illuminate/Foundation/Http/Middleware/ConvertEmptyStringsToNull.php(31): Illuminate/Foundation/Http/Middleware/TransformsRequest->handle(Object(Illuminate/Http/Request), Object(Closure))
#46 C:/Users/91812/Herd/MishoraCRM/vendor/laravel/framework/src/Illuminate/Pipeline/Pipeline.php(209): Illuminate/Foundation/Http/Middleware/ConvertEmptyStringsToNull->handle(Object(Illuminate/Http/Request), Object(Closure))
#47 C:/Users/91812/Herd/MishoraCRM/vendor/laravel/framework/src/Illuminate/Foundation/Http/Middleware/TransformsRequest.php(21): Illuminate/Pipeline/Pipeline->Illuminate/Pipeline/{closure}(Object(Illuminate/Http/Request))
#48 C:/Users/91812/Herd/MishoraCRM/vendor/laravel/framework/src/Illuminate/Foundation/Http/Middleware/TrimStrings.php(51): Illuminate/Foundation/Http/Middleware/TransformsRequest->handle(Object(Illuminate/Http/Request), Object(Closure))
#49 C:/Users/91812/Herd/MishoraCRM/vendor/laravel/framework/src/Illuminate/Pipeline/Pipeline.php(209): Illuminate/Foundation/Http/Middleware/TrimStrings->handle(Object(Illuminate/Http/Request), Object(Closure))
#50 C:/Users/91812/Herd/MishoraCRM/vendor/laravel/framework/src/Illuminate/Http/Middleware/ValidatePostSize.php(27): Illuminate/Pipeline/Pipeline->Illuminate/Pipeline/{closure}(Object(Illuminate/Http/Request))
#51 C:/Users/91812/Herd/MishoraCRM/vendor/laravel/framework/src/Illuminate/Pipeline/Pipeline.php(209): Illuminate/Http/Middleware/ValidatePostSize->handle(Object(Illuminate/Http/Request), Object(Closure))
#52 C:/Users/91812/Herd/MishoraCRM/vendor/laravel/framework/src/Illuminate/Foundation/Http/Middleware/PreventRequestsDuringMaintenance.php(110): Illuminate/Pipeline/Pipeline->Illuminate/Pipeline/{closure}(Object(Illuminate/Http/Request))
#53 C:/Users/91812/Herd/MishoraCRM/vendor/laravel/framework/src/Illuminate/Pipeline/Pipeline.php(209): Illuminate/Foundation/Http/Middleware/PreventRequestsDuringMaintenance->handle(Object(Illuminate/Http/Request), Object(Closure))
#54 C:/Users/91812/Herd/MishoraCRM/vendor/laravel/framework/src/Illuminate/Http/Middleware/HandleCors.php(49): Illuminate/Pipeline/Pipeline->Illuminate/Pipeline/{closure}(Object(Illuminate/Http/Request))
#55 C:/Users/91812/Herd/MishoraCRM/vendor/laravel/framework/src/Illuminate/Pipeline/Pipeline.php(209): Illuminate/Http/Middleware/HandleCors->handle(Object(Illuminate/Http/Request), Object(Closure))
#56 C:/Users/91812/Herd/MishoraCRM/vendor/laravel/framework/src/Illuminate/Http/Middleware/TrustProxies.php(58): Illuminate/Pipeline/Pipeline->Illuminate/Pipeline/{closure}(Object(Illuminate/Http/Request))
#57 C:/Users/91812/Herd/MishoraCRM/vendor/laravel/framework/src/Illuminate/Pipeline/Pipeline.php(209): Illuminate/Http/Middleware/TrustProxies->handle(Object(Illuminate/Http/Request), Object(Closure))
#58 C:/Users/91812/Herd/MishoraCRM/vendor/laravel/framework/src/Illuminate/Foundation/Http/Middleware/InvokeDeferredCallbacks.php(22): Illuminate/Pipeline/Pipeline->Illuminate/Pipeline/{closure}(Object(Illuminate/Http/Request))
#59 C:/Users/91812/Herd/MishoraCRM/vendor/laravel/framework/src/Illuminate/Pipeline/Pipeline.php(209): Illuminate/Foundation/Http/Middleware/InvokeDeferredCallbacks->handle(Object(Illuminate/Http/Request), Object(Closure))
#60 C:/Users/91812/Herd/MishoraCRM/vendor/laravel/framework/src/Illuminate/Pipeline/Pipeline.php(127): Illuminate/Pipeline/Pipeline->Illuminate/Pipeline/{closure}(Object(Illuminate/Http/Request))
#61 C:/Users/91812/Herd/MishoraCRM/vendor/laravel/framework/src/Illuminate/Foundation/Http/Kernel.php(176): Illuminate/Pipeline/Pipeline->then(Object(Closure))
#62 C:/Users/91812/Herd/MishoraCRM/vendor/laravel/framework/src/Illuminate/Foundation/Http/Kernel.php(145): Illuminate/Foundation/Http/Kernel->sendRequestThroughRouter(Object(Illuminate/Http/Request))
#63 C:/Users/91812/Herd/MishoraCRM/vendor/laravel/framework/src/Illuminate/Foundation/Application.php(1220): Illuminate/Foundation/Http/Kernel->handle(Object(Illuminate/Http/Request))
#64 C:/Users/91812/Herd/MishoraCRM/public/index.php(17): Illuminate/Foundation/Application->handleRequest(Object(Illuminate/Http/Request))
#65 C:/Users/91812/Herd/MishoraCRM/vendor/laravel/framework/src/Illuminate/Foundation/resources/server.php(23): require_once('C://Users//91812//...')
#66 {main}
"} 
[2026-09-25 23:02:49] local.ERROR: could not find driver (Connection: pgsql, SQL: select count(*) as aggregate from "telescope_entries" where "type" = exception and "family_hash" = 4e95c22c2b7921611a4afcab827b65af) {"exception":"[object] (Illuminate\\Database\\QueryException(code: 0): could not find driver (Connection: pgsql, SQL: select count(*) as aggregate from \"telescope_entries\" where \"type\" = exception and \"family_hash\" = 4e95c22c2b7921611a4afcab827b65af) at C:/Users/91812/Herd/MishoraCRM/vendor/laravel/framework/src/Illuminate/Database/Connection.php:825)
[stacktrace]
#0 C:/Users/91812/Herd/MishoraCRM/vendor/laravel/framework/src/Illuminate/Database/Connection.php(779): Illuminate/Database/Connection->runQueryCallback('select count(*)...', Array, Object(Closure))
#1 C:/Users/91812/Herd/MishoraCRM/vendor/laravel/framework/src/Illuminate/Database/Connection.php(398): Illuminate/Database/Connection->run('select count(*)...', Array, Object(Closure))
#2 C:/Users/91812/Herd/MishoraCRM/vendor/laravel/framework/src/Illuminate/Database/Query/Builder.php(3106): Illuminate/Database/Connection->select('select count(*)...', Array, true)
#3 C:/Users/91812/Herd/MishoraCRM/vendor/laravel/framework/src/Illuminate/Database/Query/Builder.php(3091): Illuminate/Database/Query/Builder->runSelect()
#4 C:/Users/91812/Herd/MishoraCRM/vendor/laravel/framework/src/Illuminate/Database/Query/Builder.php(3676): Illuminate/Database/Query/Builder->Illuminate/Database/Query/{closure}()
#5 C:/Users/91812/Herd/MishoraCRM/vendor/laravel/framework/src/Illuminate/Database/Query/Builder.php(3090): Illuminate/Database/Query/Builder->onceWithColumns(Array, Object(Closure))
#6 C:/Users/91812/Herd/MishoraCRM/vendor/laravel/framework/src/Illuminate/Database/Query/Builder.php(3603): Illuminate/Database/Query/Builder->get(Array)
#7 C:/Users/91812/Herd/MishoraCRM/vendor/laravel/framework/src/Illuminate/Database/Query/Builder.php(3531): Illuminate/Database/Query/Builder->aggregate('count', Array)
#8 C:/Users/91812/Herd/MishoraCRM/vendor/laravel/telescope/src/Storage/DatabaseEntriesRepository.php(123): Illuminate/Database/Query/Builder->count()
#9 C:/Users/91812/Herd/MishoraCRM/vendor/laravel/telescope/src/Storage/DatabaseEntriesRepository.php(165): Laravel/Telescope/Storage/DatabaseEntriesRepository->countExceptionOccurences(Object(Laravel/Telescope/IncomingExceptionEntry))
#10 [internal function]: Laravel/Telescope/Storage/DatabaseEntriesRepository->Laravel/Telescope/Storage/{closure}(Object(Laravel/Telescope/IncomingExceptionEntry), 0)
#11 C:/Users/91812/Herd/MishoraCRM/vendor/laravel/framework/src/Illuminate/Collections/Arr.php(609): array_map(Object(Closure), Array, Array)
#12 C:/Users/91812/Herd/MishoraCRM/vendor/laravel/framework/src/Illuminate/Collections/Collection.php(799): Illuminate/Support/Arr::map(Array, Object(Closure))
#13 C:/Users/91812/Herd/MishoraCRM/vendor/laravel/telescope/src/Storage/DatabaseEntriesRepository.php(164): Illuminate/Support/Collection->map(Object(Closure))
#14 C:/Users/91812/Herd/MishoraCRM/vendor/laravel/framework/src/Illuminate/Collections/Traits/EnumeratesValues.php(261): Laravel/Telescope/Storage/DatabaseEntriesRepository->Laravel/Telescope/Storage/{closure}(Object(Illuminate/Support/Collection), 0)
#15 C:/Users/91812/Herd/MishoraCRM/vendor/laravel/telescope/src/Storage/DatabaseEntriesRepository.php(163): Illuminate/Support/Collection->each(Object(Closure))
#16 C:/Users/91812/Herd/MishoraCRM/vendor/laravel/telescope/src/Storage/DatabaseEntriesRepository.php(140): Laravel/Telescope/Storage/DatabaseEntriesRepository->storeExceptions(Object(Illuminate/Support/Collection))
#17 C:/Users/91812/Herd/MishoraCRM/vendor/laravel/telescope/src/Telescope.php(664): Laravel/Telescope/Storage/DatabaseEntriesRepository->store(Object(Illuminate/Support/Collection))
#18 [internal function]: Laravel/Telescope/Telescope::Laravel/Telescope/{closure}()
#19 C:/Users/91812/Herd/MishoraCRM/vendor/laravel/telescope/src/Telescope.php(289): call_user_func(Object(Closure))
#20 C:/Users/91812/Herd/MishoraCRM/vendor/laravel/telescope/src/Telescope.php(656): Laravel/Telescope/Telescope::withoutRecording(Object(Closure))
#21 C:/Users/91812/Herd/MishoraCRM/vendor/laravel/telescope/src/ListensForStorageOpportunities.php(65): Laravel/Telescope/Telescope::store(Object(Laravel/Telescope/Storage/DatabaseEntriesRepository))
#22 C:/Users/91812/Herd/MishoraCRM/vendor/laravel/framework/src/Illuminate/Container/BoundMethod.php(36): Laravel/Telescope/Telescope::Laravel/Telescope/{closure}()
#23 C:/Users/91812/Herd/MishoraCRM/vendor/laravel/framework/src/Illuminate/Container/Util.php(43): Illuminate/Container/BoundMethod::Illuminate/Container/{closure}()
#24 C:/Users/91812/Herd/MishoraCRM/vendor/laravel/framework/src/Illuminate/Container/BoundMethod.php(83): Illuminate/Container/Util::unwrapIfClosure(Object(Closure))
#25 C:/Users/91812/Herd/MishoraCRM/vendor/laravel/framework/src/Illuminate/Container/BoundMethod.php(35): Illuminate/Container/BoundMethod::callBoundMethod(Object(Illuminate/Foundation/Application), Object(Closure), Object(Closure))
#26 C:/Users/91812/Herd/MishoraCRM/vendor/laravel/framework/src/Illuminate/Container/Container.php(696): Illuminate/Container/BoundMethod::call(Object(Illuminate/Foundation/Application), Object(Closure), Array, NULL)
#27 C:/Users/91812/Herd/MishoraCRM/vendor/laravel/framework/src/Illuminate/Foundation/Application.php(1452): Illuminate/Container/Container->call(Object(Closure))
#28 C:/Users/91812/Herd/MishoraCRM/vendor/laravel/framework/src/Illuminate/Foundation/Http/Kernel.php(218): Illuminate/Foundation/Application->terminate()
#29 C:/Users/91812/Herd/MishoraCRM/vendor/laravel/framework/src/Illuminate/Foundation/Application.php(1222): Illuminate/Foundation/Http/Kernel->terminate(Object(Illuminate/Http/Request), Object(Illuminate/Http/Response))
#30 C:/Users/91812/Herd/MishoraCRM/public/index.php(17): Illuminate/Foundation/Application->handleRequest(Object(Illuminate/Http/Request))
#31 C:/Users/91812/Herd/MishoraCRM/vendor/laravel/framework/src/Illuminate/Foundation/resources/server.php(23): require_once('C://Users//91812//...')
#32 {main}

[previous exception] [object] (PDOException(code: 0): could not find driver at C:/Users/91812/Herd/MishoraCRM/vendor/laravel/framework/src/Illuminate/Database/Connectors/Connector.php:66)
[stacktrace]
#0 C:/Users/91812/Herd/MishoraCRM/vendor/laravel/framework/src/Illuminate/Database/Connectors/Connector.php(66): PDO->__construct('pgsql:host=aws-...', 'postgres.bkqbvw...', Object(SensitiveParameterValue), Array)
#1 C:/Users/91812/Herd/MishoraCRM/vendor/laravel/framework/src/Illuminate/Database/Connectors/Connector.php(44): Illuminate/Database/Connectors/Connector->createPdoConnection('pgsql:host=aws-...', 'postgres.bkqbvw...', Object(SensitiveParameterValue), Array)
#2 C:/Users/91812/Herd/MishoraCRM/vendor/laravel/framework/src/Illuminate/Database/Connectors/PostgresConnector.php(35): Illuminate/Database/Connectors/Connector->createConnection('pgsql:host=aws-...', Array, Array)
#3 C:/Users/91812/Herd/MishoraCRM/vendor/laravel/framework/src/Illuminate/Database/Connectors/ConnectionFactory.php(185): Illuminate/Database/Connectors/PostgresConnector->connect(Array)
#4 [internal function]: Illuminate/Database/Connectors/ConnectionFactory->Illuminate/Database/Connectors/{closure}()
#5 C:/Users/91812/Herd/MishoraCRM/vendor/laravel/framework/src/Illuminate/Database/Connection.php(1231): call_user_func(Object(Closure))
#6 C:/Users/91812/Herd/MishoraCRM/vendor/laravel/framework/src/Illuminate/Database/Connection.php(1267): Illuminate/Database/Connection->getPdo()
#7 C:/Users/91812/Herd/MishoraCRM/vendor/laravel/framework/src/Illuminate/Database/Connection.php(512): Illuminate/Database/Connection->getReadPdo()
#8 C:/Users/91812/Herd/MishoraCRM/vendor/laravel/framework/src/Illuminate/Database/Connection.php(407): Illuminate/Database/Connection->getPdoForSelect(true)
#9 C:/Users/91812/Herd/MishoraCRM/vendor/laravel/framework/src/Illuminate/Database/Connection.php(812): Illuminate/Database/Connection->Illuminate/Database/{closure}('select count(*)...', Array)
#10 C:/Users/91812/Herd/MishoraCRM/vendor/laravel/framework/src/Illuminate/Database/Connection.php(779): Illuminate/Database/Connection->runQueryCallback('select count(*)...', Array, Object(Closure))
#11 C:/Users/91812/Herd/MishoraCRM/vendor/laravel/framework/src/Illuminate/Database/Connection.php(398): Illuminate/Database/Connection->run('select count(*)...', Array, Object(Closure))
#12 C:/Users/91812/Herd/MishoraCRM/vendor/laravel/framework/src/Illuminate/Database/Query/Builder.php(3106): Illuminate/Database/Connection->select('select count(*)...', Array, true)
#13 C:/Users/91812/Herd/MishoraCRM/vendor/laravel/framework/src/Illuminate/Database/Query/Builder.php(3091): Illuminate/Database/Query/Builder->runSelect()
#14 C:/Users/91812/Herd/MishoraCRM/vendor/laravel/framework/src/Illuminate/Database/Query/Builder.php(3676): Illuminate/Database/Query/Builder->Illuminate/Database/Query/{closure}()
#15 C:/Users/91812/Herd/MishoraCRM/vendor/laravel/framework/src/Illuminate/Database/Query/Builder.php(3090): Illuminate/Database/Query/Builder->onceWithColumns(Array, Object(Closure))
#16 C:/Users/91812/Herd/MishoraCRM/vendor/laravel/framework/src/Illuminate/Database/Query/Builder.php(3603): Illuminate/Database/Query/Builder->get(Array)
#17 C:/Users/91812/Herd/MishoraCRM/vendor/laravel/framework/src/Illuminate/Database/Query/Builder.php(3531): Illuminate/Database/Query/Builder->aggregate('count', Array)
#18 C:/Users/91812/Herd/MishoraCRM/vendor/laravel/telescope/src/Storage/DatabaseEntriesRepository.php(123): Illuminate/Database/Query/Builder->count()
#19 C:/Users/91812/Herd/MishoraCRM/vendor/laravel/telescope/src/Storage/DatabaseEntriesRepository.php(165): Laravel/Telescope/Storage/DatabaseEntriesRepository->countExceptionOccurences(Object(Laravel/Telescope/IncomingExceptionEntry))
#20 [internal function]: Laravel/Telescope/Storage/DatabaseEntriesRepository->Laravel/Telescope/Storage/{closure}(Object(Laravel/Telescope/IncomingExceptionEntry), 0)
#21 C:/Users/91812/Herd/MishoraCRM/vendor/laravel/framework/src/Illuminate/Collections/Arr.php(609): array_map(Object(Closure), Array, Array)
#22 C:/Users/91812/Herd/MishoraCRM/vendor/laravel/framework/src/Illuminate/Collections/Collection.php(799): Illuminate/Support/Arr::map(Array, Object(Closure))
#23 C:/Users/91812/Herd/MishoraCRM/vendor/laravel/telescope/src/Storage/DatabaseEntriesRepository.php(164): Illuminate/Support/Collection->map(Object(Closure))
#24 C:/Users/91812/Herd/MishoraCRM/vendor/laravel/framework/src/Illuminate/Collections/Traits/EnumeratesValues.php(261): Laravel/Telescope/Storage/DatabaseEntriesRepository->Laravel/Telescope/Storage/{closure}(Object(Illuminate/Support/Collection), 0)
#25 C:/Users/91812/Herd/MishoraCRM/vendor/laravel/telescope/src/Storage/DatabaseEntriesRepository.php(163): Illuminate/Support/Collection->each(Object(Closure))
#26 C:/Users/91812/Herd/MishoraCRM/vendor/laravel/telescope/src/Storage/DatabaseEntriesRepository.php(140): Laravel/Telescope/Storage/DatabaseEntriesRepository->storeExceptions(Object(Illuminate/Support/Collection))
#27 C:/Users/91812/Herd/MishoraCRM/vendor/laravel/telescope/src/Telescope.php(664): Laravel/Telescope/Storage/DatabaseEntriesRepository->store(Object(Illuminate/Support/Collection))
#28 [internal function]: Laravel/Telescope/Telescope::Laravel/Telescope/{closure}()
#29 C:/Users/91812/Herd/MishoraCRM/vendor/laravel/telescope/src/Telescope.php(289): call_user_func(Object(Closure))
#30 C:/Users/91812/Herd/MishoraCRM/vendor/laravel/telescope/src/Telescope.php(656): Laravel/Telescope/Telescope::withoutRecording(Object(Closure))
#31 C:/Users/91812/Herd/MishoraCRM/vendor/laravel/telescope/src/ListensForStorageOpportunities.php(65): Laravel/Telescope/Telescope::store(Object(Laravel/Telescope/Storage/DatabaseEntriesRepository))
#32 C:/Users/91812/Herd/MishoraCRM/vendor/laravel/framework/src/Illuminate/Container/BoundMethod.php(36): Laravel/Telescope/Telescope::Laravel/Telescope/{closure}()
#33 C:/Users/91812/Herd/MishoraCRM/vendor/laravel/framework/src/Illuminate/Container/Util.php(43): Illuminate/Container/BoundMethod::Illuminate/Container/{closure}()
#34 C:/Users/91812/Herd/MishoraCRM/vendor/laravel/framework/src/Illuminate/Container/BoundMethod.php(83): Illuminate/Container/Util::unwrapIfClosure(Object(Closure))
#35 C:/Users/91812/Herd/MishoraCRM/vendor/laravel/framework/src/Illuminate/Container/BoundMethod.php(35): Illuminate/Container/BoundMethod::callBoundMethod(Object(Illuminate/Foundation/Application), Object(Closure), Object(Closure))
#36 C:/Users/91812/Herd/MishoraCRM/vendor/laravel/framework/src/Illuminate/Container/Container.php(696): Illuminate/Container/BoundMethod::call(Object(Illuminate/Foundation/Application), Object(Closure), Array, NULL)
#37 C:/Users/91812/Herd/MishoraCRM/vendor/laravel/framework/src/Illuminate/Foundation/Application.php(1452): Illuminate/Container/Container->call(Object(Closure))
#38 C:/Users/91812/Herd/MishoraCRM/vendor/laravel/framework/src/Illuminate/Foundation/Http/Kernel.php(218): Illuminate/Foundation/Application->terminate()
#39 C:/Users/91812/Herd/MishoraCRM/vendor/laravel/framework/src/Illuminate/Foundation/Application.php(1222): Illuminate/Foundation/Http/Kernel->terminate(Object(Illuminate/Http/Request), Object(Illuminate/Http/Response))
#40 C:/Users/91812/Herd/MishoraCRM/public/index.php(17): Illuminate/Foundation/Application->handleRequest(Object(Illuminate/Http/Request))
#41 C:/Users/91812/Herd/MishoraCRM/vendor/laravel/framework/src/Illuminate/Foundation/resources/server.php(23): require_once('C://Users//91812//...')
#42 {main}
"} 
[2026-09-25 23:08:50] local.ERROR: could not find driver (Connection: pgsql, SQL: select * from "users" where "id" = 13 limit 1) {"exception":"[object] (Illuminate\\Database\\QueryException(code: 0): could not find driver (Connection: pgsql, SQL: select * from \"users\" where \"id\" = 13 limit 1) at C:/Users/91812/Herd/MishoraCRM/vendor/laravel/framework/src/Illuminate/Database/Connection.php:825)
[stacktrace]
#0 C:/Users/91812/Herd/MishoraCRM/vendor/laravel/framework/src/Illuminate/Database/Connection.php(779): Illuminate/Database/Connection->runQueryCallback('select * from \"...', Array, Object(Closure))
#1 C:/Users/91812/Herd/MishoraCRM/vendor/laravel/framework/src/Illuminate/Database/Connection.php(398): Illuminate/Database/Connection->run('select * from \"...', Array, Object(Closure))
#2 C:/Users/91812/Herd/MishoraCRM/vendor/laravel/framework/src/Illuminate/Database/Query/Builder.php(3106): Illuminate/Database/Connection->select('select * from \"...', Array, true)
#3 C:/Users/91812/Herd/MishoraCRM/vendor/laravel/framework/src/Illuminate/Database/Query/Builder.php(3091): Illuminate/Database/Query/Builder->runSelect()
#4 C:/Users/91812/Herd/MishoraCRM/vendor/laravel/framework/src/Illuminate/Database/Query/Builder.php(3676): Illuminate/Database/Query/Builder->Illuminate/Database/Query/{closure}()
#5 C:/Users/91812/Herd/MishoraCRM/vendor/laravel/framework/src/Illuminate/Database/Query/Builder.php(3090): Illuminate/Database/Query/Builder->onceWithColumns(Array, Object(Closure))
#6 C:/Users/91812/Herd/MishoraCRM/vendor/laravel/framework/src/Illuminate/Database/Eloquent/Builder.php(811): Illuminate/Database/Query/Builder->get(Array)
#7 C:/Users/91812/Herd/MishoraCRM/vendor/laravel/framework/src/Illuminate/Database/Eloquent/Builder.php(793): Illuminate/Database/Eloquent/Builder->getModels(Array)
#8 C:/Users/91812/Herd/MishoraCRM/vendor/laravel/framework/src/Illuminate/Database/Concerns/BuildsQueries.php(343): Illuminate/Database/Eloquent/Builder->get(Array)
#9 C:/Users/91812/Herd/MishoraCRM/vendor/laravel/framework/src/Illuminate/Auth/EloquentUserProvider.php(59): Illuminate/Database/Eloquent/Builder->first()
#10 C:/Users/91812/Herd/MishoraCRM/vendor/laravel/framework/src/Illuminate/Auth/SessionGuard.php(180): Illuminate/Auth/EloquentUserProvider->retrieveById(13)
#11 C:/Users/91812/Herd/MishoraCRM/vendor/laravel/framework/src/Illuminate/Auth/GuardHelpers.php(56): Illuminate/Auth/SessionGuard->user()
#12 C:/Users/91812/Herd/MishoraCRM/vendor/laravel/framework/src/Illuminate/Auth/Middleware/RedirectIfAuthenticated.php(30): Illuminate/Auth/SessionGuard->check()
#13 C:/Users/91812/Herd/MishoraCRM/vendor/laravel/framework/src/Illuminate/Pipeline/Pipeline.php(209): Illuminate/Auth/Middleware/RedirectIfAuthenticated->handle(Object(Illuminate/Http/Request), Object(Closure))
#14 C:/Users/91812/Herd/MishoraCRM/vendor/laravel/framework/src/Illuminate/Routing/Middleware/SubstituteBindings.php(51): Illuminate/Pipeline/Pipeline->Illuminate/Pipeline/{closure}(Object(Illuminate/Http/Request))
#15 C:/Users/91812/Herd/MishoraCRM/vendor/laravel/framework/src/Illuminate/Pipeline/Pipeline.php(209): Illuminate/Routing/Middleware/SubstituteBindings->handle(Object(Illuminate/Http/Request), Object(Closure))
#16 C:/Users/91812/Herd/MishoraCRM/vendor/laravel/framework/src/Illuminate/Foundation/Http/Middleware/VerifyCsrfToken.php(88): Illuminate/Pipeline/Pipeline->Illuminate/Pipeline/{closure}(Object(Illuminate/Http/Request))
#17 C:/Users/91812/Herd/MishoraCRM/vendor/laravel/framework/src/Illuminate/Pipeline/Pipeline.php(209): Illuminate/Foundation/Http/Middleware/VerifyCsrfToken->handle(Object(Illuminate/Http/Request), Object(Closure))
#18 C:/Users/91812/Herd/MishoraCRM/vendor/laravel/framework/src/Illuminate/View/Middleware/ShareErrorsFromSession.php(49): Illuminate/Pipeline/Pipeline->Illuminate/Pipeline/{closure}(Object(Illuminate/Http/Request))
#19 C:/Users/91812/Herd/MishoraCRM/vendor/laravel/framework/src/Illuminate/Pipeline/Pipeline.php(209): Illuminate/View/Middleware/ShareErrorsFromSession->handle(Object(Illuminate/Http/Request), Object(Closure))
#20 C:/Users/91812/Herd/MishoraCRM/vendor/laravel/framework/src/Illuminate/Session/Middleware/StartSession.php(121): Illuminate/Pipeline/Pipeline->Illuminate/Pipeline/{closure}(Object(Illuminate/Http/Request))
#21 C:/Users/91812/Herd/MishoraCRM/vendor/laravel/framework/src/Illuminate/Session/Middleware/StartSession.php(64): Illuminate/Session/Middleware/StartSession->handleStatefulRequest(Object(Illuminate/Http/Request), Object(Illuminate/Session/Store), Object(Closure))
#22 C:/Users/91812/Herd/MishoraCRM/vendor/laravel/framework/src/Illuminate/Pipeline/Pipeline.php(209): Illuminate/Session/Middleware/StartSession->handle(Object(Illuminate/Http/Request), Object(Closure))
#23 C:/Users/91812/Herd/MishoraCRM/vendor/laravel/framework/src/Illuminate/Cookie/Middleware/AddQueuedCookiesToResponse.php(37): Illuminate/Pipeline/Pipeline->Illuminate/Pipeline/{closure}(Object(Illuminate/Http/Request))
#24 C:/Users/91812/Herd/MishoraCRM/vendor/laravel/framework/src/Illuminate/Pipeline/Pipeline.php(209): Illuminate/Cookie/Middleware/AddQueuedCookiesToResponse->handle(Object(Illuminate/Http/Request), Object(Closure))
#25 C:/Users/91812/Herd/MishoraCRM/vendor/laravel/framework/src/Illuminate/Cookie/Middleware/EncryptCookies.php(75): Illuminate/Pipeline/Pipeline->Illuminate/Pipeline/{closure}(Object(Illuminate/Http/Request))
#26 C:/Users/91812/Herd/MishoraCRM/vendor/laravel/framework/src/Illuminate/Pipeline/Pipeline.php(209): Illuminate/Cookie/Middleware/EncryptCookies->handle(Object(Illuminate/Http/Request), Object(Closure))
#27 C:/Users/91812/Herd/MishoraCRM/vendor/laravel/framework/src/Illuminate/Pipeline/Pipeline.php(127): Illuminate/Pipeline/Pipeline->Illuminate/Pipeline/{closure}(Object(Illuminate/Http/Request))
#28 C:/Users/91812/Herd/MishoraCRM/vendor/laravel/framework/src/Illuminate/Routing/Router.php(807): Illuminate/Pipeline/Pipeline->then(Object(Closure))
#29 C:/Users/91812/Herd/MishoraCRM/vendor/laravel/framework/src/Illuminate/Routing/Router.php(786): Illuminate/Routing/Router->runRouteWithinStack(Object(Illuminate/Routing/Route), Object(Illuminate/Http/Request))
#30 C:/Users/91812/Herd/MishoraCRM/vendor/laravel/framework/src/Illuminate/Routing/Router.php(750): Illuminate/Routing/Router->runRoute(Object(Illuminate/Http/Request), Object(Illuminate/Routing/Route))
#31 C:/Users/91812/Herd/MishoraCRM/vendor/laravel/framework/src/Illuminate/Routing/Router.php(739): Illuminate/Routing/Router->dispatchToRoute(Object(Illuminate/Http/Request))
#32 C:/Users/91812/Herd/MishoraCRM/vendor/laravel/framework/src/Illuminate/Foundation/Http/Kernel.php(201): Illuminate/Routing/Router->dispatch(Object(Illuminate/Http/Request))
#33 C:/Users/91812/Herd/MishoraCRM/vendor/laravel/framework/src/Illuminate/Pipeline/Pipeline.php(170): Illuminate/Foundation/Http/Kernel->Illuminate/Foundation/Http/{closure}(Object(Illuminate/Http/Request))
#34 C:/Users/91812/Herd/MishoraCRM/vendor/laravel/framework/src/Illuminate/Foundation/Http/Middleware/TransformsRequest.php(21): Illuminate/Pipeline/Pipeline->Illuminate/Pipeline/{closure}(Object(Illuminate/Http/Request))
#35 C:/Users/91812/Herd/MishoraCRM/vendor/laravel/framework/src/Illuminate/Foundation/Http/Middleware/ConvertEmptyStringsToNull.php(31): Illuminate/Foundation/Http/Middleware/TransformsRequest->handle(Object(Illuminate/Http/Request), Object(Closure))
#36 C:/Users/91812/Herd/MishoraCRM/vendor/laravel/framework/src/Illuminate/Pipeline/Pipeline.php(209): Illuminate/Foundation/Http/Middleware/ConvertEmptyStringsToNull->handle(Object(Illuminate/Http/Request), Object(Closure))
#37 C:/Users/91812/Herd/MishoraCRM/vendor/laravel/framework/src/Illuminate/Foundation/Http/Middleware/TransformsRequest.php(21): Illuminate/Pipeline/Pipeline->Illuminate/Pipeline/{closure}(Object(Illuminate/Http/Request))
#38 C:/Users/91812/Herd/MishoraCRM/vendor/laravel/framework/src/Illuminate/Foundation/Http/Middleware/TrimStrings.php(51): Illuminate/Foundation/Http/Middleware/TransformsRequest->handle(Object(Illuminate/Http/Request), Object(Closure))
#39 C:/Users/91812/Herd/MishoraCRM/vendor/laravel/framework/src/Illuminate/Pipeline/Pipeline.php(209): Illuminate/Foundation/Http/Middleware/TrimStrings->handle(Object(Illuminate/Http/Request), Object(Closure))
#40 C:/Users/91812/Herd/MishoraCRM/vendor/laravel/framework/src/Illuminate/Http/Middleware/ValidatePostSize.php(27): Illuminate/Pipeline/Pipeline->Illuminate/Pipeline/{closure}(Object(Illuminate/Http/Request))
#41 C:/Users/91812/Herd/MishoraCRM/vendor/laravel/framework/src/Illuminate/Pipeline/Pipeline.php(209): Illuminate/Http/Middleware/ValidatePostSize->handle(Object(Illuminate/Http/Request), Object(Closure))
#42 C:/Users/91812/Herd/MishoraCRM/vendor/laravel/framework/src/Illuminate/Foundation/Http/Middleware/PreventRequestsDuringMaintenance.php(110): Illuminate/Pipeline/Pipeline->Illuminate/Pipeline/{closure}(Object(Illuminate/Http/Request))
#43 C:/Users/91812/Herd/MishoraCRM/vendor/laravel/framework/src/Illuminate/Pipeline/Pipeline.php(209): Illuminate/Foundation/Http/Middleware/PreventRequestsDuringMaintenance->handle(Object(Illuminate/Http/Request), Object(Closure))
#44 C:/Users/91812/Herd/MishoraCRM/vendor/laravel/framework/src/Illuminate/Http/Middleware/HandleCors.php(49): Illuminate/Pipeline/Pipeline->Illuminate/Pipeline/{closure}(Object(Illuminate/Http/Request))
#45 C:/Users/91812/Herd/MishoraCRM/vendor/laravel/framework/src/Illuminate/Pipeline/Pipeline.php(209): Illuminate/Http/Middleware/HandleCors->handle(Object(Illuminate/Http/Request), Object(Closure))
#46 C:/Users/91812/Herd/MishoraCRM/vendor/laravel/framework/src/Illuminate/Http/Middleware/TrustProxies.php(58): Illuminate/Pipeline/Pipeline->Illuminate/Pipeline/{closure}(Object(Illuminate/Http/Request))
#47 C:/Users/91812/Herd/MishoraCRM/vendor/laravel/framework/src/Illuminate/Pipeline/Pipeline.php(209): Illuminate/Http/Middleware/TrustProxies->handle(Object(Illuminate/Http/Request), Object(Closure))
#48 C:/Users/91812/Herd/MishoraCRM/vendor/laravel/framework/src/Illuminate/Foundation/Http/Middleware/InvokeDeferredCallbacks.php(22): Illuminate/Pipeline/Pipeline->Illuminate/Pipeline/{closure}(Object(Illuminate/Http/Request))
#49 C:/Users/91812/Herd/MishoraCRM/vendor/laravel/framework/src/Illuminate/Pipeline/Pipeline.php(209): Illuminate/Foundation/Http/Middleware/InvokeDeferredCallbacks->handle(Object(Illuminate/Http/Request), Object(Closure))
#50 C:/Users/91812/Herd/MishoraCRM/vendor/laravel/framework/src/Illuminate/Pipeline/Pipeline.php(127): Illuminate/Pipeline/Pipeline->Illuminate/Pipeline/{closure}(Object(Illuminate/Http/Request))
#51 C:/Users/91812/Herd/MishoraCRM/vendor/laravel/framework/src/Illuminate/Foundation/Http/Kernel.php(176): Illuminate/Pipeline/Pipeline->then(Object(Closure))
#52 C:/Users/91812/Herd/MishoraCRM/vendor/laravel/framework/src/Illuminate/Foundation/Http/Kernel.php(145): Illuminate/Foundation/Http/Kernel->sendRequestThroughRouter(Object(Illuminate/Http/Request))
#53 C:/Users/91812/Herd/MishoraCRM/vendor/laravel/framework/src/Illuminate/Foundation/Application.php(1220): Illuminate/Foundation/Http/Kernel->handle(Object(Illuminate/Http/Request))
#54 C:/Users/91812/Herd/MishoraCRM/public/index.php(17): Illuminate/Foundation/Application->handleRequest(Object(Illuminate/Http/Request))
#55 C:/Users/91812/Herd/MishoraCRM/vendor/laravel/framework/src/Illuminate/Foundation/resources/server.php(23): require_once('C://Users//91812//...')
#56 {main}

[previous exception] [object] (PDOException(code: 0): could not find driver at C:/Users/91812/Herd/MishoraCRM/vendor/laravel/framework/src/Illuminate/Database/Connectors/Connector.php:66)
[stacktrace]
#0 C:/Users/91812/Herd/MishoraCRM/vendor/laravel/framework/src/Illuminate/Database/Connectors/Connector.php(66): PDO->__construct('pgsql:host=aws-...', 'postgres.bkqbvw...', Object(SensitiveParameterValue), Array)
#1 C:/Users/91812/Herd/MishoraCRM/vendor/laravel/framework/src/Illuminate/Database/Connectors/Connector.php(44): Illuminate/Database/Connectors/Connector->createPdoConnection('pgsql:host=aws-...', 'postgres.bkqbvw...', Object(SensitiveParameterValue), Array)
#2 C:/Users/91812/Herd/MishoraCRM/vendor/laravel/framework/src/Illuminate/Database/Connectors/PostgresConnector.php(35): Illuminate/Database/Connectors/Connector->createConnection('pgsql:host=aws-...', Array, Array)
#3 C:/Users/91812/Herd/MishoraCRM/vendor/laravel/framework/src/Illuminate/Database/Connectors/ConnectionFactory.php(185): Illuminate/Database/Connectors/PostgresConnector->connect(Array)
#4 [internal function]: Illuminate/Database/Connectors/ConnectionFactory->Illuminate/Database/Connectors/{closure}()
#5 C:/Users/91812/Herd/MishoraCRM/vendor/laravel/framework/src/Illuminate/Database/Connection.php(1231): call_user_func(Object(Closure))
#6 C:/Users/91812/Herd/MishoraCRM/vendor/laravel/framework/src/Illuminate/Database/Connection.php(1267): Illuminate/Database/Connection->getPdo()
#7 C:/Users/91812/Herd/MishoraCRM/vendor/laravel/framework/src/Illuminate/Database/Connection.php(512): Illuminate/Database/Connection->getReadPdo()
#8 C:/Users/91812/Herd/MishoraCRM/vendor/laravel/framework/src/Illuminate/Database/Connection.php(407): Illuminate/Database/Connection->getPdoForSelect(true)
#9 C:/Users/91812/Herd/MishoraCRM/vendor/laravel/framework/src/Illuminate/Database/Connection.php(812): Illuminate/Database/Connection->Illuminate/Database/{closure}('select * from \"...', Array)
#10 C:/Users/91812/Herd/MishoraCRM/vendor/laravel/framework/src/Illuminate/Database/Connection.php(779): Illuminate/Database/Connection->runQueryCallback('select * from \"...', Array, Object(Closure))
#11 C:/Users/91812/Herd/MishoraCRM/vendor/laravel/framework/src/Illuminate/Database/Connection.php(398): Illuminate/Database/Connection->run('select * from \"...', Array, Object(Closure))
#12 C:/Users/91812/Herd/MishoraCRM/vendor/laravel/framework/src/Illuminate/Database/Query/Builder.php(3106): Illuminate/Database/Connection->select('select * from \"...', Array, true)
#13 C:/Users/91812/Herd/MishoraCRM/vendor/laravel/framework/src/Illuminate/Database/Query/Builder.php(3091): Illuminate/Database/Query/Builder->runSelect()
#14 C:/Users/91812/Herd/MishoraCRM/vendor/laravel/framework/src/Illuminate/Database/Query/Builder.php(3676): Illuminate/Database/Query/Builder->Illuminate/Database/Query/{closure}()
#15 C:/Users/91812/Herd/MishoraCRM/vendor/laravel/framework/src/Illuminate/Database/Query/Builder.php(3090): Illuminate/Database/Query/Builder->onceWithColumns(Array, Object(Closure))
#16 C:/Users/91812/Herd/MishoraCRM/vendor/laravel/framework/src/Illuminate/Database/Eloquent/Builder.php(811): Illuminate/Database/Query/Builder->get(Array)
#17 C:/Users/91812/Herd/MishoraCRM/vendor/laravel/framework/src/Illuminate/Database/Eloquent/Builder.php(793): Illuminate/Database/Eloquent/Builder->getModels(Array)
#18 C:/Users/91812/Herd/MishoraCRM/vendor/laravel/framework/src/Illuminate/Database/Concerns/BuildsQueries.php(343): Illuminate/Database/Eloquent/Builder->get(Array)
#19 C:/Users/91812/Herd/MishoraCRM/vendor/laravel/framework/src/Illuminate/Auth/EloquentUserProvider.php(59): Illuminate/Database/Eloquent/Builder->first()
#20 C:/Users/91812/Herd/MishoraCRM/vendor/laravel/framework/src/Illuminate/Auth/SessionGuard.php(180): Illuminate/Auth/EloquentUserProvider->retrieveById(13)
#21 C:/Users/91812/Herd/MishoraCRM/vendor/laravel/framework/src/Illuminate/Auth/GuardHelpers.php(56): Illuminate/Auth/SessionGuard->user()
#22 C:/Users/91812/Herd/MishoraCRM/vendor/laravel/framework/src/Illuminate/Auth/Middleware/RedirectIfAuthenticated.php(30): Illuminate/Auth/SessionGuard->check()
#23 C:/Users/91812/Herd/MishoraCRM/vendor/laravel/framework/src/Illuminate/Pipeline/Pipeline.php(209): Illuminate/Auth/Middleware/RedirectIfAuthenticated->handle(Object(Illuminate/Http/Request), Object(Closure))
#24 C:/Users/91812/Herd/MishoraCRM/vendor/laravel/framework/src/Illuminate/Routing/Middleware/SubstituteBindings.php(51): Illuminate/Pipeline/Pipeline->Illuminate/Pipeline/{closure}(Object(Illuminate/Http/Request))
#25 C:/Users/91812/Herd/MishoraCRM/vendor/laravel/framework/src/Illuminate/Pipeline/Pipeline.php(209): Illuminate/Routing/Middleware/SubstituteBindings->handle(Object(Illuminate/Http/Request), Object(Closure))
#26 C:/Users/91812/Herd/MishoraCRM/vendor/laravel/framework/src/Illuminate/Foundation/Http/Middleware/VerifyCsrfToken.php(88): Illuminate/Pipeline/Pipeline->Illuminate/Pipeline/{closure}(Object(Illuminate/Http/Request))
#27 C:/Users/91812/Herd/MishoraCRM/vendor/laravel/framework/src/Illuminate/Pipeline/Pipeline.php(209): Illuminate/Foundation/Http/Middleware/VerifyCsrfToken->handle(Object(Illuminate/Http/Request), Object(Closure))
#28 C:/Users/91812/Herd/MishoraCRM/vendor/laravel/framework/src/Illuminate/View/Middleware/ShareErrorsFromSession.php(49): Illuminate/Pipeline/Pipeline->Illuminate/Pipeline/{closure}(Object(Illuminate/Http/Request))
#29 C:/Users/91812/Herd/MishoraCRM/vendor/laravel/framework/src/Illuminate/Pipeline/Pipeline.php(209): Illuminate/View/Middleware/ShareErrorsFromSession->handle(Object(Illuminate/Http/Request), Object(Closure))
#30 C:/Users/91812/Herd/MishoraCRM/vendor/laravel/framework/src/Illuminate/Session/Middleware/StartSession.php(121): Illuminate/Pipeline/Pipeline->Illuminate/Pipeline/{closure}(Object(Illuminate/Http/Request))
#31 C:/Users/91812/Herd/MishoraCRM/vendor/laravel/framework/src/Illuminate/Session/Middleware/StartSession.php(64): Illuminate/Session/Middleware/StartSession->handleStatefulRequest(Object(Illuminate/Http/Request), Object(Illuminate/Session/Store), Object(Closure))
#32 C:/Users/91812/Herd/MishoraCRM/vendor/laravel/framework/src/Illuminate/Pipeline/Pipeline.php(209): Illuminate/Session/Middleware/StartSession->handle(Object(Illuminate/Http/Request), Object(Closure))
#33 C:/Users/91812/Herd/MishoraCRM/vendor/laravel/framework/src/Illuminate/Cookie/Middleware/AddQueuedCookiesToResponse.php(37): Illuminate/Pipeline/Pipeline->Illuminate/Pipeline/{closure}(Object(Illuminate/Http/Request))
#34 C:/Users/91812/Herd/MishoraCRM/vendor/laravel/framework/src/Illuminate/Pipeline/Pipeline.php(209): Illuminate/Cookie/Middleware/AddQueuedCookiesToResponse->handle(Object(Illuminate/Http/Request), Object(Closure))
#35 C:/Users/91812/Herd/MishoraCRM/vendor/laravel/framework/src/Illuminate/Cookie/Middleware/EncryptCookies.php(75): Illuminate/Pipeline/Pipeline->Illuminate/Pipeline/{closure}(Object(Illuminate/Http/Request))
#36 C:/Users/91812/Herd/MishoraCRM/vendor/laravel/framework/src/Illuminate/Pipeline/Pipeline.php(209): Illuminate/Cookie/Middleware/EncryptCookies->handle(Object(Illuminate/Http/Request), Object(Closure))
#37 C:/Users/91812/Herd/MishoraCRM/vendor/laravel/framework/src/Illuminate/Pipeline/Pipeline.php(127): Illuminate/Pipeline/Pipeline->Illuminate/Pipeline/{closure}(Object(Illuminate/Http/Request))
#38 C:/Users/91812/Herd/MishoraCRM/vendor/laravel/framework/src/Illuminate/Routing/Router.php(807): Illuminate/Pipeline/Pipeline->then(Object(Closure))
#39 C:/Users/91812/Herd/MishoraCRM/vendor/laravel/framework/src/Illuminate/Routing/Router.php(786): Illuminate/Routing/Router->runRouteWithinStack(Object(Illuminate/Routing/Route), Object(Illuminate/Http/Request))
#40 C:/Users/91812/Herd/MishoraCRM/vendor/laravel/framework/src/Illuminate/Routing/Router.php(750): Illuminate/Routing/Router->runRoute(Object(Illuminate/Http/Request), Object(Illuminate/Routing/Route))
#41 C:/Users/91812/Herd/MishoraCRM/vendor/laravel/framework/src/Illuminate/Routing/Router.php(739): Illuminate/Routing/Router->dispatchToRoute(Object(Illuminate/Http/Request))
#42 C:/Users/91812/Herd/MishoraCRM/vendor/laravel/framework/src/Illuminate/Foundation/Http/Kernel.php(201): Illuminate/Routing/Router->dispatch(Object(Illuminate/Http/Request))
#43 C:/Users/91812/Herd/MishoraCRM/vendor/laravel/framework/src/Illuminate/Pipeline/Pipeline.php(170): Illuminate/Foundation/Http/Kernel->Illuminate/Foundation/Http/{closure}(Object(Illuminate/Http/Request))
#44 C:/Users/91812/Herd/MishoraCRM/vendor/laravel/framework/src/Illuminate/Foundation/Http/Middleware/TransformsRequest.php(21): Illuminate/Pipeline/Pipeline->Illuminate/Pipeline/{closure}(Object(Illuminate/Http/Request))
#45 C:/Users/91812/Herd/MishoraCRM/vendor/laravel/framework/src/Illuminate/Foundation/Http/Middleware/ConvertEmptyStringsToNull.php(31): Illuminate/Foundation/Http/Middleware/TransformsRequest->handle(Object(Illuminate/Http/Request), Object(Closure))
#46 C:/Users/91812/Herd/MishoraCRM/vendor/laravel/framework/src/Illuminate/Pipeline/Pipeline.php(209): Illuminate/Foundation/Http/Middleware/ConvertEmptyStringsToNull->handle(Object(Illuminate/Http/Request), Object(Closure))
#47 C:/Users/91812/Herd/MishoraCRM/vendor/laravel/framework/src/Illuminate/Foundation/Http/Middleware/TransformsRequest.php(21): Illuminate/Pipeline/Pipeline->Illuminate/Pipeline/{closure}(Object(Illuminate/Http/Request))
#48 C:/Users/91812/Herd/MishoraCRM/vendor/laravel/framework/src/Illuminate/Foundation/Http/Middleware/TrimStrings.php(51): Illuminate/Foundation/Http/Middleware/TransformsRequest->handle(Object(Illuminate/Http/Request), Object(Closure))
#49 C:/Users/91812/Herd/MishoraCRM/vendor/laravel/framework/src/Illuminate/Pipeline/Pipeline.php(209): Illuminate/Foundation/Http/Middleware/TrimStrings->handle(Object(Illuminate/Http/Request), Object(Closure))
#50 C:/Users/91812/Herd/MishoraCRM/vendor/laravel/framework/src/Illuminate/Http/Middleware/ValidatePostSize.php(27): Illuminate/Pipeline/Pipeline->Illuminate/Pipeline/{closure}(Object(Illuminate/Http/Request))
#51 C:/Users/91812/Herd/MishoraCRM/vendor/laravel/framework/src/Illuminate/Pipeline/Pipeline.php(209): Illuminate/Http/Middleware/ValidatePostSize->handle(Object(Illuminate/Http/Request), Object(Closure))
#52 C:/Users/91812/Herd/MishoraCRM/vendor/laravel/framework/src/Illuminate/Foundation/Http/Middleware/PreventRequestsDuringMaintenance.php(110): Illuminate/Pipeline/Pipeline->Illuminate/Pipeline/{closure}(Object(Illuminate/Http/Request))
#53 C:/Users/91812/Herd/MishoraCRM/vendor/laravel/framework/src/Illuminate/Pipeline/Pipeline.php(209): Illuminate/Foundation/Http/Middleware/PreventRequestsDuringMaintenance->handle(Object(Illuminate/Http/Request), Object(Closure))
#54 C:/Users/91812/Herd/MishoraCRM/vendor/laravel/framework/src/Illuminate/Http/Middleware/HandleCors.php(49): Illuminate/Pipeline/Pipeline->Illuminate/Pipeline/{closure}(Object(Illuminate/Http/Request))
#55 C:/Users/91812/Herd/MishoraCRM/vendor/laravel/framework/src/Illuminate/Pipeline/Pipeline.php(209): Illuminate/Http/Middleware/HandleCors->handle(Object(Illuminate/Http/Request), Object(Closure))
#56 C:/Users/91812/Herd/MishoraCRM/vendor/laravel/framework/src/Illuminate/Http/Middleware/TrustProxies.php(58): Illuminate/Pipeline/Pipeline->Illuminate/Pipeline/{closure}(Object(Illuminate/Http/Request))
#57 C:/Users/91812/Herd/MishoraCRM/vendor/laravel/framework/src/Illuminate/Pipeline/Pipeline.php(209): Illuminate/Http/Middleware/TrustProxies->handle(Object(Illuminate/Http/Request), Object(Closure))
#58 C:/Users/91812/Herd/MishoraCRM/vendor/laravel/framework/src/Illuminate/Foundation/Http/Middleware/InvokeDeferredCallbacks.php(22): Illuminate/Pipeline/Pipeline->Illuminate/Pipeline/{closure}(Object(Illuminate/Http/Request))
#59 C:/Users/91812/Herd/MishoraCRM/vendor/laravel/framework/src/Illuminate/Pipeline/Pipeline.php(209): Illuminate/Foundation/Http/Middleware/InvokeDeferredCallbacks->handle(Object(Illuminate/Http/Request), Object(Closure))
#60 C:/Users/91812/Herd/MishoraCRM/vendor/laravel/framework/src/Illuminate/Pipeline/Pipeline.php(127): Illuminate/Pipeline/Pipeline->Illuminate/Pipeline/{closure}(Object(Illuminate/Http/Request))
#61 C:/Users/91812/Herd/MishoraCRM/vendor/laravel/framework/src/Illuminate/Foundation/Http/Kernel.php(176): Illuminate/Pipeline/Pipeline->then(Object(Closure))
#62 C:/Users/91812/Herd/MishoraCRM/vendor/laravel/framework/src/Illuminate/Foundation/Http/Kernel.php(145): Illuminate/Foundation/Http/Kernel->sendRequestThroughRouter(Object(Illuminate/Http/Request))
#63 C:/Users/91812/Herd/MishoraCRM/vendor/laravel/framework/src/Illuminate/Foundation/Application.php(1220): Illuminate/Foundation/Http/Kernel->handle(Object(Illuminate/Http/Request))
#64 C:/Users/91812/Herd/MishoraCRM/public/index.php(17): Illuminate/Foundation/Application->handleRequest(Object(Illuminate/Http/Request))
#65 C:/Users/91812/Herd/MishoraCRM/vendor/laravel/framework/src/Illuminate/Foundation/resources/server.php(23): require_once('C://Users//91812//...')
#66 {main}
"} 
[2026-09-25 23:08:51] local.ERROR: could not find driver (Connection: pgsql, SQL: select count(*) as aggregate from "telescope_entries" where "type" = exception and "family_hash" = 4e95c22c2b7921611a4afcab827b65af) {"exception":"[object] (Illuminate\\Database\\QueryException(code: 0): could not find driver (Connection: pgsql, SQL: select count(*) as aggregate from \"telescope_entries\" where \"type\" = exception and \"family_hash\" = 4e95c22c2b7921611a4afcab827b65af) at C:/Users/91812/Herd/MishoraCRM/vendor/laravel/framework/src/Illuminate/Database/Connection.php:825)
[stacktrace]
#0 C:/Users/91812/Herd/MishoraCRM/vendor/laravel/framework/src/Illuminate/Database/Connection.php(779): Illuminate/Database/Connection->runQueryCallback('select count(*)...', Array, Object(Closure))
#1 C:/Users/91812/Herd/MishoraCRM/vendor/laravel/framework/src/Illuminate/Database/Connection.php(398): Illuminate/Database/Connection->run('select count(*)...', Array, Object(Closure))
#2 C:/Users/91812/Herd/MishoraCRM/vendor/laravel/framework/src/Illuminate/Database/Query/Builder.php(3106): Illuminate/Database/Connection->select('select count(*)...', Array, true)
#3 C:/Users/91812/Herd/MishoraCRM/vendor/laravel/framework/src/Illuminate/Database/Query/Builder.php(3091): Illuminate/Database/Query/Builder->runSelect()
#4 C:/Users/91812/Herd/MishoraCRM/vendor/laravel/framework/src/Illuminate/Database/Query/Builder.php(3676): Illuminate/Database/Query/Builder->Illuminate/Database/Query/{closure}()
#5 C:/Users/91812/Herd/MishoraCRM/vendor/laravel/framework/src/Illuminate/Database/Query/Builder.php(3090): Illuminate/Database/Query/Builder->onceWithColumns(Array, Object(Closure))
#6 C:/Users/91812/Herd/MishoraCRM/vendor/laravel/framework/src/Illuminate/Database/Query/Builder.php(3603): Illuminate/Database/Query/Builder->get(Array)
#7 C:/Users/91812/Herd/MishoraCRM/vendor/laravel/framework/src/Illuminate/Database/Query/Builder.php(3531): Illuminate/Database/Query/Builder->aggregate('count', Array)
#8 C:/Users/91812/Herd/MishoraCRM/vendor/laravel/telescope/src/Storage/DatabaseEntriesRepository.php(123): Illuminate/Database/Query/Builder->count()
#9 C:/Users/91812/Herd/MishoraCRM/vendor/laravel/telescope/src/Storage/DatabaseEntriesRepository.php(165): Laravel/Telescope/Storage/DatabaseEntriesRepository->countExceptionOccurences(Object(Laravel/Telescope/IncomingExceptionEntry))
#10 [internal function]: Laravel/Telescope/Storage/DatabaseEntriesRepository->Laravel/Telescope/Storage/{closure}(Object(Laravel/Telescope/IncomingExceptionEntry), 0)
#11 C:/Users/91812/Herd/MishoraCRM/vendor/laravel/framework/src/Illuminate/Collections/Arr.php(609): array_map(Object(Closure), Array, Array)
#12 C:/Users/91812/Herd/MishoraCRM/vendor/laravel/framework/src/Illuminate/Collections/Collection.php(799): Illuminate/Support/Arr::map(Array, Object(Closure))
#13 C:/Users/91812/Herd/MishoraCRM/vendor/laravel/telescope/src/Storage/DatabaseEntriesRepository.php(164): Illuminate/Support/Collection->map(Object(Closure))
#14 C:/Users/91812/Herd/MishoraCRM/vendor/laravel/framework/src/Illuminate/Collections/Traits/EnumeratesValues.php(261): Laravel/Telescope/Storage/DatabaseEntriesRepository->Laravel/Telescope/Storage/{closure}(Object(Illuminate/Support/Collection), 0)
#15 C:/Users/91812/Herd/MishoraCRM/vendor/laravel/telescope/src/Storage/DatabaseEntriesRepository.php(163): Illuminate/Support/Collection->each(Object(Closure))
#16 C:/Users/91812/Herd/MishoraCRM/vendor/laravel/telescope/src/Storage/DatabaseEntriesRepository.php(140): Laravel/Telescope/Storage/DatabaseEntriesRepository->storeExceptions(Object(Illuminate/Support/Collection))
#17 C:/Users/91812/Herd/MishoraCRM/vendor/laravel/telescope/src/Telescope.php(664): Laravel/Telescope/Storage/DatabaseEntriesRepository->store(Object(Illuminate/Support/Collection))
#18 [internal function]: Laravel/Telescope/Telescope::Laravel/Telescope/{closure}()
#19 C:/Users/91812/Herd/MishoraCRM/vendor/laravel/telescope/src/Telescope.php(289): call_user_func(Object(Closure))
#20 C:/Users/91812/Herd/MishoraCRM/vendor/laravel/telescope/src/Telescope.php(656): Laravel/Telescope/Telescope::withoutRecording(Object(Closure))
#21 C:/Users/91812/Herd/MishoraCRM/vendor/laravel/telescope/src/ListensForStorageOpportunities.php(65): Laravel/Telescope/Telescope::store(Object(Laravel/Telescope/Storage/DatabaseEntriesRepository))
#22 C:/Users/91812/Herd/MishoraCRM/vendor/laravel/framework/src/Illuminate/Container/BoundMethod.php(36): Laravel/Telescope/Telescope::Laravel/Telescope/{closure}()
#23 C:/Users/91812/Herd/MishoraCRM/vendor/laravel/framework/src/Illuminate/Container/Util.php(43): Illuminate/Container/BoundMethod::Illuminate/Container/{closure}()
#24 C:/Users/91812/Herd/MishoraCRM/vendor/laravel/framework/src/Illuminate/Container/BoundMethod.php(83): Illuminate/Container/Util::unwrapIfClosure(Object(Closure))
#25 C:/Users/91812/Herd/MishoraCRM/vendor/laravel/framework/src/Illuminate/Container/BoundMethod.php(35): Illuminate/Container/BoundMethod::callBoundMethod(Object(Illuminate/Foundation/Application), Object(Closure), Object(Closure))
#26 C:/Users/91812/Herd/MishoraCRM/vendor/laravel/framework/src/Illuminate/Container/Container.php(696): Illuminate/Container/BoundMethod::call(Object(Illuminate/Foundation/Application), Object(Closure), Array, NULL)
#27 C:/Users/91812/Herd/MishoraCRM/vendor/laravel/framework/src/Illuminate/Foundation/Application.php(1452): Illuminate/Container/Container->call(Object(Closure))
#28 C:/Users/91812/Herd/MishoraCRM/vendor/laravel/framework/src/Illuminate/Foundation/Http/Kernel.php(218): Illuminate/Foundation/Application->terminate()
#29 C:/Users/91812/Herd/MishoraCRM/vendor/laravel/framework/src/Illuminate/Foundation/Application.php(1222): Illuminate/Foundation/Http/Kernel->terminate(Object(Illuminate/Http/Request), Object(Illuminate/Http/Response))
#30 C:/Users/91812/Herd/MishoraCRM/public/index.php(17): Illuminate/Foundation/Application->handleRequest(Object(Illuminate/Http/Request))
#31 C:/Users/91812/Herd/MishoraCRM/vendor/laravel/framework/src/Illuminate/Foundation/resources/server.php(23): require_once('C://Users//91812//...')
#32 {main}

[previous exception] [object] (PDOException(code: 0): could not find driver at C:/Users/91812/Herd/MishoraCRM/vendor/laravel/framework/src/Illuminate/Database/Connectors/Connector.php:66)
[stacktrace]
#0 C:/Users/91812/Herd/MishoraCRM/vendor/laravel/framework/src/Illuminate/Database/Connectors/Connector.php(66): PDO->__construct('pgsql:host=aws-...', 'postgres.bkqbvw...', Object(SensitiveParameterValue), Array)
#1 C:/Users/91812/Herd/MishoraCRM/vendor/laravel/framework/src/Illuminate/Database/Connectors/Connector.php(44): Illuminate/Database/Connectors/Connector->createPdoConnection('pgsql:host=aws-...', 'postgres.bkqbvw...', Object(SensitiveParameterValue), Array)
#2 C:/Users/91812/Herd/MishoraCRM/vendor/laravel/framework/src/Illuminate/Database/Connectors/PostgresConnector.php(35): Illuminate/Database/Connectors/Connector->createConnection('pgsql:host=aws-...', Array, Array)
#3 C:/Users/91812/Herd/MishoraCRM/vendor/laravel/framework/src/Illuminate/Database/Connectors/ConnectionFactory.php(185): Illuminate/Database/Connectors/PostgresConnector->connect(Array)
#4 [internal function]: Illuminate/Database/Connectors/ConnectionFactory->Illuminate/Database/Connectors/{closure}()
#5 C:/Users/91812/Herd/MishoraCRM/vendor/laravel/framework/src/Illuminate/Database/Connection.php(1231): call_user_func(Object(Closure))
#6 C:/Users/91812/Herd/MishoraCRM/vendor/laravel/framework/src/Illuminate/Database/Connection.php(1267): Illuminate/Database/Connection->getPdo()
#7 C:/Users/91812/Herd/MishoraCRM/vendor/laravel/framework/src/Illuminate/Database/Connection.php(512): Illuminate/Database/Connection->getReadPdo()
#8 C:/Users/91812/Herd/MishoraCRM/vendor/laravel/framework/src/Illuminate/Database/Connection.php(407): Illuminate/Database/Connection->getPdoForSelect(true)
#9 C:/Users/91812/Herd/MishoraCRM/vendor/laravel/framework/src/Illuminate/Database/Connection.php(812): Illuminate/Database/Connection->Illuminate/Database/{closure}('select count(*)...', Array)
#10 C:/Users/91812/Herd/MishoraCRM/vendor/laravel/framework/src/Illuminate/Database/Connection.php(779): Illuminate/Database/Connection->runQueryCallback('select count(*)...', Array, Object(Closure))
#11 C:/Users/91812/Herd/MishoraCRM/vendor/laravel/framework/src/Illuminate/Database/Connection.php(398): Illuminate/Database/Connection->run('select count(*)...', Array, Object(Closure))
#12 C:/Users/91812/Herd/MishoraCRM/vendor/laravel/framework/src/Illuminate/Database/Query/Builder.php(3106): Illuminate/Database/Connection->select('select count(*)...', Array, true)
#13 C:/Users/91812/Herd/MishoraCRM/vendor/laravel/framework/src/Illuminate/Database/Query/Builder.php(3091): Illuminate/Database/Query/Builder->runSelect()
#14 C:/Users/91812/Herd/MishoraCRM/vendor/laravel/framework/src/Illuminate/Database/Query/Builder.php(3676): Illuminate/Database/Query/Builder->Illuminate/Database/Query/{closure}()
#15 C:/Users/91812/Herd/MishoraCRM/vendor/laravel/framework/src/Illuminate/Database/Query/Builder.php(3090): Illuminate/Database/Query/Builder->onceWithColumns(Array, Object(Closure))
#16 C:/Users/91812/Herd/MishoraCRM/vendor/laravel/framework/src/Illuminate/Database/Query/Builder.php(3603): Illuminate/Database/Query/Builder->get(Array)
#17 C:/Users/91812/Herd/MishoraCRM/vendor/laravel/framework/src/Illuminate/Database/Query/Builder.php(3531): Illuminate/Database/Query/Builder->aggregate('count', Array)
#18 C:/Users/91812/Herd/MishoraCRM/vendor/laravel/telescope/src/Storage/DatabaseEntriesRepository.php(123): Illuminate/Database/Query/Builder->count()
#19 C:/Users/91812/Herd/MishoraCRM/vendor/laravel/telescope/src/Storage/DatabaseEntriesRepository.php(165): Laravel/Telescope/Storage/DatabaseEntriesRepository->countExceptionOccurences(Object(Laravel/Telescope/IncomingExceptionEntry))
#20 [internal function]: Laravel/Telescope/Storage/DatabaseEntriesRepository->Laravel/Telescope/Storage/{closure}(Object(Laravel/Telescope/IncomingExceptionEntry), 0)
#21 C:/Users/91812/Herd/MishoraCRM/vendor/laravel/framework/src/Illuminate/Collections/Arr.php(609): array_map(Object(Closure), Array, Array)
#22 C:/Users/91812/Herd/MishoraCRM/vendor/laravel/framework/src/Illuminate/Collections/Collection.php(799): Illuminate/Support/Arr::map(Array, Object(Closure))
#23 C:/Users/91812/Herd/MishoraCRM/vendor/laravel/telescope/src/Storage/DatabaseEntriesRepository.php(164): Illuminate/Support/Collection->map(Object(Closure))
#24 C:/Users/91812/Herd/MishoraCRM/vendor/laravel/framework/src/Illuminate/Collections/Traits/EnumeratesValues.php(261): Laravel/Telescope/Storage/DatabaseEntriesRepository->Laravel/Telescope/Storage/{closure}(Object(Illuminate/Support/Collection), 0)
#25 C:/Users/91812/Herd/MishoraCRM/vendor/laravel/telescope/src/Storage/DatabaseEntriesRepository.php(163): Illuminate/Support/Collection->each(Object(Closure))
#26 C:/Users/91812/Herd/MishoraCRM/vendor/laravel/telescope/src/Storage/DatabaseEntriesRepository.php(140): Laravel/Telescope/Storage/DatabaseEntriesRepository->storeExceptions(Object(Illuminate/Support/Collection))
#27 C:/Users/91812/Herd/MishoraCRM/vendor/laravel/telescope/src/Telescope.php(664): Laravel/Telescope/Storage/DatabaseEntriesRepository->store(Object(Illuminate/Support/Collection))
#28 [internal function]: Laravel/Telescope/Telescope::Laravel/Telescope/{closure}()
#29 C:/Users/91812/Herd/MishoraCRM/vendor/laravel/telescope/src/Telescope.php(289): call_user_func(Object(Closure))
#30 C:/Users/91812/Herd/MishoraCRM/vendor/laravel/telescope/src/Telescope.php(656): Laravel/Telescope/Telescope::withoutRecording(Object(Closure))
#31 C:/Users/91812/Herd/MishoraCRM/vendor/laravel/telescope/src/ListensForStorageOpportunities.php(65): Laravel/Telescope/Telescope::store(Object(Laravel/Telescope/Storage/DatabaseEntriesRepository))
#32 C:/Users/91812/Herd/MishoraCRM/vendor/laravel/framework/src/Illuminate/Container/BoundMethod.php(36): Laravel/Telescope/Telescope::Laravel/Telescope/{closure}()
#33 C:/Users/91812/Herd/MishoraCRM/vendor/laravel/framework/src/Illuminate/Container/Util.php(43): Illuminate/Container/BoundMethod::Illuminate/Container/{closure}()
#34 C:/Users/91812/Herd/MishoraCRM/vendor/laravel/framework/src/Illuminate/Container/BoundMethod.php(83): Illuminate/Container/Util::unwrapIfClosure(Object(Closure))
#35 C:/Users/91812/Herd/MishoraCRM/vendor/laravel/framework/src/Illuminate/Container/BoundMethod.php(35): Illuminate/Container/BoundMethod::callBoundMethod(Object(Illuminate/Foundation/Application), Object(Closure), Object(Closure))
#36 C:/Users/91812/Herd/MishoraCRM/vendor/laravel/framework/src/Illuminate/Container/Container.php(696): Illuminate/Container/BoundMethod::call(Object(Illuminate/Foundation/Application), Object(Closure), Array, NULL)
#37 C:/Users/91812/Herd/MishoraCRM/vendor/laravel/framework/src/Illuminate/Foundation/Application.php(1452): Illuminate/Container/Container->call(Object(Closure))
#38 C:/Users/91812/Herd/MishoraCRM/vendor/laravel/framework/src/Illuminate/Foundation/Http/Kernel.php(218): Illuminate/Foundation/Application->terminate()
#39 C:/Users/91812/Herd/MishoraCRM/vendor/laravel/framework/src/Illuminate/Foundation/Application.php(1222): Illuminate/Foundation/Http/Kernel->terminate(Object(Illuminate/Http/Request), Object(Illuminate/Http/Response))
#40 C:/Users/91812/Herd/MishoraCRM/public/index.php(17): Illuminate/Foundation/Application->handleRequest(Object(Illuminate/Http/Request))
#41 C:/Users/91812/Herd/MishoraCRM/vendor/laravel/framework/src/Illuminate/Foundation/resources/server.php(23): require_once('C://Users//91812//...')
#42 {main}
"} 
[2026-09-25 23:09:03] local.ERROR: could not find driver (Connection: pgsql, SQL: insert into "telescope_entries" ("batch_id", "content", "created_at", "family_hash", "type", "uuid") values (a2d504eb-cf68-4f87-9381-7bcd74760ad1, {"name":"auth.login","path":"\\resources\\views\/auth\/login.blade.php","data":[],"hostname":"LAPTOP-RR8E4AHP"}, 2026-09-25 23:09:02, ?, view, a2d504eb-bfee-4a34-b2d4-296425d3defe), (a2d504eb-cf68-4f87-9381-7bcd74760ad1, {"name":"components.brand-logo","path":"\\resources\\views\/components\/brand-logo.blade.php","data":["h"],"hostname":"LAPTOP-RR8E4AHP"}, 2026-09-25 23:09:02, ?, view, a2d504eb-c8c5-4e19-bc16-0e3855ed9d30), (a2d504eb-cf68-4f87-9381-7bcd74760ad1, {"ip_address":"127.0.0.1","uri":"\/login","method":"GET","controller_action":"App\\Http\\Controllers\\Web\\Auth\\LoginController@show","middleware":["web","guest"],"headers":{"host":"127.0.0.1:8000","connection":"keep-alive","sec-ch-ua":"\"Google Chrome\";v=\"153\", \"Not_A Brand\";v=\"8\", \"Chromium\";v=\"153\"","sec-ch-ua-mobile":"?0","sec-ch-ua-platform":"\"Windows\"","upgrade-insecure-requests":"1","user-agent":"Mozilla\/5.0 (Windows NT 10.0; Win64; x64) AppleWebKit\/537.36 (KHTML, like Gecko) Chrome\/153.0.0.0 Safari\/537.36","accept":"text\/html,application\/xhtml+xml,application\/xml;q=0.9,image\/avif,image\/webp,image\/apng,*\/*;q=0.8,application\/signed-exchange;v=b3;q=0.7","sec-fetch-site":"none","sec-fetch-mode":"navigate","sec-fetch-user":"?1","sec-fetch-dest":"document","accept-encoding":"gzip, deflate, br, zstd","accept-language":"en-US,en;q=0.9"},"payload":[],"session":{"_token":"ZKbyLx3Dyxds1f9pFjxgZ0Y2S7OVTT7E7xm5Ad1k","_previous":{"url":"http:\/\/127.0.0.1:8000\/login"},"_flash":{"old":[],"new":[]}},"response_headers":{"content-type":"text\/html; charset=utf-8","cache-control":"no-cache, private","date":"Fri, 25 Sep 2026 17:39:02 GMT","set-cookie":"XSRF-TOKEN=eyJpdiI6IkxOTmZ4bmZYYVMrNG1mVFQxMFhpN3c9PSIsInZhbHVlIjoiZXlTVXBlTHUyMEc3ODVHZVdBRGZYbE50a3VpOU1aSzJhU2hJMFcxSDlJYVNSR29BdDdZSDNkakR5bm9KWXRYT2xaRFhXN1BGc3NaSk1yaTB0UUZOQVR3NWFJRkhEQktCM0JGVXZIRDNHSWtiRlpuSnp4UjJrcnhZeU5FcC9xZnAiLCJtYWMiOiJiNGRiMDdkOTE2YWE1ZGU3N2M1MmRjOWJlOTFhZThlYTM3ZDZkMGRjYjM1MjJhZWVjNDI3MTdmMzYxNmRkYzIyIiwidGFnIjoiIn0%3D; expires=Fri, 25 Sep 2026 19:39:02 GMT; Max-Age=7200; path=\/; samesite=lax, mishora_crm_session=eyJpdiI6Im1lUEVUajZYaTRFY2MxWVl4c1Z5UUE9PSIsInZhbHVlIjoiM3JmQjEzYXFBcCtzTUhQZlA5QnFLRFZzQnp6M1AwTTlYUDlEUHV4WVgzTUtiNUNyYmVoTWFvdVNlY1NGVjZOZWZiV0RuMGNYYkprcUp2RTVQdFZNYkdkODVDN1ZGZU96cVRrU0VnUytjRGJQN01nY0k0ZGx2K1l6T3pJTlNUeC8iLCJtYWMiOiIwNzUwM2I2NzI4ZmU4MmUzNTllOGMyN2JhZTYzY2ZiNmJlODEyYTg0MWQwZDc3ZjQ0NDMwMjZjNzkxYjJkZDJhIiwidGFnIjoiIn0%3D; expires=Fri, 25 Sep 2026 19:39:02 GMT; Max-Age=7200; path=\/; httponly; samesite=lax"},"response_status":200,"response":{"view":"C:\\Users\\91812\\Herd\\MishoraCRM\\resources\\views\/auth\/login.blade.php","data":[]},"duration":1499,"memory":28,"hostname":"LAPTOP-RR8E4AHP"}, 2026-09-25 23:09:02, ?, request, a2d504eb-cc9b-4c9c-bb85-7fd0212823b7)) {"exception":"[object] (Illuminate\\Database\\QueryException(code: 0): could not find driver (Connection: pgsql, SQL: insert into \"telescope_entries\" (\"batch_id\", \"content\", \"created_at\", \"family_hash\", \"type\", \"uuid\") values (a2d504eb-cf68-4f87-9381-7bcd74760ad1, {\"name\":\"auth.login\",\"path\":\"\\\\resources\\\\views\\/auth\\/login.blade.php\",\"data\":[],\"hostname\":\"LAPTOP-RR8E4AHP\"}, 2026-09-25 23:09:02, ?, view, a2d504eb-bfee-4a34-b2d4-296425d3defe), (a2d504eb-cf68-4f87-9381-7bcd74760ad1, {\"name\":\"components.brand-logo\",\"path\":\"\\\\resources\\\\views\\/components\\/brand-logo.blade.php\",\"data\":[\"h\"],\"hostname\":\"LAPTOP-RR8E4AHP\"}, 2026-09-25 23:09:02, ?, view, a2d504eb-c8c5-4e19-bc16-0e3855ed9d30), (a2d504eb-cf68-4f87-9381-7bcd74760ad1, {\"ip_address\":\"127.0.0.1\",\"uri\":\"\\/login\",\"method\":\"GET\",\"controller_action\":\"App\\\\Http\\\\Controllers\\\\Web\\\\Auth\\\\LoginController@show\",\"middleware\":[\"web\",\"guest\"],\"headers\":{\"host\":\"127.0.0.1:8000\",\"connection\":\"keep-alive\",\"sec-ch-ua\":\"\\\"Google Chrome\\\";v=\\\"153\\\", \\\"Not_A Brand\\\";v=\\\"8\\\", \\\"Chromium\\\";v=\\\"153\\\"\",\"sec-ch-ua-mobile\":\"?0\",\"sec-ch-ua-platform\":\"\\\"Windows\\\"\",\"upgrade-insecure-requests\":\"1\",\"user-agent\":\"Mozilla\\/5.0 (Windows NT 10.0; Win64; x64) AppleWebKit\\/537.36 (KHTML, like Gecko) Chrome\\/153.0.0.0 Safari\\/537.36\",\"accept\":\"text\\/html,application\\/xhtml+xml,application\\/xml;q=0.9,image\\/avif,image\\/webp,image\\/apng,*\\/*;q=0.8,application\\/signed-exchange;v=b3;q=0.7\",\"sec-fetch-site\":\"none\",\"sec-fetch-mode\":\"navigate\",\"sec-fetch-user\":\"?1\",\"sec-fetch-dest\":\"document\",\"accept-encoding\":\"gzip, deflate, br, zstd\",\"accept-language\":\"en-US,en;q=0.9\"},\"payload\":[],\"session\":{\"_token\":\"ZKbyLx3Dyxds1f9pFjxgZ0Y2S7OVTT7E7xm5Ad1k\",\"_previous\":{\"url\":\"http:\\/\\/127.0.0.1:8000\\/login\"},\"_flash\":{\"old\":[],\"new\":[]}},\"response_headers\":{\"content-type\":\"text\\/html; charset=utf-8\",\"cache-control\":\"no-cache, private\",\"date\":\"Fri, 25 Sep 2026 17:39:02 GMT\",\"set-cookie\":\"XSRF-TOKEN=eyJpdiI6IkxOTmZ4bmZYYVMrNG1mVFQxMFhpN3c9PSIsInZhbHVlIjoiZXlTVXBlTHUyMEc3ODVHZVdBRGZYbE50a3VpOU1aSzJhU2hJMFcxSDlJYVNSR29BdDdZSDNkakR5bm9KWXRYT2xaRFhXN1BGc3NaSk1yaTB0UUZOQVR3NWFJRkhEQktCM0JGVXZIRDNHSWtiRlpuSnp4UjJrcnhZeU5FcC9xZnAiLCJtYWMiOiJiNGRiMDdkOTE2YWE1ZGU3N2M1MmRjOWJlOTFhZThlYTM3ZDZkMGRjYjM1MjJhZWVjNDI3MTdmMzYxNmRkYzIyIiwidGFnIjoiIn0%3D; expires=Fri, 25 Sep 2026 19:39:02 GMT; Max-Age=7200; path=\\/; samesite=lax, mishora_crm_session=eyJpdiI6Im1lUEVUajZYaTRFY2MxWVl4c1Z5UUE9PSIsInZhbHVlIjoiM3JmQjEzYXFBcCtzTUhQZlA5QnFLRFZzQnp6M1AwTTlYUDlEUHV4WVgzTUtiNUNyYmVoTWFvdVNlY1NGVjZOZWZiV0RuMGNYYkprcUp2RTVQdFZNYkdkODVDN1ZGZU96cVRrU0VnUytjRGJQN01nY0k0ZGx2K1l6T3pJTlNUeC8iLCJtYWMiOiIwNzUwM2I2NzI4ZmU4MmUzNTllOGMyN2JhZTYzY2ZiNmJlODEyYTg0MWQwZDc3ZjQ0NDMwMjZjNzkxYjJkZDJhIiwidGFnIjoiIn0%3D; expires=Fri, 25 Sep 2026 19:39:02 GMT; Max-Age=7200; path=\\/; httponly; samesite=lax\"},\"response_status\":200,\"response\":{\"view\":\"C:\\\\Users\\\\91812\\\\Herd\\\\MishoraCRM\\\\resources\\\\views\\/auth\\/login.blade.php\",\"data\":[]},\"duration\":1499,\"memory\":28,\"hostname\":\"LAPTOP-RR8E4AHP\"}, 2026-09-25 23:09:02, ?, request, a2d504eb-cc9b-4c9c-bb85-7fd0212823b7)) at C:/Users/91812/Herd/MishoraCRM/vendor/laravel/framework/src/Illuminate/Database/Connection.php:825)
[stacktrace]
#0 C:/Users/91812/Herd/MishoraCRM/vendor/laravel/framework/src/Illuminate/Database/Connection.php(779): Illuminate/Database/Connection->runQueryCallback('insert into \"te...', Array, Object(Closure))
#1 C:/Users/91812/Herd/MishoraCRM/vendor/laravel/framework/src/Illuminate/Database/Connection.php(560): Illuminate/Database/Connection->run('insert into \"te...', Array, Object(Closure))
#2 C:/Users/91812/Herd/MishoraCRM/vendor/laravel/framework/src/Illuminate/Database/Connection.php(524): Illuminate/Database/Connection->statement('insert into \"te...', Array)
#3 C:/Users/91812/Herd/MishoraCRM/vendor/laravel/framework/src/Illuminate/Database/Query/Builder.php(3717): Illuminate/Database/Connection->insert('insert into \"te...', Array)
#4 C:/Users/91812/Herd/MishoraCRM/vendor/laravel/telescope/src/Storage/DatabaseEntriesRepository.php(145): Illuminate/Database/Query/Builder->insert(Array)
#5 C:/Users/91812/Herd/MishoraCRM/vendor/laravel/framework/src/Illuminate/Collections/Traits/EnumeratesValues.php(261): Laravel/Telescope/Storage/DatabaseEntriesRepository->Laravel/Telescope/Storage/{closure}(Object(Illuminate/Support/Collection), 0)
#6 C:/Users/91812/Herd/MishoraCRM/vendor/laravel/telescope/src/Storage/DatabaseEntriesRepository.php(144): Illuminate/Support/Collection->each(Object(Closure))
#7 C:/Users/91812/Herd/MishoraCRM/vendor/laravel/telescope/src/Telescope.php(664): Laravel/Telescope/Storage/DatabaseEntriesRepository->store(Object(Illuminate/Support/Collection))
#8 [internal function]: Laravel/Telescope/Telescope::Laravel/Telescope/{closure}()
#9 C:/Users/91812/Herd/MishoraCRM/vendor/laravel/telescope/src/Telescope.php(289): call_user_func(Object(Closure))
#10 C:/Users/91812/Herd/MishoraCRM/vendor/laravel/telescope/src/Telescope.php(656): Laravel/Telescope/Telescope::withoutRecording(Object(Closure))
#11 C:/Users/91812/Herd/MishoraCRM/vendor/laravel/telescope/src/ListensForStorageOpportunities.php(65): Laravel/Telescope/Telescope::store(Object(Laravel/Telescope/Storage/DatabaseEntriesRepository))
#12 C:/Users/91812/Herd/MishoraCRM/vendor/laravel/framework/src/Illuminate/Container/BoundMethod.php(36): Laravel/Telescope/Telescope::Laravel/Telescope/{closure}()
#13 C:/Users/91812/Herd/MishoraCRM/vendor/laravel/framework/src/Illuminate/Container/Util.php(43): Illuminate/Container/BoundMethod::Illuminate/Container/{closure}()
#14 C:/Users/91812/Herd/MishoraCRM/vendor/laravel/framework/src/Illuminate/Container/BoundMethod.php(83): Illuminate/Container/Util::unwrapIfClosure(Object(Closure))
#15 C:/Users/91812/Herd/MishoraCRM/vendor/laravel/framework/src/Illuminate/Container/BoundMethod.php(35): Illuminate/Container/BoundMethod::callBoundMethod(Object(Illuminate/Foundation/Application), Object(Closure), Object(Closure))
#16 C:/Users/91812/Herd/MishoraCRM/vendor/laravel/framework/src/Illuminate/Container/Container.php(696): Illuminate/Container/BoundMethod::call(Object(Illuminate/Foundation/Application), Object(Closure), Array, NULL)
#17 C:/Users/91812/Herd/MishoraCRM/vendor/laravel/framework/src/Illuminate/Foundation/Application.php(1452): Illuminate/Container/Container->call(Object(Closure))
#18 C:/Users/91812/Herd/MishoraCRM/vendor/laravel/framework/src/Illuminate/Foundation/Http/Kernel.php(218): Illuminate/Foundation/Application->terminate()
#19 C:/Users/91812/Herd/MishoraCRM/vendor/laravel/framework/src/Illuminate/Foundation/Application.php(1222): Illuminate/Foundation/Http/Kernel->terminate(Object(Illuminate/Http/Request), Object(Illuminate/Http/Response))
#20 C:/Users/91812/Herd/MishoraCRM/public/index.php(17): Illuminate/Foundation/Application->handleRequest(Object(Illuminate/Http/Request))
#21 C:/Users/91812/Herd/MishoraCRM/vendor/laravel/framework/src/Illuminate/Foundation/resources/server.php(23): require_once('C://Users//91812//...')
#22 {main}

[previous exception] [object] (PDOException(code: 0): could not find driver at C:/Users/91812/Herd/MishoraCRM/vendor/laravel/framework/src/Illuminate/Database/Connectors/Connector.php:66)
[stacktrace]
#0 C:/Users/91812/Herd/MishoraCRM/vendor/laravel/framework/src/Illuminate/Database/Connectors/Connector.php(66): PDO->__construct('pgsql:host=aws-...', 'postgres.bkqbvw...', Object(SensitiveParameterValue), Array)
#1 C:/Users/91812/Herd/MishoraCRM/vendor/laravel/framework/src/Illuminate/Database/Connectors/Connector.php(44): Illuminate/Database/Connectors/Connector->createPdoConnection('pgsql:host=aws-...', 'postgres.bkqbvw...', Object(SensitiveParameterValue), Array)
#2 C:/Users/91812/Herd/MishoraCRM/vendor/laravel/framework/src/Illuminate/Database/Connectors/PostgresConnector.php(35): Illuminate/Database/Connectors/Connector->createConnection('pgsql:host=aws-...', Array, Array)
#3 C:/Users/91812/Herd/MishoraCRM/vendor/laravel/framework/src/Illuminate/Database/Connectors/ConnectionFactory.php(185): Illuminate/Database/Connectors/PostgresConnector->connect(Array)
#4 [internal function]: Illuminate/Database/Connectors/ConnectionFactory->Illuminate/Database/Connectors/{closure}()
#5 C:/Users/91812/Herd/MishoraCRM/vendor/laravel/framework/src/Illuminate/Database/Connection.php(1231): call_user_func(Object(Closure))
#6 C:/Users/91812/Herd/MishoraCRM/vendor/laravel/framework/src/Illuminate/Database/Connection.php(565): Illuminate/Database/Connection->getPdo()
#7 C:/Users/91812/Herd/MishoraCRM/vendor/laravel/framework/src/Illuminate/Database/Connection.php(812): Illuminate/Database/Connection->Illuminate/Database/{closure}('insert into \"te...', Array)
#8 C:/Users/91812/Herd/MishoraCRM/vendor/laravel/framework/src/Illuminate/Database/Connection.php(779): Illuminate/Database/Connection->runQueryCallback('insert into \"te...', Array, Object(Closure))
#9 C:/Users/91812/Herd/MishoraCRM/vendor/laravel/framework/src/Illuminate/Database/Connection.php(560): Illuminate/Database/Connection->run('insert into \"te...', Array, Object(Closure))
#10 C:/Users/91812/Herd/MishoraCRM/vendor/laravel/framework/src/Illuminate/Database/Connection.php(524): Illuminate/Database/Connection->statement('insert into \"te...', Array)
#11 C:/Users/91812/Herd/MishoraCRM/vendor/laravel/framework/src/Illuminate/Database/Query/Builder.php(3717): Illuminate/Database/Connection->insert('insert into \"te...', Array)
#12 C:/Users/91812/Herd/MishoraCRM/vendor/laravel/telescope/src/Storage/DatabaseEntriesRepository.php(145): Illuminate/Database/Query/Builder->insert(Array)
#13 C:/Users/91812/Herd/MishoraCRM/vendor/laravel/framework/src/Illuminate/Collections/Traits/EnumeratesValues.php(261): Laravel/Telescope/Storage/DatabaseEntriesRepository->Laravel/Telescope/Storage/{closure}(Object(Illuminate/Support/Collection), 0)
#14 C:/Users/91812/Herd/MishoraCRM/vendor/laravel/telescope/src/Storage/DatabaseEntriesRepository.php(144): Illuminate/Support/Collection->each(Object(Closure))
#15 C:/Users/91812/Herd/MishoraCRM/vendor/laravel/telescope/src/Telescope.php(664): Laravel/Telescope/Storage/DatabaseEntriesRepository->store(Object(Illuminate/Support/Collection))
#16 [internal function]: Laravel/Telescope/Telescope::Laravel/Telescope/{closure}()
#17 C:/Users/91812/Herd/MishoraCRM/vendor/laravel/telescope/src/Telescope.php(289): call_user_func(Object(Closure))
#18 C:/Users/91812/Herd/MishoraCRM/vendor/laravel/telescope/src/Telescope.php(656): Laravel/Telescope/Telescope::withoutRecording(Object(Closure))
#19 C:/Users/91812/Herd/MishoraCRM/vendor/laravel/telescope/src/ListensForStorageOpportunities.php(65): Laravel/Telescope/Telescope::store(Object(Laravel/Telescope/Storage/DatabaseEntriesRepository))
#20 C:/Users/91812/Herd/MishoraCRM/vendor/laravel/framework/src/Illuminate/Container/BoundMethod.php(36): Laravel/Telescope/Telescope::Laravel/Telescope/{closure}()
#21 C:/Users/91812/Herd/MishoraCRM/vendor/laravel/framework/src/Illuminate/Container/Util.php(43): Illuminate/Container/BoundMethod::Illuminate/Container/{closure}()
#22 C:/Users/91812/Herd/MishoraCRM/vendor/laravel/framework/src/Illuminate/Container/BoundMethod.php(83): Illuminate/Container/Util::unwrapIfClosure(Object(Closure))
#23 C:/Users/91812/Herd/MishoraCRM/vendor/laravel/framework/src/Illuminate/Container/BoundMethod.php(35): Illuminate/Container/BoundMethod::callBoundMethod(Object(Illuminate/Foundation/Application), Object(Closure), Object(Closure))
#24 C:/Users/91812/Herd/MishoraCRM/vendor/laravel/framework/src/Illuminate/Container/Container.php(696): Illuminate/Container/BoundMethod::call(Object(Illuminate/Foundation/Application), Object(Closure), Array, NULL)
#25 C:/Users/91812/Herd/MishoraCRM/vendor/laravel/framework/src/Illuminate/Foundation/Application.php(1452): Illuminate/Container/Container->call(Object(Closure))
#26 C:/Users/91812/Herd/MishoraCRM/vendor/laravel/framework/src/Illuminate/Foundation/Http/Kernel.php(218): Illuminate/Foundation/Application->terminate()
#27 C:/Users/91812/Herd/MishoraCRM/vendor/laravel/framework/src/Illuminate/Foundation/Application.php(1222): Illuminate/Foundation/Http/Kernel->terminate(Object(Illuminate/Http/Request), Object(Illuminate/Http/Response))
#28 C:/Users/91812/Herd/MishoraCRM/public/index.php(17): Illuminate/Foundation/Application->handleRequest(Object(Illuminate/Http/Request))
#29 C:/Users/91812/Herd/MishoraCRM/vendor/laravel/framework/src/Illuminate/Foundation/resources/server.php(23): require_once('C://Users//91812//...')
#30 {main}
"} 
[2026-09-25 23:09:26] local.ERROR: could not find driver (Connection: pgsql, SQL: select * from "users" where "email" = admin@saascrm.com limit 1) {"exception":"[object] (Illuminate\\Database\\QueryException(code: 0): could not find driver (Connection: pgsql, SQL: select * from \"users\" where \"email\" = admin@saascrm.com limit 1) at C:/Users/91812/Herd/MishoraCRM/vendor/laravel/framework/src/Illuminate/Database/Connection.php:825)
[stacktrace]
#0 C:/Users/91812/Herd/MishoraCRM/vendor/laravel/framework/src/Illuminate/Database/Connection.php(779): Illuminate/Database/Connection->runQueryCallback('select * from \"...', Array, Object(Closure))
#1 C:/Users/91812/Herd/MishoraCRM/vendor/laravel/framework/src/Illuminate/Database/Connection.php(398): Illuminate/Database/Connection->run('select * from \"...', Array, Object(Closure))
#2 C:/Users/91812/Herd/MishoraCRM/vendor/laravel/framework/src/Illuminate/Database/Query/Builder.php(3106): Illuminate/Database/Connection->select('select * from \"...', Array, true)
#3 C:/Users/91812/Herd/MishoraCRM/vendor/laravel/framework/src/Illuminate/Database/Query/Builder.php(3091): Illuminate/Database/Query/Builder->runSelect()
#4 C:/Users/91812/Herd/MishoraCRM/vendor/laravel/framework/src/Illuminate/Database/Query/Builder.php(3676): Illuminate/Database/Query/Builder->Illuminate/Database/Query/{closure}()
#5 C:/Users/91812/Herd/MishoraCRM/vendor/laravel/framework/src/Illuminate/Database/Query/Builder.php(3090): Illuminate/Database/Query/Builder->onceWithColumns(Array, Object(Closure))
#6 C:/Users/91812/Herd/MishoraCRM/vendor/laravel/framework/src/Illuminate/Database/Eloquent/Builder.php(811): Illuminate/Database/Query/Builder->get(Array)
#7 C:/Users/91812/Herd/MishoraCRM/vendor/laravel/framework/src/Illuminate/Database/Eloquent/Builder.php(793): Illuminate/Database/Eloquent/Builder->getModels(Array)
#8 C:/Users/91812/Herd/MishoraCRM/vendor/laravel/framework/src/Illuminate/Database/Concerns/BuildsQueries.php(343): Illuminate/Database/Eloquent/Builder->get(Array)
#9 C:/Users/91812/Herd/MishoraCRM/vendor/laravel/framework/src/Illuminate/Auth/EloquentUserProvider.php(139): Illuminate/Database/Eloquent/Builder->first()
#10 C:/Users/91812/Herd/MishoraCRM/vendor/laravel/framework/src/Illuminate/Auth/SessionGuard.php(415): Illuminate/Auth/EloquentUserProvider->retrieveByCredentials(Object(SensitiveParameterValue))
#11 C:/Users/91812/Herd/MishoraCRM/vendor/laravel/framework/src/Illuminate/Support/Timebox.php(34): Illuminate/Auth/SessionGuard->Illuminate/Auth/{closure}(Object(Illuminate/Support/Timebox))
#12 C:/Users/91812/Herd/MishoraCRM/vendor/laravel/framework/src/Illuminate/Auth/SessionGuard.php(412): Illuminate/Support/Timebox->call(Object(Closure), 200000)
#13 C:/Users/91812/Herd/MishoraCRM/vendor/laravel/framework/src/Illuminate/Auth/AuthManager.php(340): Illuminate/Auth/SessionGuard->attempt(Array, true)
#14 C:/Users/91812/Herd/MishoraCRM/vendor/laravel/framework/src/Illuminate/Support/Facades/Facade.php(361): Illuminate/Auth/AuthManager->__call('attempt', Array)
#15 C:/Users/91812/Herd/MishoraCRM/app/Http/Controllers/Web/Auth/LoginController.php(37): Illuminate/Support/Facades/Facade::__callStatic('attempt', Array)
#16 C:/Users/91812/Herd/MishoraCRM/vendor/laravel/framework/src/Illuminate/Routing/ControllerDispatcher.php(47): App/Http/Controllers/Web/Auth/LoginController->store(Object(Illuminate/Http/Request))
#17 C:/Users/91812/Herd/MishoraCRM/vendor/laravel/framework/src/Illuminate/Routing/Route.php(266): Illuminate/Routing/ControllerDispatcher->dispatch(Object(Illuminate/Routing/Route), Object(App/Http/Controllers/Web/Auth/LoginController), 'store')
#18 C:/Users/91812/Herd/MishoraCRM/vendor/laravel/framework/src/Illuminate/Routing/Route.php(212): Illuminate/Routing/Route->runController()
#19 C:/Users/91812/Herd/MishoraCRM/vendor/laravel/framework/src/Illuminate/Routing/Router.php(808): Illuminate/Routing/Route->run()
#20 C:/Users/91812/Herd/MishoraCRM/vendor/laravel/framework/src/Illuminate/Pipeline/Pipeline.php(170): Illuminate/Routing/Router->Illuminate/Routing/{closure}(Object(Illuminate/Http/Request))
#21 C:/Users/91812/Herd/MishoraCRM/vendor/laravel/framework/src/Illuminate/Auth/Middleware/RedirectIfAuthenticated.php(35): Illuminate/Pipeline/Pipeline->Illuminate/Pipeline/{closure}(Object(Illuminate/Http/Request))
#22 C:/Users/91812/Herd/MishoraCRM/vendor/laravel/framework/src/Illuminate/Pipeline/Pipeline.php(209): Illuminate/Auth/Middleware/RedirectIfAuthenticated->handle(Object(Illuminate/Http/Request), Object(Closure))
#23 C:/Users/91812/Herd/MishoraCRM/vendor/laravel/framework/src/Illuminate/Routing/Middleware/SubstituteBindings.php(51): Illuminate/Pipeline/Pipeline->Illuminate/Pipeline/{closure}(Object(Illuminate/Http/Request))
#24 C:/Users/91812/Herd/MishoraCRM/vendor/laravel/framework/src/Illuminate/Pipeline/Pipeline.php(209): Illuminate/Routing/Middleware/SubstituteBindings->handle(Object(Illuminate/Http/Request), Object(Closure))
#25 C:/Users/91812/Herd/MishoraCRM/vendor/laravel/framework/src/Illuminate/Foundation/Http/Middleware/VerifyCsrfToken.php(88): Illuminate/Pipeline/Pipeline->Illuminate/Pipeline/{closure}(Object(Illuminate/Http/Request))
#26 C:/Users/91812/Herd/MishoraCRM/vendor/laravel/framework/src/Illuminate/Pipeline/Pipeline.php(209): Illuminate/Foundation/Http/Middleware/VerifyCsrfToken->handle(Object(Illuminate/Http/Request), Object(Closure))
#27 C:/Users/91812/Herd/MishoraCRM/vendor/laravel/framework/src/Illuminate/View/Middleware/ShareErrorsFromSession.php(49): Illuminate/Pipeline/Pipeline->Illuminate/Pipeline/{closure}(Object(Illuminate/Http/Request))
#28 C:/Users/91812/Herd/MishoraCRM/vendor/laravel/framework/src/Illuminate/Pipeline/Pipeline.php(209): Illuminate/View/Middleware/ShareErrorsFromSession->handle(Object(Illuminate/Http/Request), Object(Closure))
#29 C:/Users/91812/Herd/MishoraCRM/vendor/laravel/framework/src/Illuminate/Session/Middleware/StartSession.php(121): Illuminate/Pipeline/Pipeline->Illuminate/Pipeline/{closure}(Object(Illuminate/Http/Request))
#30 C:/Users/91812/Herd/MishoraCRM/vendor/laravel/framework/src/Illuminate/Session/Middleware/StartSession.php(64): Illuminate/Session/Middleware/StartSession->handleStatefulRequest(Object(Illuminate/Http/Request), Object(Illuminate/Session/Store), Object(Closure))
#31 C:/Users/91812/Herd/MishoraCRM/vendor/laravel/framework/src/Illuminate/Pipeline/Pipeline.php(209): Illuminate/Session/Middleware/StartSession->handle(Object(Illuminate/Http/Request), Object(Closure))
#32 C:/Users/91812/Herd/MishoraCRM/vendor/laravel/framework/src/Illuminate/Cookie/Middleware/AddQueuedCookiesToResponse.php(37): Illuminate/Pipeline/Pipeline->Illuminate/Pipeline/{closure}(Object(Illuminate/Http/Request))
#33 C:/Users/91812/Herd/MishoraCRM/vendor/laravel/framework/src/Illuminate/Pipeline/Pipeline.php(209): Illuminate/Cookie/Middleware/AddQueuedCookiesToResponse->handle(Object(Illuminate/Http/Request), Object(Closure))
#34 C:/Users/91812/Herd/MishoraCRM/vendor/laravel/framework/src/Illuminate/Cookie/Middleware/EncryptCookies.php(75): Illuminate/Pipeline/Pipeline->Illuminate/Pipeline/{closure}(Object(Illuminate/Http/Request))
#35 C:/Users/91812/Herd/MishoraCRM/vendor/laravel/framework/src/Illuminate/Pipeline/Pipeline.php(209): Illuminate/Cookie/Middleware/EncryptCookies->handle(Object(Illuminate/Http/Request), Object(Closure))
#36 C:/Users/91812/Herd/MishoraCRM/vendor/laravel/framework/src/Illuminate/Pipeline/Pipeline.php(127): Illuminate/Pipeline/Pipeline->Illuminate/Pipeline/{closure}(Object(Illuminate/Http/Request))
#37 C:/Users/91812/Herd/MishoraCRM/vendor/laravel/framework/src/Illuminate/Routing/Router.php(807): Illuminate/Pipeline/Pipeline->then(Object(Closure))
#38 C:/Users/91812/Herd/MishoraCRM/vendor/laravel/framework/src/Illuminate/Routing/Router.php(786): Illuminate/Routing/Router->runRouteWithinStack(Object(Illuminate/Routing/Route), Object(Illuminate/Http/Request))
#39 C:/Users/91812/Herd/MishoraCRM/vendor/laravel/framework/src/Illuminate/Routing/Router.php(750): Illuminate/Routing/Router->runRoute(Object(Illuminate/Http/Request), Object(Illuminate/Routing/Route))
#40 C:/Users/91812/Herd/MishoraCRM/vendor/laravel/framework/src/Illuminate/Routing/Router.php(739): Illuminate/Routing/Router->dispatchToRoute(Object(Illuminate/Http/Request))
#41 C:/Users/91812/Herd/MishoraCRM/vendor/laravel/framework/src/Illuminate/Foundation/Http/Kernel.php(201): Illuminate/Routing/Router->dispatch(Object(Illuminate/Http/Request))
#42 C:/Users/91812/Herd/MishoraCRM/vendor/laravel/framework/src/Illuminate/Pipeline/Pipeline.php(170): Illuminate/Foundation/Http/Kernel->Illuminate/Foundation/Http/{closure}(Object(Illuminate/Http/Request))
#43 C:/Users/91812/Herd/MishoraCRM/vendor/laravel/framework/src/Illuminate/Foundation/Http/Middleware/TransformsRequest.php(21): Illuminate/Pipeline/Pipeline->Illuminate/Pipeline/{closure}(Object(Illuminate/Http/Request))
#44 C:/Users/91812/Herd/MishoraCRM/vendor/laravel/framework/src/Illuminate/Foundation/Http/Middleware/ConvertEmptyStringsToNull.php(31): Illuminate/Foundation/Http/Middleware/TransformsRequest->handle(Object(Illuminate/Http/Request), Object(Closure))
#45 C:/Users/91812/Herd/MishoraCRM/vendor/laravel/framework/src/Illuminate/Pipeline/Pipeline.php(209): Illuminate/Foundation/Http/Middleware/ConvertEmptyStringsToNull->handle(Object(Illuminate/Http/Request), Object(Closure))
#46 C:/Users/91812/Herd/MishoraCRM/vendor/laravel/framework/src/Illuminate/Foundation/Http/Middleware/TransformsRequest.php(21): Illuminate/Pipeline/Pipeline->Illuminate/Pipeline/{closure}(Object(Illuminate/Http/Request))
#47 C:/Users/91812/Herd/MishoraCRM/vendor/laravel/framework/src/Illuminate/Foundation/Http/Middleware/TrimStrings.php(51): Illuminate/Foundation/Http/Middleware/TransformsRequest->handle(Object(Illuminate/Http/Request), Object(Closure))
#48 C:/Users/91812/Herd/MishoraCRM/vendor/laravel/framework/src/Illuminate/Pipeline/Pipeline.php(209): Illuminate/Foundation/Http/Middleware/TrimStrings->handle(Object(Illuminate/Http/Request), Object(Closure))
#49 C:/Users/91812/Herd/MishoraCRM/vendor/laravel/framework/src/Illuminate/Http/Middleware/ValidatePostSize.php(27): Illuminate/Pipeline/Pipeline->Illuminate/Pipeline/{closure}(Object(Illuminate/Http/Request))
#50 C:/Users/91812/Herd/MishoraCRM/vendor/laravel/framework/src/Illuminate/Pipeline/Pipeline.php(209): Illuminate/Http/Middleware/ValidatePostSize->handle(Object(Illuminate/Http/Request), Object(Closure))
#51 C:/Users/91812/Herd/MishoraCRM/vendor/laravel/framework/src/Illuminate/Foundation/Http/Middleware/PreventRequestsDuringMaintenance.php(110): Illuminate/Pipeline/Pipeline->Illuminate/Pipeline/{closure}(Object(Illuminate/Http/Request))
#52 C:/Users/91812/Herd/MishoraCRM/vendor/laravel/framework/src/Illuminate/Pipeline/Pipeline.php(209): Illuminate/Foundation/Http/Middleware/PreventRequestsDuringMaintenance->handle(Object(Illuminate/Http/Request), Object(Closure))
#53 C:/Users/91812/Herd/MishoraCRM/vendor/laravel/framework/src/Illuminate/Http/Middleware/HandleCors.php(49): Illuminate/Pipeline/Pipeline->Illuminate/Pipeline/{closure}(Object(Illuminate/Http/Request))
#54 C:/Users/91812/Herd/MishoraCRM/vendor/laravel/framework/src/Illuminate/Pipeline/Pipeline.php(209): Illuminate/Http/Middleware/HandleCors->handle(Object(Illuminate/Http/Request), Object(Closure))
#55 C:/Users/91812/Herd/MishoraCRM/vendor/laravel/framework/src/Illuminate/Http/Middleware/TrustProxies.php(58): Illuminate/Pipeline/Pipeline->Illuminate/Pipeline/{closure}(Object(Illuminate/Http/Request))
#56 C:/Users/91812/Herd/MishoraCRM/vendor/laravel/framework/src/Illuminate/Pipeline/Pipeline.php(209): Illuminate/Http/Middleware/TrustProxies->handle(Object(Illuminate/Http/Request), Object(Closure))
#57 C:/Users/91812/Herd/MishoraCRM/vendor/laravel/framework/src/Illuminate/Foundation/Http/Middleware/InvokeDeferredCallbacks.php(22): Illuminate/Pipeline/Pipeline->Illuminate/Pipeline/{closure}(Object(Illuminate/Http/Request))
#58 C:/Users/91812/Herd/MishoraCRM/vendor/laravel/framework/src/Illuminate/Pipeline/Pipeline.php(209): Illuminate/Foundation/Http/Middleware/InvokeDeferredCallbacks->handle(Object(Illuminate/Http/Request), Object(Closure))
#59 C:/Users/91812/Herd/MishoraCRM/vendor/laravel/framework/src/Illuminate/Pipeline/Pipeline.php(127): Illuminate/Pipeline/Pipeline->Illuminate/Pipeline/{closure}(Object(Illuminate/Http/Request))
#60 C:/Users/91812/Herd/MishoraCRM/vendor/laravel/framework/src/Illuminate/Foundation/Http/Kernel.php(176): Illuminate/Pipeline/Pipeline->then(Object(Closure))
#61 C:/Users/91812/Herd/MishoraCRM/vendor/laravel/framework/src/Illuminate/Foundation/Http/Kernel.php(145): Illuminate/Foundation/Http/Kernel->sendRequestThroughRouter(Object(Illuminate/Http/Request))
#62 C:/Users/91812/Herd/MishoraCRM/vendor/laravel/framework/src/Illuminate/Foundation/Application.php(1220): Illuminate/Foundation/Http/Kernel->handle(Object(Illuminate/Http/Request))
#63 C:/Users/91812/Herd/MishoraCRM/public/index.php(17): Illuminate/Foundation/Application->handleRequest(Object(Illuminate/Http/Request))
#64 C:/Users/91812/Herd/MishoraCRM/vendor/laravel/framework/src/Illuminate/Foundation/resources/server.php(23): require_once('C://Users//91812//...')
#65 {main}

[previous exception] [object] (PDOException(code: 0): could not find driver at C:/Users/91812/Herd/MishoraCRM/vendor/laravel/framework/src/Illuminate/Database/Connectors/Connector.php:66)
[stacktrace]
#0 C:/Users/91812/Herd/MishoraCRM/vendor/laravel/framework/src/Illuminate/Database/Connectors/Connector.php(66): PDO->__construct('pgsql:host=aws-...', 'postgres.bkqbvw...', Object(SensitiveParameterValue), Array)
#1 C:/Users/91812/Herd/MishoraCRM/vendor/laravel/framework/src/Illuminate/Database/Connectors/Connector.php(44): Illuminate/Database/Connectors/Connector->createPdoConnection('pgsql:host=aws-...', 'postgres.bkqbvw...', Object(SensitiveParameterValue), Array)
#2 C:/Users/91812/Herd/MishoraCRM/vendor/laravel/framework/src/Illuminate/Database/Connectors/PostgresConnector.php(35): Illuminate/Database/Connectors/Connector->createConnection('pgsql:host=aws-...', Array, Array)
#3 C:/Users/91812/Herd/MishoraCRM/vendor/laravel/framework/src/Illuminate/Database/Connectors/ConnectionFactory.php(185): Illuminate/Database/Connectors/PostgresConnector->connect(Array)
#4 [internal function]: Illuminate/Database/Connectors/ConnectionFactory->Illuminate/Database/Connectors/{closure}()
#5 C:/Users/91812/Herd/MishoraCRM/vendor/laravel/framework/src/Illuminate/Database/Connection.php(1231): call_user_func(Object(Closure))
#6 C:/Users/91812/Herd/MishoraCRM/vendor/laravel/framework/src/Illuminate/Database/Connection.php(1267): Illuminate/Database/Connection->getPdo()
#7 C:/Users/91812/Herd/MishoraCRM/vendor/laravel/framework/src/Illuminate/Database/Connection.php(512): Illuminate/Database/Connection->getReadPdo()
#8 C:/Users/91812/Herd/MishoraCRM/vendor/laravel/framework/src/Illuminate/Database/Connection.php(407): Illuminate/Database/Connection->getPdoForSelect(true)
#9 C:/Users/91812/Herd/MishoraCRM/vendor/laravel/framework/src/Illuminate/Database/Connection.php(812): Illuminate/Database/Connection->Illuminate/Database/{closure}('select * from \"...', Array)
#10 C:/Users/91812/Herd/MishoraCRM/vendor/laravel/framework/src/Illuminate/Database/Connection.php(779): Illuminate/Database/Connection->runQueryCallback('select * from \"...', Array, Object(Closure))
#11 C:/Users/91812/Herd/MishoraCRM/vendor/laravel/framework/src/Illuminate/Database/Connection.php(398): Illuminate/Database/Connection->run('select * from \"...', Array, Object(Closure))
#12 C:/Users/91812/Herd/MishoraCRM/vendor/laravel/framework/src/Illuminate/Database/Query/Builder.php(3106): Illuminate/Database/Connection->select('select * from \"...', Array, true)
#13 C:/Users/91812/Herd/MishoraCRM/vendor/laravel/framework/src/Illuminate/Database/Query/Builder.php(3091): Illuminate/Database/Query/Builder->runSelect()
#14 C:/Users/91812/Herd/MishoraCRM/vendor/laravel/framework/src/Illuminate/Database/Query/Builder.php(3676): Illuminate/Database/Query/Builder->Illuminate/Database/Query/{closure}()
#15 C:/Users/91812/Herd/MishoraCRM/vendor/laravel/framework/src/Illuminate/Database/Query/Builder.php(3090): Illuminate/Database/Query/Builder->onceWithColumns(Array, Object(Closure))
#16 C:/Users/91812/Herd/MishoraCRM/vendor/laravel/framework/src/Illuminate/Database/Eloquent/Builder.php(811): Illuminate/Database/Query/Builder->get(Array)
#17 C:/Users/91812/Herd/MishoraCRM/vendor/laravel/framework/src/Illuminate/Database/Eloquent/Builder.php(793): Illuminate/Database/Eloquent/Builder->getModels(Array)
#18 C:/Users/91812/Herd/MishoraCRM/vendor/laravel/framework/src/Illuminate/Database/Concerns/BuildsQueries.php(343): Illuminate/Database/Eloquent/Builder->get(Array)
#19 C:/Users/91812/Herd/MishoraCRM/vendor/laravel/framework/src/Illuminate/Auth/EloquentUserProvider.php(139): Illuminate/Database/Eloquent/Builder->first()
#20 C:/Users/91812/Herd/MishoraCRM/vendor/laravel/framework/src/Illuminate/Auth/SessionGuard.php(415): Illuminate/Auth/EloquentUserProvider->retrieveByCredentials(Object(SensitiveParameterValue))
#21 C:/Users/91812/Herd/MishoraCRM/vendor/laravel/framework/src/Illuminate/Support/Timebox.php(34): Illuminate/Auth/SessionGuard->Illuminate/Auth/{closure}(Object(Illuminate/Support/Timebox))
#22 C:/Users/91812/Herd/MishoraCRM/vendor/laravel/framework/src/Illuminate/Auth/SessionGuard.php(412): Illuminate/Support/Timebox->call(Object(Closure), 200000)
#23 C:/Users/91812/Herd/MishoraCRM/vendor/laravel/framework/src/Illuminate/Auth/AuthManager.php(340): Illuminate/Auth/SessionGuard->attempt(Array, true)
#24 C:/Users/91812/Herd/MishoraCRM/vendor/laravel/framework/src/Illuminate/Support/Facades/Facade.php(361): Illuminate/Auth/AuthManager->__call('attempt', Array)
#25 C:/Users/91812/Herd/MishoraCRM/app/Http/Controllers/Web/Auth/LoginController.php(37): Illuminate/Support/Facades/Facade::__callStatic('attempt', Array)
#26 C:/Users/91812/Herd/MishoraCRM/vendor/laravel/framework/src/Illuminate/Routing/ControllerDispatcher.php(47): App/Http/Controllers/Web/Auth/LoginController->store(Object(Illuminate/Http/Request))
#27 C:/Users/91812/Herd/MishoraCRM/vendor/laravel/framework/src/Illuminate/Routing/Route.php(266): Illuminate/Routing/ControllerDispatcher->dispatch(Object(Illuminate/Routing/Route), Object(App/Http/Controllers/Web/Auth/LoginController), 'store')
#28 C:/Users/91812/Herd/MishoraCRM/vendor/laravel/framework/src/Illuminate/Routing/Route.php(212): Illuminate/Routing/Route->runController()
#29 C:/Users/91812/Herd/MishoraCRM/vendor/laravel/framework/src/Illuminate/Routing/Router.php(808): Illuminate/Routing/Route->run()
#30 C:/Users/91812/Herd/MishoraCRM/vendor/laravel/framework/src/Illuminate/Pipeline/Pipeline.php(170): Illuminate/Routing/Router->Illuminate/Routing/{closure}(Object(Illuminate/Http/Request))
#31 C:/Users/91812/Herd/MishoraCRM/vendor/laravel/framework/src/Illuminate/Auth/Middleware/RedirectIfAuthenticated.php(35): Illuminate/Pipeline/Pipeline->Illuminate/Pipeline/{closure}(Object(Illuminate/Http/Request))
#32 C:/Users/91812/Herd/MishoraCRM/vendor/laravel/framework/src/Illuminate/Pipeline/Pipeline.php(209): Illuminate/Auth/Middleware/RedirectIfAuthenticated->handle(Object(Illuminate/Http/Request), Object(Closure))
#33 C:/Users/91812/Herd/MishoraCRM/vendor/laravel/framework/src/Illuminate/Routing/Middleware/SubstituteBindings.php(51): Illuminate/Pipeline/Pipeline->Illuminate/Pipeline/{closure}(Object(Illuminate/Http/Request))
#34 C:/Users/91812/Herd/MishoraCRM/vendor/laravel/framework/src/Illuminate/Pipeline/Pipeline.php(209): Illuminate/Routing/Middleware/SubstituteBindings->handle(Object(Illuminate/Http/Request), Object(Closure))
#35 C:/Users/91812/Herd/MishoraCRM/vendor/laravel/framework/src/Illuminate/Foundation/Http/Middleware/VerifyCsrfToken.php(88): Illuminate/Pipeline/Pipeline->Illuminate/Pipeline/{closure}(Object(Illuminate/Http/Request))
#36 C:/Users/91812/Herd/MishoraCRM/vendor/laravel/framework/src/Illuminate/Pipeline/Pipeline.php(209): Illuminate/Foundation/Http/Middleware/VerifyCsrfToken->handle(Object(Illuminate/Http/Request), Object(Closure))
#37 C:/Users/91812/Herd/MishoraCRM/vendor/laravel/framework/src/Illuminate/View/Middleware/ShareErrorsFromSession.php(49): Illuminate/Pipeline/Pipeline->Illuminate/Pipeline/{closure}(Object(Illuminate/Http/Request))
#38 C:/Users/91812/Herd/MishoraCRM/vendor/laravel/framework/src/Illuminate/Pipeline/Pipeline.php(209): Illuminate/View/Middleware/ShareErrorsFromSession->handle(Object(Illuminate/Http/Request), Object(Closure))
#39 C:/Users/91812/Herd/MishoraCRM/vendor/laravel/framework/src/Illuminate/Session/Middleware/StartSession.php(121): Illuminate/Pipeline/Pipeline->Illuminate/Pipeline/{closure}(Object(Illuminate/Http/Request))
#40 C:/Users/91812/Herd/MishoraCRM/vendor/laravel/framework/src/Illuminate/Session/Middleware/StartSession.php(64): Illuminate/Session/Middleware/StartSession->handleStatefulRequest(Object(Illuminate/Http/Request), Object(Illuminate/Session/Store), Object(Closure))
#41 C:/Users/91812/Herd/MishoraCRM/vendor/laravel/framework/src/Illuminate/Pipeline/Pipeline.php(209): Illuminate/Session/Middleware/StartSession->handle(Object(Illuminate/Http/Request), Object(Closure))
#42 C:/Users/91812/Herd/MishoraCRM/vendor/laravel/framework/src/Illuminate/Cookie/Middleware/AddQueuedCookiesToResponse.php(37): Illuminate/Pipeline/Pipeline->Illuminate/Pipeline/{closure}(Object(Illuminate/Http/Request))
#43 C:/Users/91812/Herd/MishoraCRM/vendor/laravel/framework/src/Illuminate/Pipeline/Pipeline.php(209): Illuminate/Cookie/Middleware/AddQueuedCookiesToResponse->handle(Object(Illuminate/Http/Request), Object(Closure))
#44 C:/Users/91812/Herd/MishoraCRM/vendor/laravel/framework/src/Illuminate/Cookie/Middleware/EncryptCookies.php(75): Illuminate/Pipeline/Pipeline->Illuminate/Pipeline/{closure}(Object(Illuminate/Http/Request))
#45 C:/Users/91812/Herd/MishoraCRM/vendor/laravel/framework/src/Illuminate/Pipeline/Pipeline.php(209): Illuminate/Cookie/Middleware/EncryptCookies->handle(Object(Illuminate/Http/Request), Object(Closure))
#46 C:/Users/91812/Herd/MishoraCRM/vendor/laravel/framework/src/Illuminate/Pipeline/Pipeline.php(127): Illuminate/Pipeline/Pipeline->Illuminate/Pipeline/{closure}(Object(Illuminate/Http/Request))
#47 C:/Users/91812/Herd/MishoraCRM/vendor/laravel/framework/src/Illuminate/Routing/Router.php(807): Illuminate/Pipeline/Pipeline->then(Object(Closure))
#48 C:/Users/91812/Herd/MishoraCRM/vendor/laravel/framework/src/Illuminate/Routing/Router.php(786): Illuminate/Routing/Router->runRouteWithinStack(Object(Illuminate/Routing/Route), Object(Illuminate/Http/Request))
#49 C:/Users/91812/Herd/MishoraCRM/vendor/laravel/framework/src/Illuminate/Routing/Router.php(750): Illuminate/Routing/Router->runRoute(Object(Illuminate/Http/Request), Object(Illuminate/Routing/Route))
#50 C:/Users/91812/Herd/MishoraCRM/vendor/laravel/framework/src/Illuminate/Routing/Router.php(739): Illuminate/Routing/Router->dispatchToRoute(Object(Illuminate/Http/Request))
#51 C:/Users/91812/Herd/MishoraCRM/vendor/laravel/framework/src/Illuminate/Foundation/Http/Kernel.php(201): Illuminate/Routing/Router->dispatch(Object(Illuminate/Http/Request))
#52 C:/Users/91812/Herd/MishoraCRM/vendor/laravel/framework/src/Illuminate/Pipeline/Pipeline.php(170): Illuminate/Foundation/Http/Kernel->Illuminate/Foundation/Http/{closure}(Object(Illuminate/Http/Request))
#53 C:/Users/91812/Herd/MishoraCRM/vendor/laravel/framework/src/Illuminate/Foundation/Http/Middleware/TransformsRequest.php(21): Illuminate/Pipeline/Pipeline->Illuminate/Pipeline/{closure}(Object(Illuminate/Http/Request))
#54 C:/Users/91812/Herd/MishoraCRM/vendor/laravel/framework/src/Illuminate/Foundation/Http/Middleware/ConvertEmptyStringsToNull.php(31): Illuminate/Foundation/Http/Middleware/TransformsRequest->handle(Object(Illuminate/Http/Request), Object(Closure))
#55 C:/Users/91812/Herd/MishoraCRM/vendor/laravel/framework/src/Illuminate/Pipeline/Pipeline.php(209): Illuminate/Foundation/Http/Middleware/ConvertEmptyStringsToNull->handle(Object(Illuminate/Http/Request), Object(Closure))
#56 C:/Users/91812/Herd/MishoraCRM/vendor/laravel/framework/src/Illuminate/Foundation/Http/Middleware/TransformsRequest.php(21): Illuminate/Pipeline/Pipeline->Illuminate/Pipeline/{closure}(Object(Illuminate/Http/Request))
#57 C:/Users/91812/Herd/MishoraCRM/vendor/laravel/framework/src/Illuminate/Foundation/Http/Middleware/TrimStrings.php(51): Illuminate/Foundation/Http/Middleware/TransformsRequest->handle(Object(Illuminate/Http/Request), Object(Closure))
#58 C:/Users/91812/Herd/MishoraCRM/vendor/laravel/framework/src/Illuminate/Pipeline/Pipeline.php(209): Illuminate/Foundation/Http/Middleware/TrimStrings->handle(Object(Illuminate/Http/Request), Object(Closure))
#59 C:/Users/91812/Herd/MishoraCRM/vendor/laravel/framework/src/Illuminate/Http/Middleware/ValidatePostSize.php(27): Illuminate/Pipeline/Pipeline->Illuminate/Pipeline/{closure}(Object(Illuminate/Http/Request))
#60 C:/Users/91812/Herd/MishoraCRM/vendor/laravel/framework/src/Illuminate/Pipeline/Pipeline.php(209): Illuminate/Http/Middleware/ValidatePostSize->handle(Object(Illuminate/Http/Request), Object(Closure))
#61 C:/Users/91812/Herd/MishoraCRM/vendor/laravel/framework/src/Illuminate/Foundation/Http/Middleware/PreventRequestsDuringMaintenance.php(110): Illuminate/Pipeline/Pipeline->Illuminate/Pipeline/{closure}(Object(Illuminate/Http/Request))
#62 C:/Users/91812/Herd/MishoraCRM/vendor/laravel/framework/src/Illuminate/Pipeline/Pipeline.php(209): Illuminate/Foundation/Http/Middleware/PreventRequestsDuringMaintenance->handle(Object(Illuminate/Http/Request), Object(Closure))
#63 C:/Users/91812/Herd/MishoraCRM/vendor/laravel/framework/src/Illuminate/Http/Middleware/HandleCors.php(49): Illuminate/Pipeline/Pipeline->Illuminate/Pipeline/{closure}(Object(Illuminate/Http/Request))
#64 C:/Users/91812/Herd/MishoraCRM/vendor/laravel/framework/src/Illuminate/Pipeline/Pipeline.php(209): Illuminate/Http/Middleware/HandleCors->handle(Object(Illuminate/Http/Request), Object(Closure))
#65 C:/Users/91812/Herd/MishoraCRM/vendor/laravel/framework/src/Illuminate/Http/Middleware/TrustProxies.php(58): Illuminate/Pipeline/Pipeline->Illuminate/Pipeline/{closure}(Object(Illuminate/Http/Request))
#66 C:/Users/91812/Herd/MishoraCRM/vendor/laravel/framework/src/Illuminate/Pipeline/Pipeline.php(209): Illuminate/Http/Middleware/TrustProxies->handle(Object(Illuminate/Http/Request), Object(Closure))
#67 C:/Users/91812/Herd/MishoraCRM/vendor/laravel/framework/src/Illuminate/Foundation/Http/Middleware/InvokeDeferredCallbacks.php(22): Illuminate/Pipeline/Pipeline->Illuminate/Pipeline/{closure}(Object(Illuminate/Http/Request))
#68 C:/Users/91812/Herd/MishoraCRM/vendor/laravel/framework/src/Illuminate/Pipeline/Pipeline.php(209): Illuminate/Foundation/Http/Middleware/InvokeDeferredCallbacks->handle(Object(Illuminate/Http/Request), Object(Closure))
#69 C:/Users/91812/Herd/MishoraCRM/vendor/laravel/framework/src/Illuminate/Pipeline/Pipeline.php(127): Illuminate/Pipeline/Pipeline->Illuminate/Pipeline/{closure}(Object(Illuminate/Http/Request))
#70 C:/Users/91812/Herd/MishoraCRM/vendor/laravel/framework/src/Illuminate/Foundation/Http/Kernel.php(176): Illuminate/Pipeline/Pipeline->then(Object(Closure))
#71 C:/Users/91812/Herd/MishoraCRM/vendor/laravel/framework/src/Illuminate/Foundation/Http/Kernel.php(145): Illuminate/Foundation/Http/Kernel->sendRequestThroughRouter(Object(Illuminate/Http/Request))
#72 C:/Users/91812/Herd/MishoraCRM/vendor/laravel/framework/src/Illuminate/Foundation/Application.php(1220): Illuminate/Foundation/Http/Kernel->handle(Object(Illuminate/Http/Request))
#73 C:/Users/91812/Herd/MishoraCRM/public/index.php(17): Illuminate/Foundation/Application->handleRequest(Object(Illuminate/Http/Request))
#74 C:/Users/91812/Herd/MishoraCRM/vendor/laravel/framework/src/Illuminate/Foundation/resources/server.php(23): require_once('C://Users//91812//...')
#75 {main}
"} 
[2026-09-25 23:09:27] local.ERROR: could not find driver (Connection: pgsql, SQL: select count(*) as aggregate from "telescope_entries" where "type" = exception and "family_hash" = 4e95c22c2b7921611a4afcab827b65af) {"exception":"[object] (Illuminate\\Database\\QueryException(code: 0): could not find driver (Connection: pgsql, SQL: select count(*) as aggregate from \"telescope_entries\" where \"type\" = exception and \"family_hash\" = 4e95c22c2b7921611a4afcab827b65af) at C:/Users/91812/Herd/MishoraCRM/vendor/laravel/framework/src/Illuminate/Database/Connection.php:825)
[stacktrace]
#0 C:/Users/91812/Herd/MishoraCRM/vendor/laravel/framework/src/Illuminate/Database/Connection.php(779): Illuminate/Database/Connection->runQueryCallback('select count(*)...', Array, Object(Closure))
#1 C:/Users/91812/Herd/MishoraCRM/vendor/laravel/framework/src/Illuminate/Database/Connection.php(398): Illuminate/Database/Connection->run('select count(*)...', Array, Object(Closure))
#2 C:/Users/91812/Herd/MishoraCRM/vendor/laravel/framework/src/Illuminate/Database/Query/Builder.php(3106): Illuminate/Database/Connection->select('select count(*)...', Array, true)
#3 C:/Users/91812/Herd/MishoraCRM/vendor/laravel/framework/src/Illuminate/Database/Query/Builder.php(3091): Illuminate/Database/Query/Builder->runSelect()
#4 C:/Users/91812/Herd/MishoraCRM/vendor/laravel/framework/src/Illuminate/Database/Query/Builder.php(3676): Illuminate/Database/Query/Builder->Illuminate/Database/Query/{closure}()
#5 C:/Users/91812/Herd/MishoraCRM/vendor/laravel/framework/src/Illuminate/Database/Query/Builder.php(3090): Illuminate/Database/Query/Builder->onceWithColumns(Array, Object(Closure))
#6 C:/Users/91812/Herd/MishoraCRM/vendor/laravel/framework/src/Illuminate/Database/Query/Builder.php(3603): Illuminate/Database/Query/Builder->get(Array)
#7 C:/Users/91812/Herd/MishoraCRM/vendor/laravel/framework/src/Illuminate/Database/Query/Builder.php(3531): Illuminate/Database/Query/Builder->aggregate('count', Array)
#8 C:/Users/91812/Herd/MishoraCRM/vendor/laravel/telescope/src/Storage/DatabaseEntriesRepository.php(123): Illuminate/Database/Query/Builder->count()
#9 C:/Users/91812/Herd/MishoraCRM/vendor/laravel/telescope/src/Storage/DatabaseEntriesRepository.php(165): Laravel/Telescope/Storage/DatabaseEntriesRepository->countExceptionOccurences(Object(Laravel/Telescope/IncomingExceptionEntry))
#10 [internal function]: Laravel/Telescope/Storage/DatabaseEntriesRepository->Laravel/Telescope/Storage/{closure}(Object(Laravel/Telescope/IncomingExceptionEntry), 1)
#11 C:/Users/91812/Herd/MishoraCRM/vendor/laravel/framework/src/Illuminate/Collections/Arr.php(609): array_map(Object(Closure), Array, Array)
#12 C:/Users/91812/Herd/MishoraCRM/vendor/laravel/framework/src/Illuminate/Collections/Collection.php(799): Illuminate/Support/Arr::map(Array, Object(Closure))
#13 C:/Users/91812/Herd/MishoraCRM/vendor/laravel/telescope/src/Storage/DatabaseEntriesRepository.php(164): Illuminate/Support/Collection->map(Object(Closure))
#14 C:/Users/91812/Herd/MishoraCRM/vendor/laravel/framework/src/Illuminate/Collections/Traits/EnumeratesValues.php(261): Laravel/Telescope/Storage/DatabaseEntriesRepository->Laravel/Telescope/Storage/{closure}(Object(Illuminate/Support/Collection), 0)
#15 C:/Users/91812/Herd/MishoraCRM/vendor/laravel/telescope/src/Storage/DatabaseEntriesRepository.php(163): Illuminate/Support/Collection->each(Object(Closure))
#16 C:/Users/91812/Herd/MishoraCRM/vendor/laravel/telescope/src/Storage/DatabaseEntriesRepository.php(140): Laravel/Telescope/Storage/DatabaseEntriesRepository->storeExceptions(Object(Illuminate/Support/Collection))
#17 C:/Users/91812/Herd/MishoraCRM/vendor/laravel/telescope/src/Telescope.php(664): Laravel/Telescope/Storage/DatabaseEntriesRepository->store(Object(Illuminate/Support/Collection))
#18 [internal function]: Laravel/Telescope/Telescope::Laravel/Telescope/{closure}()
#19 C:/Users/91812/Herd/MishoraCRM/vendor/laravel/telescope/src/Telescope.php(289): call_user_func(Object(Closure))
#20 C:/Users/91812/Herd/MishoraCRM/vendor/laravel/telescope/src/Telescope.php(656): Laravel/Telescope/Telescope::withoutRecording(Object(Closure))
#21 C:/Users/91812/Herd/MishoraCRM/vendor/laravel/telescope/src/ListensForStorageOpportunities.php(65): Laravel/Telescope/Telescope::store(Object(Laravel/Telescope/Storage/DatabaseEntriesRepository))
#22 C:/Users/91812/Herd/MishoraCRM/vendor/laravel/framework/src/Illuminate/Container/BoundMethod.php(36): Laravel/Telescope/Telescope::Laravel/Telescope/{closure}()
#23 C:/Users/91812/Herd/MishoraCRM/vendor/laravel/framework/src/Illuminate/Container/Util.php(43): Illuminate/Container/BoundMethod::Illuminate/Container/{closure}()
#24 C:/Users/91812/Herd/MishoraCRM/vendor/laravel/framework/src/Illuminate/Container/BoundMethod.php(83): Illuminate/Container/Util::unwrapIfClosure(Object(Closure))
#25 C:/Users/91812/Herd/MishoraCRM/vendor/laravel/framework/src/Illuminate/Container/BoundMethod.php(35): Illuminate/Container/BoundMethod::callBoundMethod(Object(Illuminate/Foundation/Application), Object(Closure), Object(Closure))
#26 C:/Users/91812/Herd/MishoraCRM/vendor/laravel/framework/src/Illuminate/Container/Container.php(696): Illuminate/Container/BoundMethod::call(Object(Illuminate/Foundation/Application), Object(Closure), Array, NULL)
#27 C:/Users/91812/Herd/MishoraCRM/vendor/laravel/framework/src/Illuminate/Foundation/Application.php(1452): Illuminate/Container/Container->call(Object(Closure))
#28 C:/Users/91812/Herd/MishoraCRM/vendor/laravel/framework/src/Illuminate/Foundation/Http/Kernel.php(218): Illuminate/Foundation/Application->terminate()
#29 C:/Users/91812/Herd/MishoraCRM/vendor/laravel/framework/src/Illuminate/Foundation/Application.php(1222): Illuminate/Foundation/Http/Kernel->terminate(Object(Illuminate/Http/Request), Object(Illuminate/Http/Response))
#30 C:/Users/91812/Herd/MishoraCRM/public/index.php(17): Illuminate/Foundation/Application->handleRequest(Object(Illuminate/Http/Request))
#31 C:/Users/91812/Herd/MishoraCRM/vendor/laravel/framework/src/Illuminate/Foundation/resources/server.php(23): require_once('C://Users//91812//...')
#32 {main}

[previous exception] [object] (PDOException(code: 0): could not find driver at C:/Users/91812/Herd/MishoraCRM/vendor/laravel/framework/src/Illuminate/Database/Connectors/Connector.php:66)
[stacktrace]
#0 C:/Users/91812/Herd/MishoraCRM/vendor/laravel/framework/src/Illuminate/Database/Connectors/Connector.php(66): PDO->__construct('pgsql:host=aws-...', 'postgres.bkqbvw...', Object(SensitiveParameterValue), Array)
#1 C:/Users/91812/Herd/MishoraCRM/vendor/laravel/framework/src/Illuminate/Database/Connectors/Connector.php(44): Illuminate/Database/Connectors/Connector->createPdoConnection('pgsql:host=aws-...', 'postgres.bkqbvw...', Object(SensitiveParameterValue), Array)
#2 C:/Users/91812/Herd/MishoraCRM/vendor/laravel/framework/src/Illuminate/Database/Connectors/PostgresConnector.php(35): Illuminate/Database/Connectors/Connector->createConnection('pgsql:host=aws-...', Array, Array)
#3 C:/Users/91812/Herd/MishoraCRM/vendor/laravel/framework/src/Illuminate/Database/Connectors/ConnectionFactory.php(185): Illuminate/Database/Connectors/PostgresConnector->connect(Array)
#4 [internal function]: Illuminate/Database/Connectors/ConnectionFactory->Illuminate/Database/Connectors/{closure}()
#5 C:/Users/91812/Herd/MishoraCRM/vendor/laravel/framework/src/Illuminate/Database/Connection.php(1231): call_user_func(Object(Closure))
#6 C:/Users/91812/Herd/MishoraCRM/vendor/laravel/framework/src/Illuminate/Database/Connection.php(1267): Illuminate/Database/Connection->getPdo()
#7 C:/Users/91812/Herd/MishoraCRM/vendor/laravel/framework/src/Illuminate/Database/Connection.php(512): Illuminate/Database/Connection->getReadPdo()
#8 C:/Users/91812/Herd/MishoraCRM/vendor/laravel/framework/src/Illuminate/Database/Connection.php(407): Illuminate/Database/Connection->getPdoForSelect(true)
#9 C:/Users/91812/Herd/MishoraCRM/vendor/laravel/framework/src/Illuminate/Database/Connection.php(812): Illuminate/Database/Connection->Illuminate/Database/{closure}('select count(*)...', Array)
#10 C:/Users/91812/Herd/MishoraCRM/vendor/laravel/framework/src/Illuminate/Database/Connection.php(779): Illuminate/Database/Connection->runQueryCallback('select count(*)...', Array, Object(Closure))
#11 C:/Users/91812/Herd/MishoraCRM/vendor/laravel/framework/src/Illuminate/Database/Connection.php(398): Illuminate/Database/Connection->run('select count(*)...', Array, Object(Closure))
#12 C:/Users/91812/Herd/MishoraCRM/vendor/laravel/framework/src/Illuminate/Database/Query/Builder.php(3106): Illuminate/Database/Connection->select('select count(*)...', Array, true)
#13 C:/Users/91812/Herd/MishoraCRM/vendor/laravel/framework/src/Illuminate/Database/Query/Builder.php(3091): Illuminate/Database/Query/Builder->runSelect()
#14 C:/Users/91812/Herd/MishoraCRM/vendor/laravel/framework/src/Illuminate/Database/Query/Builder.php(3676): Illuminate/Database/Query/Builder->Illuminate/Database/Query/{closure}()
#15 C:/Users/91812/Herd/MishoraCRM/vendor/laravel/framework/src/Illuminate/Database/Query/Builder.php(3090): Illuminate/Database/Query/Builder->onceWithColumns(Array, Object(Closure))
#16 C:/Users/91812/Herd/MishoraCRM/vendor/laravel/framework/src/Illuminate/Database/Query/Builder.php(3603): Illuminate/Database/Query/Builder->get(Array)
#17 C:/Users/91812/Herd/MishoraCRM/vendor/laravel/framework/src/Illuminate/Database/Query/Builder.php(3531): Illuminate/Database/Query/Builder->aggregate('count', Array)
#18 C:/Users/91812/Herd/MishoraCRM/vendor/laravel/telescope/src/Storage/DatabaseEntriesRepository.php(123): Illuminate/Database/Query/Builder->count()
#19 C:/Users/91812/Herd/MishoraCRM/vendor/laravel/telescope/src/Storage/DatabaseEntriesRepository.php(165): Laravel/Telescope/Storage/DatabaseEntriesRepository->countExceptionOccurences(Object(Laravel/Telescope/IncomingExceptionEntry))
#20 [internal function]: Laravel/Telescope/Storage/DatabaseEntriesRepository->Laravel/Telescope/Storage/{closure}(Object(Laravel/Telescope/IncomingExceptionEntry), 1)
#21 C:/Users/91812/Herd/MishoraCRM/vendor/laravel/framework/src/Illuminate/Collections/Arr.php(609): array_map(Object(Closure), Array, Array)
#22 C:/Users/91812/Herd/MishoraCRM/vendor/laravel/framework/src/Illuminate/Collections/Collection.php(799): Illuminate/Support/Arr::map(Array, Object(Closure))
#23 C:/Users/91812/Herd/MishoraCRM/vendor/laravel/telescope/src/Storage/DatabaseEntriesRepository.php(164): Illuminate/Support/Collection->map(Object(Closure))
#24 C:/Users/91812/Herd/MishoraCRM/vendor/laravel/framework/src/Illuminate/Collections/Traits/EnumeratesValues.php(261): Laravel/Telescope/Storage/DatabaseEntriesRepository->Laravel/Telescope/Storage/{closure}(Object(Illuminate/Support/Collection), 0)
#25 C:/Users/91812/Herd/MishoraCRM/vendor/laravel/telescope/src/Storage/DatabaseEntriesRepository.php(163): Illuminate/Support/Collection->each(Object(Closure))
#26 C:/Users/91812/Herd/MishoraCRM/vendor/laravel/telescope/src/Storage/DatabaseEntriesRepository.php(140): Laravel/Telescope/Storage/DatabaseEntriesRepository->storeExceptions(Object(Illuminate/Support/Collection))
#27 C:/Users/91812/Herd/MishoraCRM/vendor/laravel/telescope/src/Telescope.php(664): Laravel/Telescope/Storage/DatabaseEntriesRepository->store(Object(Illuminate/Support/Collection))
#28 [internal function]: Laravel/Telescope/Telescope::Laravel/Telescope/{closure}()
#29 C:/Users/91812/Herd/MishoraCRM/vendor/laravel/telescope/src/Telescope.php(289): call_user_func(Object(Closure))
#30 C:/Users/91812/Herd/MishoraCRM/vendor/laravel/telescope/src/Telescope.php(656): Laravel/Telescope/Telescope::withoutRecording(Object(Closure))
#31 C:/Users/91812/Herd/MishoraCRM/vendor/laravel/telescope/src/ListensForStorageOpportunities.php(65): Laravel/Telescope/Telescope::store(Object(Laravel/Telescope/Storage/DatabaseEntriesRepository))
#32 C:/Users/91812/Herd/MishoraCRM/vendor/laravel/framework/src/Illuminate/Container/BoundMethod.php(36): Laravel/Telescope/Telescope::Laravel/Telescope/{closure}()
#33 C:/Users/91812/Herd/MishoraCRM/vendor/laravel/framework/src/Illuminate/Container/Util.php(43): Illuminate/Container/BoundMethod::Illuminate/Container/{closure}()
#34 C:/Users/91812/Herd/MishoraCRM/vendor/laravel/framework/src/Illuminate/Container/BoundMethod.php(83): Illuminate/Container/Util::unwrapIfClosure(Object(Closure))
#35 C:/Users/91812/Herd/MishoraCRM/vendor/laravel/framework/src/Illuminate/Container/BoundMethod.php(35): Illuminate/Container/BoundMethod::callBoundMethod(Object(Illuminate/Foundation/Application), Object(Closure), Object(Closure))
#36 C:/Users/91812/Herd/MishoraCRM/vendor/laravel/framework/src/Illuminate/Container/Container.php(696): Illuminate/Container/BoundMethod::call(Object(Illuminate/Foundation/Application), Object(Closure), Array, NULL)
#37 C:/Users/91812/Herd/MishoraCRM/vendor/laravel/framework/src/Illuminate/Foundation/Application.php(1452): Illuminate/Container/Container->call(Object(Closure))
#38 C:/Users/91812/Herd/MishoraCRM/vendor/laravel/framework/src/Illuminate/Foundation/Http/Kernel.php(218): Illuminate/Foundation/Application->terminate()
#39 C:/Users/91812/Herd/MishoraCRM/vendor/laravel/framework/src/Illuminate/Foundation/Application.php(1222): Illuminate/Foundation/Http/Kernel->terminate(Object(Illuminate/Http/Request), Object(Illuminate/Http/Response))
#40 C:/Users/91812/Herd/MishoraCRM/public/index.php(17): Illuminate/Foundation/Application->handleRequest(Object(Illuminate/Http/Request))
#41 C:/Users/91812/Herd/MishoraCRM/vendor/laravel/framework/src/Illuminate/Foundation/resources/server.php(23): require_once('C://Users//91812//...')
#42 {main}
"} 
[2026-09-25 23:09:48] local.ERROR: could not find driver (Connection: pgsql, SQL: select * from "permissions" where ("name" = leads.view_own and "guard_name" = web) limit 1) {"exception":"[object] (Illuminate\\Database\\QueryException(code: 0): could not find driver (Connection: pgsql, SQL: select * from \"permissions\" where (\"name\" = leads.view_own and \"guard_name\" = web) limit 1) at C:/Users/91812/Herd/MishoraCRM/vendor/laravel/framework/src/Illuminate/Database/Connection.php:825)
[stacktrace]
#0 C:/Users/91812/Herd/MishoraCRM/vendor/laravel/framework/src/Illuminate/Database/Connection.php(779): Illuminate/Database/Connection->runQueryCallback('select * from \"...', Array, Object(Closure))
#1 C:/Users/91812/Herd/MishoraCRM/vendor/laravel/framework/src/Illuminate/Database/Connection.php(398): Illuminate/Database/Connection->run('select * from \"...', Array, Object(Closure))
#2 C:/Users/91812/Herd/MishoraCRM/vendor/laravel/framework/src/Illuminate/Database/Query/Builder.php(3106): Illuminate/Database/Connection->select('select * from \"...', Array, true)
#3 C:/Users/91812/Herd/MishoraCRM/vendor/laravel/framework/src/Illuminate/Database/Query/Builder.php(3091): Illuminate/Database/Query/Builder->runSelect()
#4 C:/Users/91812/Herd/MishoraCRM/vendor/laravel/framework/src/Illuminate/Database/Query/Builder.php(3676): Illuminate/Database/Query/Builder->Illuminate/Database/Query/{closure}()
#5 C:/Users/91812/Herd/MishoraCRM/vendor/laravel/framework/src/Illuminate/Database/Query/Builder.php(3090): Illuminate/Database/Query/Builder->onceWithColumns(Array, Object(Closure))
#6 C:/Users/91812/Herd/MishoraCRM/vendor/laravel/framework/src/Illuminate/Database/Eloquent/Builder.php(811): Illuminate/Database/Query/Builder->get(Array)
#7 C:/Users/91812/Herd/MishoraCRM/vendor/laravel/framework/src/Illuminate/Database/Eloquent/Builder.php(793): Illuminate/Database/Eloquent/Builder->getModels(Array)
#8 C:/Users/91812/Herd/MishoraCRM/vendor/laravel/framework/src/Illuminate/Database/Concerns/BuildsQueries.php(343): Illuminate/Database/Eloquent/Builder->get(Array)
#9 C:/Users/91812/Herd/MishoraCRM/vendor/laravel/framework/src/Illuminate/Database/Eloquent/Builder.php(617): Illuminate/Database/Eloquent/Builder->first()
#10 C:/Users/91812/Herd/MishoraCRM/vendor/laravel/framework/src/Illuminate/Support/Traits/ForwardsCalls.php(23): Illuminate/Database/Eloquent/Builder->firstOrCreate(Array)
#11 C:/Users/91812/Herd/MishoraCRM/vendor/laravel/framework/src/Illuminate/Database/Eloquent/Model.php(2372): Illuminate/Database/Eloquent/Model->forwardCallTo(Object(Illuminate/Database/Eloquent/Builder), 'firstOrCreate', Array)
#12 C:/Users/91812/Herd/MishoraCRM/vendor/laravel/framework/src/Illuminate/Database/Eloquent/Model.php(2384): Illuminate/Database/Eloquent/Model->__call('firstOrCreate', Array)
#13 C:/Users/91812/Herd/MishoraCRM/database/seeders/RolesAndPermissionsSeeder.php(214): Illuminate/Database/Eloquent/Model::__callStatic('firstOrCreate', Array)
#14 C:/Users/91812/Herd/MishoraCRM/vendor/laravel/framework/src/Illuminate/Container/BoundMethod.php(36): Database/Seeders/RolesAndPermissionsSeeder->run()
#15 C:/Users/91812/Herd/MishoraCRM/vendor/laravel/framework/src/Illuminate/Container/Util.php(43): Illuminate/Container/BoundMethod::Illuminate/Container/{closure}()
#16 C:/Users/91812/Herd/MishoraCRM/vendor/laravel/framework/src/Illuminate/Container/BoundMethod.php(95): Illuminate/Container/Util::unwrapIfClosure(Object(Closure))
#17 C:/Users/91812/Herd/MishoraCRM/vendor/laravel/framework/src/Illuminate/Container/BoundMethod.php(35): Illuminate/Container/BoundMethod::callBoundMethod(Object(Illuminate/Foundation/Application), Array, Object(Closure))
#18 C:/Users/91812/Herd/MishoraCRM/vendor/laravel/framework/src/Illuminate/Container/Container.php(696): Illuminate/Container/BoundMethod::call(Object(Illuminate/Foundation/Application), Array, Array, NULL)
#19 C:/Users/91812/Herd/MishoraCRM/vendor/laravel/framework/src/Illuminate/Database/Seeder.php(188): Illuminate/Container/Container->call(Array, Array)
#20 C:/Users/91812/Herd/MishoraCRM/vendor/laravel/framework/src/Illuminate/Database/Seeder.php(197): Illuminate/Database/Seeder->Illuminate/Database/{closure}()
#21 C:/Users/91812/Herd/MishoraCRM/vendor/laravel/framework/src/Illuminate/Database/Seeder.php(61): Illuminate/Database/Seeder->__invoke(Array)
#22 C:/Users/91812/Herd/MishoraCRM/database/seeders/DatabaseSeeder.php(19): Illuminate/Database/Seeder->call('Database//Seeder...')
#23 C:/Users/91812/Herd/MishoraCRM/vendor/laravel/framework/src/Illuminate/Container/BoundMethod.php(36): Database/Seeders/DatabaseSeeder->run()
#24 C:/Users/91812/Herd/MishoraCRM/vendor/laravel/framework/src/Illuminate/Container/Util.php(43): Illuminate/Container/BoundMethod::Illuminate/Container/{closure}()
#25 C:/Users/91812/Herd/MishoraCRM/vendor/laravel/framework/src/Illuminate/Container/BoundMethod.php(95): Illuminate/Container/Util::unwrapIfClosure(Object(Closure))
#26 C:/Users/91812/Herd/MishoraCRM/vendor/laravel/framework/src/Illuminate/Container/BoundMethod.php(35): Illuminate/Container/BoundMethod::callBoundMethod(Object(Illuminate/Foundation/Application), Array, Object(Closure))
#27 C:/Users/91812/Herd/MishoraCRM/vendor/laravel/framework/src/Illuminate/Container/Container.php(696): Illuminate/Container/BoundMethod::call(Object(Illuminate/Foundation/Application), Array, Array, NULL)
#28 C:/Users/91812/Herd/MishoraCRM/vendor/laravel/framework/src/Illuminate/Database/Seeder.php(188): Illuminate/Container/Container->call(Array, Array)
#29 C:/Users/91812/Herd/MishoraCRM/vendor/laravel/framework/src/Illuminate/Database/Seeder.php(197): Illuminate/Database/Seeder->Illuminate/Database/{closure}()
#30 C:/Users/91812/Herd/MishoraCRM/vendor/laravel/framework/src/Illuminate/Database/Console/Seeds/SeedCommand.php(70): Illuminate/Database/Seeder->__invoke()
#31 C:/Users/91812/Herd/MishoraCRM/vendor/laravel/framework/src/Illuminate/Database/Eloquent/Concerns/GuardsAttributes.php(155): Illuminate/Database/Console/Seeds/SeedCommand->Illuminate/Database/Console/Seeds/{closure}()
#32 C:/Users/91812/Herd/MishoraCRM/vendor/laravel/framework/src/Illuminate/Database/Console/Seeds/SeedCommand.php(69): Illuminate/Database/Eloquent/Model::unguarded(Object(Closure))
#33 C:/Users/91812/Herd/MishoraCRM/vendor/laravel/framework/src/Illuminate/Container/BoundMethod.php(36): Illuminate/Database/Console/Seeds/SeedCommand->handle()
#34 C:/Users/91812/Herd/MishoraCRM/vendor/laravel/framework/src/Illuminate/Container/Util.php(43): Illuminate/Container/BoundMethod::Illuminate/Container/{closure}()
#35 C:/Users/91812/Herd/MishoraCRM/vendor/laravel/framework/src/Illuminate/Container/BoundMethod.php(95): Illuminate/Container/Util::unwrapIfClosure(Object(Closure))
#36 C:/Users/91812/Herd/MishoraCRM/vendor/laravel/framework/src/Illuminate/Container/BoundMethod.php(35): Illuminate/Container/BoundMethod::callBoundMethod(Object(Illuminate/Foundation/Application), Array, Object(Closure))
#37 C:/Users/91812/Herd/MishoraCRM/vendor/laravel/framework/src/Illuminate/Container/Container.php(696): Illuminate/Container/BoundMethod::call(Object(Illuminate/Foundation/Application), Array, Array, NULL)
#38 C:/Users/91812/Herd/MishoraCRM/vendor/laravel/framework/src/Illuminate/Console/Command.php(213): Illuminate/Container/Container->call(Array)
#39 C:/Users/91812/Herd/MishoraCRM/vendor/symfony/console/Command/Command.php(341): Illuminate/Console/Command->execute(Object(Symfony/Component/Console/Input/ArgvInput), Object(Illuminate/Console/OutputStyle))
#40 C:/Users/91812/Herd/MishoraCRM/vendor/laravel/framework/src/Illuminate/Console/Command.php(182): Symfony/Component/Console/Command/Command->run(Object(Symfony/Component/Console/Input/ArgvInput), Object(Illuminate/Console/OutputStyle))
#41 C:/Users/91812/Herd/MishoraCRM/vendor/symfony/console/Application.php(1117): Illuminate/Console/Command->run(Object(Symfony/Component/Console/Input/ArgvInput), Object(Symfony/Component/Console/Output/ConsoleOutput))
#42 C:/Users/91812/Herd/MishoraCRM/vendor/symfony/console/Application.php(356): Symfony/Component/Console/Application->doRunCommand(Object(Illuminate/Database/Console/Seeds/SeedCommand), Object(Symfony/Component/Console/Input/ArgvInput), Object(Symfony/Component/Console/Output/ConsoleOutput))
#43 C:/Users/91812/Herd/MishoraCRM/vendor/symfony/console/Application.php(195): Symfony/Component/Console/Application->doRun(Object(Symfony/Component/Console/Input/ArgvInput), Object(Symfony/Component/Console/Output/ConsoleOutput))
#44 C:/Users/91812/Herd/MishoraCRM/vendor/laravel/framework/src/Illuminate/Foundation/Console/Kernel.php(198): Symfony/Component/Console/Application->run(Object(Symfony/Component/Console/Input/ArgvInput), Object(Symfony/Component/Console/Output/ConsoleOutput))
#45 C:/Users/91812/Herd/MishoraCRM/vendor/laravel/framework/src/Illuminate/Foundation/Application.php(1235): Illuminate/Foundation/Console/Kernel->handle(Object(Symfony/Component/Console/Input/ArgvInput), Object(Symfony/Component/Console/Output/ConsoleOutput))
#46 C:/Users/91812/Herd/MishoraCRM/artisan(13): Illuminate/Foundation/Application->handleCommand(Object(Symfony/Component/Console/Input/ArgvInput))
#47 {main}

[previous exception] [object] (PDOException(code: 0): could not find driver at C:/Users/91812/Herd/MishoraCRM/vendor/laravel/framework/src/Illuminate/Database/Connectors/Connector.php:66)
[stacktrace]
#0 C:/Users/91812/Herd/MishoraCRM/vendor/laravel/framework/src/Illuminate/Database/Connectors/Connector.php(66): PDO->__construct('pgsql:host=aws-...', 'postgres.bkqbvw...', Object(SensitiveParameterValue), Array)
#1 C:/Users/91812/Herd/MishoraCRM/vendor/laravel/framework/src/Illuminate/Database/Connectors/Connector.php(44): Illuminate/Database/Connectors/Connector->createPdoConnection('pgsql:host=aws-...', 'postgres.bkqbvw...', Object(SensitiveParameterValue), Array)
#2 C:/Users/91812/Herd/MishoraCRM/vendor/laravel/framework/src/Illuminate/Database/Connectors/PostgresConnector.php(35): Illuminate/Database/Connectors/Connector->createConnection('pgsql:host=aws-...', Array, Array)
#3 C:/Users/91812/Herd/MishoraCRM/vendor/laravel/framework/src/Illuminate/Database/Connectors/ConnectionFactory.php(185): Illuminate/Database/Connectors/PostgresConnector->connect(Array)
#4 [internal function]: Illuminate/Database/Connectors/ConnectionFactory->Illuminate/Database/Connectors/{closure}()
#5 C:/Users/91812/Herd/MishoraCRM/vendor/laravel/framework/src/Illuminate/Database/Connection.php(1231): call_user_func(Object(Closure))
#6 C:/Users/91812/Herd/MishoraCRM/vendor/laravel/framework/src/Illuminate/Database/Connection.php(1267): Illuminate/Database/Connection->getPdo()
#7 C:/Users/91812/Herd/MishoraCRM/vendor/laravel/framework/src/Illuminate/Database/Connection.php(512): Illuminate/Database/Connection->getReadPdo()
#8 C:/Users/91812/Herd/MishoraCRM/vendor/laravel/framework/src/Illuminate/Database/Connection.php(407): Illuminate/Database/Connection->getPdoForSelect(true)
#9 C:/Users/91812/Herd/MishoraCRM/vendor/laravel/framework/src/Illuminate/Database/Connection.php(812): Illuminate/Database/Connection->Illuminate/Database/{closure}('select * from \"...', Array)
#10 C:/Users/91812/Herd/MishoraCRM/vendor/laravel/framework/src/Illuminate/Database/Connection.php(779): Illuminate/Database/Connection->runQueryCallback('select * from \"...', Array, Object(Closure))
#11 C:/Users/91812/Herd/MishoraCRM/vendor/laravel/framework/src/Illuminate/Database/Connection.php(398): Illuminate/Database/Connection->run('select * from \"...', Array, Object(Closure))
#12 C:/Users/91812/Herd/MishoraCRM/vendor/laravel/framework/src/Illuminate/Database/Query/Builder.php(3106): Illuminate/Database/Connection->select('select * from \"...', Array, true)
#13 C:/Users/91812/Herd/MishoraCRM/vendor/laravel/framework/src/Illuminate/Database/Query/Builder.php(3091): Illuminate/Database/Query/Builder->runSelect()
#14 C:/Users/91812/Herd/MishoraCRM/vendor/laravel/framework/src/Illuminate/Database/Query/Builder.php(3676): Illuminate/Database/Query/Builder->Illuminate/Database/Query/{closure}()
#15 C:/Users/91812/Herd/MishoraCRM/vendor/laravel/framework/src/Illuminate/Database/Query/Builder.php(3090): Illuminate/Database/Query/Builder->onceWithColumns(Array, Object(Closure))
#16 C:/Users/91812/Herd/MishoraCRM/vendor/laravel/framework/src/Illuminate/Database/Eloquent/Builder.php(811): Illuminate/Database/Query/Builder->get(Array)
#17 C:/Users/91812/Herd/MishoraCRM/vendor/laravel/framework/src/Illuminate/Database/Eloquent/Builder.php(793): Illuminate/Database/Eloquent/Builder->getModels(Array)
#18 C:/Users/91812/Herd/MishoraCRM/vendor/laravel/framework/src/Illuminate/Database/Concerns/BuildsQueries.php(343): Illuminate/Database/Eloquent/Builder->get(Array)
#19 C:/Users/91812/Herd/MishoraCRM/vendor/laravel/framework/src/Illuminate/Database/Eloquent/Builder.php(617): Illuminate/Database/Eloquent/Builder->first()
#20 C:/Users/91812/Herd/MishoraCRM/vendor/laravel/framework/src/Illuminate/Support/Traits/ForwardsCalls.php(23): Illuminate/Database/Eloquent/Builder->firstOrCreate(Array)
#21 C:/Users/91812/Herd/MishoraCRM/vendor/laravel/framework/src/Illuminate/Database/Eloquent/Model.php(2372): Illuminate/Database/Eloquent/Model->forwardCallTo(Object(Illuminate/Database/Eloquent/Builder), 'firstOrCreate', Array)
#22 C:/Users/91812/Herd/MishoraCRM/vendor/laravel/framework/src/Illuminate/Database/Eloquent/Model.php(2384): Illuminate/Database/Eloquent/Model->__call('firstOrCreate', Array)
#23 C:/Users/91812/Herd/MishoraCRM/database/seeders/RolesAndPermissionsSeeder.php(214): Illuminate/Database/Eloquent/Model::__callStatic('firstOrCreate', Array)
#24 C:/Users/91812/Herd/MishoraCRM/vendor/laravel/framework/src/Illuminate/Container/BoundMethod.php(36): Database/Seeders/RolesAndPermissionsSeeder->run()
#25 C:/Users/91812/Herd/MishoraCRM/vendor/laravel/framework/src/Illuminate/Container/Util.php(43): Illuminate/Container/BoundMethod::Illuminate/Container/{closure}()
#26 C:/Users/91812/Herd/MishoraCRM/vendor/laravel/framework/src/Illuminate/Container/BoundMethod.php(95): Illuminate/Container/Util::unwrapIfClosure(Object(Closure))
#27 C:/Users/91812/Herd/MishoraCRM/vendor/laravel/framework/src/Illuminate/Container/BoundMethod.php(35): Illuminate/Container/BoundMethod::callBoundMethod(Object(Illuminate/Foundation/Application), Array, Object(Closure))
#28 C:/Users/91812/Herd/MishoraCRM/vendor/laravel/framework/src/Illuminate/Container/Container.php(696): Illuminate/Container/BoundMethod::call(Object(Illuminate/Foundation/Application), Array, Array, NULL)
#29 C:/Users/91812/Herd/MishoraCRM/vendor/laravel/framework/src/Illuminate/Database/Seeder.php(188): Illuminate/Container/Container->call(Array, Array)
#30 C:/Users/91812/Herd/MishoraCRM/vendor/laravel/framework/src/Illuminate/Database/Seeder.php(197): Illuminate/Database/Seeder->Illuminate/Database/{closure}()
#31 C:/Users/91812/Herd/MishoraCRM/vendor/laravel/framework/src/Illuminate/Database/Seeder.php(61): Illuminate/Database/Seeder->__invoke(Array)
#32 C:/Users/91812/Herd/MishoraCRM/database/seeders/DatabaseSeeder.php(19): Illuminate/Database/Seeder->call('Database//Seeder...')
#33 C:/Users/91812/Herd/MishoraCRM/vendor/laravel/framework/src/Illuminate/Container/BoundMethod.php(36): Database/Seeders/DatabaseSeeder->run()
#34 C:/Users/91812/Herd/MishoraCRM/vendor/laravel/framework/src/Illuminate/Container/Util.php(43): Illuminate/Container/BoundMethod::Illuminate/Container/{closure}()
#35 C:/Users/91812/Herd/MishoraCRM/vendor/laravel/framework/src/Illuminate/Container/BoundMethod.php(95): Illuminate/Container/Util::unwrapIfClosure(Object(Closure))
#36 C:/Users/91812/Herd/MishoraCRM/vendor/laravel/framework/src/Illuminate/Container/BoundMethod.php(35): Illuminate/Container/BoundMethod::callBoundMethod(Object(Illuminate/Foundation/Application), Array, Object(Closure))
#37 C:/Users/91812/Herd/MishoraCRM/vendor/laravel/framework/src/Illuminate/Container/Container.php(696): Illuminate/Container/BoundMethod::call(Object(Illuminate/Foundation/Application), Array, Array, NULL)
#38 C:/Users/91812/Herd/MishoraCRM/vendor/laravel/framework/src/Illuminate/Database/Seeder.php(188): Illuminate/Container/Container->call(Array, Array)
#39 C:/Users/91812/Herd/MishoraCRM/vendor/laravel/framework/src/Illuminate/Database/Seeder.php(197): Illuminate/Database/Seeder->Illuminate/Database/{closure}()
#40 C:/Users/91812/Herd/MishoraCRM/vendor/laravel/framework/src/Illuminate/Database/Console/Seeds/SeedCommand.php(70): Illuminate/Database/Seeder->__invoke()
#41 C:/Users/91812/Herd/MishoraCRM/vendor/laravel/framework/src/Illuminate/Database/Eloquent/Concerns/GuardsAttributes.php(155): Illuminate/Database/Console/Seeds/SeedCommand->Illuminate/Database/Console/Seeds/{closure}()
#42 C:/Users/91812/Herd/MishoraCRM/vendor/laravel/framework/src/Illuminate/Database/Console/Seeds/SeedCommand.php(69): Illuminate/Database/Eloquent/Model::unguarded(Object(Closure))
#43 C:/Users/91812/Herd/MishoraCRM/vendor/laravel/framework/src/Illuminate/Container/BoundMethod.php(36): Illuminate/Database/Console/Seeds/SeedCommand->handle()
#44 C:/Users/91812/Herd/MishoraCRM/vendor/laravel/framework/src/Illuminate/Container/Util.php(43): Illuminate/Container/BoundMethod::Illuminate/Container/{closure}()
#45 C:/Users/91812/Herd/MishoraCRM/vendor/laravel/framework/src/Illuminate/Container/BoundMethod.php(95): Illuminate/Container/Util::unwrapIfClosure(Object(Closure))
#46 C:/Users/91812/Herd/MishoraCRM/vendor/laravel/framework/src/Illuminate/Container/BoundMethod.php(35): Illuminate/Container/BoundMethod::callBoundMethod(Object(Illuminate/Foundation/Application), Array, Object(Closure))
#47 C:/Users/91812/Herd/MishoraCRM/vendor/laravel/framework/src/Illuminate/Container/Container.php(696): Illuminate/Container/BoundMethod::call(Object(Illuminate/Foundation/Application), Array, Array, NULL)
#48 C:/Users/91812/Herd/MishoraCRM/vendor/laravel/framework/src/Illuminate/Console/Command.php(213): Illuminate/Container/Container->call(Array)
#49 C:/Users/91812/Herd/MishoraCRM/vendor/symfony/console/Command/Command.php(341): Illuminate/Console/Command->execute(Object(Symfony/Component/Console/Input/ArgvInput), Object(Illuminate/Console/OutputStyle))
#50 C:/Users/91812/Herd/MishoraCRM/vendor/laravel/framework/src/Illuminate/Console/Command.php(182): Symfony/Component/Console/Command/Command->run(Object(Symfony/Component/Console/Input/ArgvInput), Object(Illuminate/Console/OutputStyle))
#51 C:/Users/91812/Herd/MishoraCRM/vendor/symfony/console/Application.php(1117): Illuminate/Console/Command->run(Object(Symfony/Component/Console/Input/ArgvInput), Object(Symfony/Component/Console/Output/ConsoleOutput))
#52 C:/Users/91812/Herd/MishoraCRM/vendor/symfony/console/Application.php(356): Symfony/Component/Console/Application->doRunCommand(Object(Illuminate/Database/Console/Seeds/SeedCommand), Object(Symfony/Component/Console/Input/ArgvInput), Object(Symfony/Component/Console/Output/ConsoleOutput))
#53 C:/Users/91812/Herd/MishoraCRM/vendor/symfony/console/Application.php(195): Symfony/Component/Console/Application->doRun(Object(Symfony/Component/Console/Input/ArgvInput), Object(Symfony/Component/Console/Output/ConsoleOutput))
#54 C:/Users/91812/Herd/MishoraCRM/vendor/laravel/framework/src/Illuminate/Foundation/Console/Kernel.php(198): Symfony/Component/Console/Application->run(Object(Symfony/Component/Console/Input/ArgvInput), Object(Symfony/Component/Console/Output/ConsoleOutput))
#55 C:/Users/91812/Herd/MishoraCRM/vendor/laravel/framework/src/Illuminate/Foundation/Application.php(1235): Illuminate/Foundation/Console/Kernel->handle(Object(Symfony/Component/Console/Input/ArgvInput), Object(Symfony/Component/Console/Output/ConsoleOutput))
#56 C:/Users/91812/Herd/MishoraCRM/artisan(13): Illuminate/Foundation/Application->handleCommand(Object(Symfony/Component/Console/Input/ArgvInput))
#57 {main}
"} 
[2026-09-25 23:09:48] local.ERROR: could not find driver (Connection: pgsql, SQL: select count(*) as aggregate from "telescope_entries" where "type" = exception and "family_hash" = 4e95c22c2b7921611a4afcab827b65af) {"exception":"[object] (Illuminate\\Database\\QueryException(code: 0): could not find driver (Connection: pgsql, SQL: select count(*) as aggregate from \"telescope_entries\" where \"type\" = exception and \"family_hash\" = 4e95c22c2b7921611a4afcab827b65af) at C:/Users/91812/Herd/MishoraCRM/vendor/laravel/framework/src/Illuminate/Database/Connection.php:825)
[stacktrace]
#0 C:/Users/91812/Herd/MishoraCRM/vendor/laravel/framework/src/Illuminate/Database/Connection.php(779): Illuminate/Database/Connection->runQueryCallback('select count(*)...', Array, Object(Closure))
#1 C:/Users/91812/Herd/MishoraCRM/vendor/laravel/framework/src/Illuminate/Database/Connection.php(398): Illuminate/Database/Connection->run('select count(*)...', Array, Object(Closure))
#2 C:/Users/91812/Herd/MishoraCRM/vendor/laravel/framework/src/Illuminate/Database/Query/Builder.php(3106): Illuminate/Database/Connection->select('select count(*)...', Array, true)
#3 C:/Users/91812/Herd/MishoraCRM/vendor/laravel/framework/src/Illuminate/Database/Query/Builder.php(3091): Illuminate/Database/Query/Builder->runSelect()
#4 C:/Users/91812/Herd/MishoraCRM/vendor/laravel/framework/src/Illuminate/Database/Query/Builder.php(3676): Illuminate/Database/Query/Builder->Illuminate/Database/Query/{closure}()
#5 C:/Users/91812/Herd/MishoraCRM/vendor/laravel/framework/src/Illuminate/Database/Query/Builder.php(3090): Illuminate/Database/Query/Builder->onceWithColumns(Array, Object(Closure))
#6 C:/Users/91812/Herd/MishoraCRM/vendor/laravel/framework/src/Illuminate/Database/Query/Builder.php(3603): Illuminate/Database/Query/Builder->get(Array)
#7 C:/Users/91812/Herd/MishoraCRM/vendor/laravel/framework/src/Illuminate/Database/Query/Builder.php(3531): Illuminate/Database/Query/Builder->aggregate('count', Array)
#8 C:/Users/91812/Herd/MishoraCRM/vendor/laravel/telescope/src/Storage/DatabaseEntriesRepository.php(123): Illuminate/Database/Query/Builder->count()
#9 C:/Users/91812/Herd/MishoraCRM/vendor/laravel/telescope/src/Storage/DatabaseEntriesRepository.php(165): Laravel/Telescope/Storage/DatabaseEntriesRepository->countExceptionOccurences(Object(Laravel/Telescope/IncomingExceptionEntry))
#10 [internal function]: Laravel/Telescope/Storage/DatabaseEntriesRepository->Laravel/Telescope/Storage/{closure}(Object(Laravel/Telescope/IncomingExceptionEntry), 1)
#11 C:/Users/91812/Herd/MishoraCRM/vendor/laravel/framework/src/Illuminate/Collections/Arr.php(609): array_map(Object(Closure), Array, Array)
#12 C:/Users/91812/Herd/MishoraCRM/vendor/laravel/framework/src/Illuminate/Collections/Collection.php(799): Illuminate/Support/Arr::map(Array, Object(Closure))
#13 C:/Users/91812/Herd/MishoraCRM/vendor/laravel/telescope/src/Storage/DatabaseEntriesRepository.php(164): Illuminate/Support/Collection->map(Object(Closure))
#14 C:/Users/91812/Herd/MishoraCRM/vendor/laravel/framework/src/Illuminate/Collections/Traits/EnumeratesValues.php(261): Laravel/Telescope/Storage/DatabaseEntriesRepository->Laravel/Telescope/Storage/{closure}(Object(Illuminate/Support/Collection), 0)
#15 C:/Users/91812/Herd/MishoraCRM/vendor/laravel/telescope/src/Storage/DatabaseEntriesRepository.php(163): Illuminate/Support/Collection->each(Object(Closure))
#16 C:/Users/91812/Herd/MishoraCRM/vendor/laravel/telescope/src/Storage/DatabaseEntriesRepository.php(140): Laravel/Telescope/Storage/DatabaseEntriesRepository->storeExceptions(Object(Illuminate/Support/Collection))
#17 C:/Users/91812/Herd/MishoraCRM/vendor/laravel/telescope/src/Telescope.php(664): Laravel/Telescope/Storage/DatabaseEntriesRepository->store(Object(Illuminate/Support/Collection))
#18 [internal function]: Laravel/Telescope/Telescope::Laravel/Telescope/{closure}()
#19 C:/Users/91812/Herd/MishoraCRM/vendor/laravel/telescope/src/Telescope.php(289): call_user_func(Object(Closure))
#20 C:/Users/91812/Herd/MishoraCRM/vendor/laravel/telescope/src/Telescope.php(656): Laravel/Telescope/Telescope::withoutRecording(Object(Closure))
#21 C:/Users/91812/Herd/MishoraCRM/vendor/laravel/telescope/src/ListensForStorageOpportunities.php(65): Laravel/Telescope/Telescope::store(Object(Laravel/Telescope/Storage/DatabaseEntriesRepository))
#22 C:/Users/91812/Herd/MishoraCRM/vendor/laravel/framework/src/Illuminate/Container/BoundMethod.php(36): Laravel/Telescope/Telescope::Laravel/Telescope/{closure}()
#23 C:/Users/91812/Herd/MishoraCRM/vendor/laravel/framework/src/Illuminate/Container/Util.php(43): Illuminate/Container/BoundMethod::Illuminate/Container/{closure}()
#24 C:/Users/91812/Herd/MishoraCRM/vendor/laravel/framework/src/Illuminate/Container/BoundMethod.php(83): Illuminate/Container/Util::unwrapIfClosure(Object(Closure))
#25 C:/Users/91812/Herd/MishoraCRM/vendor/laravel/framework/src/Illuminate/Container/BoundMethod.php(35): Illuminate/Container/BoundMethod::callBoundMethod(Object(Illuminate/Foundation/Application), Object(Closure), Object(Closure))
#26 C:/Users/91812/Herd/MishoraCRM/vendor/laravel/framework/src/Illuminate/Container/Container.php(696): Illuminate/Container/BoundMethod::call(Object(Illuminate/Foundation/Application), Object(Closure), Array, NULL)
#27 C:/Users/91812/Herd/MishoraCRM/vendor/laravel/framework/src/Illuminate/Foundation/Application.php(1452): Illuminate/Container/Container->call(Object(Closure))
#28 C:/Users/91812/Herd/MishoraCRM/vendor/laravel/framework/src/Illuminate/Foundation/Console/Kernel.php(219): Illuminate/Foundation/Application->terminate()
#29 C:/Users/91812/Herd/MishoraCRM/vendor/laravel/framework/src/Illuminate/Foundation/Application.php(1240): Illuminate/Foundation/Console/Kernel->terminate(Object(Symfony/Component/Console/Input/ArgvInput), 1)
#30 C:/Users/91812/Herd/MishoraCRM/artisan(13): Illuminate/Foundation/Application->handleCommand(Object(Symfony/Component/Console/Input/ArgvInput))
#31 {main}

[previous exception] [object] (PDOException(code: 0): could not find driver at C:/Users/91812/Herd/MishoraCRM/vendor/laravel/framework/src/Illuminate/Database/Connectors/Connector.php:66)
[stacktrace]
#0 C:/Users/91812/Herd/MishoraCRM/vendor/laravel/framework/src/Illuminate/Database/Connectors/Connector.php(66): PDO->__construct('pgsql:host=aws-...', 'postgres.bkqbvw...', Object(SensitiveParameterValue), Array)
#1 C:/Users/91812/Herd/MishoraCRM/vendor/laravel/framework/src/Illuminate/Database/Connectors/Connector.php(44): Illuminate/Database/Connectors/Connector->createPdoConnection('pgsql:host=aws-...', 'postgres.bkqbvw...', Object(SensitiveParameterValue), Array)
#2 C:/Users/91812/Herd/MishoraCRM/vendor/laravel/framework/src/Illuminate/Database/Connectors/PostgresConnector.php(35): Illuminate/Database/Connectors/Connector->createConnection('pgsql:host=aws-...', Array, Array)
#3 C:/Users/91812/Herd/MishoraCRM/vendor/laravel/framework/src/Illuminate/Database/Connectors/ConnectionFactory.php(185): Illuminate/Database/Connectors/PostgresConnector->connect(Array)
#4 [internal function]: Illuminate/Database/Connectors/ConnectionFactory->Illuminate/Database/Connectors/{closure}()
#5 C:/Users/91812/Herd/MishoraCRM/vendor/laravel/framework/src/Illuminate/Database/Connection.php(1231): call_user_func(Object(Closure))
#6 C:/Users/91812/Herd/MishoraCRM/vendor/laravel/framework/src/Illuminate/Database/Connection.php(1267): Illuminate/Database/Connection->getPdo()
#7 C:/Users/91812/Herd/MishoraCRM/vendor/laravel/framework/src/Illuminate/Database/Connection.php(512): Illuminate/Database/Connection->getReadPdo()
#8 C:/Users/91812/Herd/MishoraCRM/vendor/laravel/framework/src/Illuminate/Database/Connection.php(407): Illuminate/Database/Connection->getPdoForSelect(true)
#9 C:/Users/91812/Herd/MishoraCRM/vendor/laravel/framework/src/Illuminate/Database/Connection.php(812): Illuminate/Database/Connection->Illuminate/Database/{closure}('select count(*)...', Array)
#10 C:/Users/91812/Herd/MishoraCRM/vendor/laravel/framework/src/Illuminate/Database/Connection.php(779): Illuminate/Database/Connection->runQueryCallback('select count(*)...', Array, Object(Closure))
#11 C:/Users/91812/Herd/MishoraCRM/vendor/laravel/framework/src/Illuminate/Database/Connection.php(398): Illuminate/Database/Connection->run('select count(*)...', Array, Object(Closure))
#12 C:/Users/91812/Herd/MishoraCRM/vendor/laravel/framework/src/Illuminate/Database/Query/Builder.php(3106): Illuminate/Database/Connection->select('select count(*)...', Array, true)
#13 C:/Users/91812/Herd/MishoraCRM/vendor/laravel/framework/src/Illuminate/Database/Query/Builder.php(3091): Illuminate/Database/Query/Builder->runSelect()
#14 C:/Users/91812/Herd/MishoraCRM/vendor/laravel/framework/src/Illuminate/Database/Query/Builder.php(3676): Illuminate/Database/Query/Builder->Illuminate/Database/Query/{closure}()
#15 C:/Users/91812/Herd/MishoraCRM/vendor/laravel/framework/src/Illuminate/Database/Query/Builder.php(3090): Illuminate/Database/Query/Builder->onceWithColumns(Array, Object(Closure))
#16 C:/Users/91812/Herd/MishoraCRM/vendor/laravel/framework/src/Illuminate/Database/Query/Builder.php(3603): Illuminate/Database/Query/Builder->get(Array)
#17 C:/Users/91812/Herd/MishoraCRM/vendor/laravel/framework/src/Illuminate/Database/Query/Builder.php(3531): Illuminate/Database/Query/Builder->aggregate('count', Array)
#18 C:/Users/91812/Herd/MishoraCRM/vendor/laravel/telescope/src/Storage/DatabaseEntriesRepository.php(123): Illuminate/Database/Query/Builder->count()
#19 C:/Users/91812/Herd/MishoraCRM/vendor/laravel/telescope/src/Storage/DatabaseEntriesRepository.php(165): Laravel/Telescope/Storage/DatabaseEntriesRepository->countExceptionOccurences(Object(Laravel/Telescope/IncomingExceptionEntry))
#20 [internal function]: Laravel/Telescope/Storage/DatabaseEntriesRepository->Laravel/Telescope/Storage/{closure}(Object(Laravel/Telescope/IncomingExceptionEntry), 1)
#21 C:/Users/91812/Herd/MishoraCRM/vendor/laravel/framework/src/Illuminate/Collections/Arr.php(609): array_map(Object(Closure), Array, Array)
#22 C:/Users/91812/Herd/MishoraCRM/vendor/laravel/framework/src/Illuminate/Collections/Collection.php(799): Illuminate/Support/Arr::map(Array, Object(Closure))
#23 C:/Users/91812/Herd/MishoraCRM/vendor/laravel/telescope/src/Storage/DatabaseEntriesRepository.php(164): Illuminate/Support/Collection->map(Object(Closure))
#24 C:/Users/91812/Herd/MishoraCRM/vendor/laravel/framework/src/Illuminate/Collections/Traits/EnumeratesValues.php(261): Laravel/Telescope/Storage/DatabaseEntriesRepository->Laravel/Telescope/Storage/{closure}(Object(Illuminate/Support/Collection), 0)
#25 C:/Users/91812/Herd/MishoraCRM/vendor/laravel/telescope/src/Storage/DatabaseEntriesRepository.php(163): Illuminate/Support/Collection->each(Object(Closure))
#26 C:/Users/91812/Herd/MishoraCRM/vendor/laravel/telescope/src/Storage/DatabaseEntriesRepository.php(140): Laravel/Telescope/Storage/DatabaseEntriesRepository->storeExceptions(Object(Illuminate/Support/Collection))
#27 C:/Users/91812/Herd/MishoraCRM/vendor/laravel/telescope/src/Telescope.php(664): Laravel/Telescope/Storage/DatabaseEntriesRepository->store(Object(Illuminate/Support/Collection))
#28 [internal function]: Laravel/Telescope/Telescope::Laravel/Telescope/{closure}()
#29 C:/Users/91812/Herd/MishoraCRM/vendor/laravel/telescope/src/Telescope.php(289): call_user_func(Object(Closure))
#30 C:/Users/91812/Herd/MishoraCRM/vendor/laravel/telescope/src/Telescope.php(656): Laravel/Telescope/Telescope::withoutRecording(Object(Closure))
#31 C:/Users/91812/Herd/MishoraCRM/vendor/laravel/telescope/src/ListensForStorageOpportunities.php(65): Laravel/Telescope/Telescope::store(Object(Laravel/Telescope/Storage/DatabaseEntriesRepository))
#32 C:/Users/91812/Herd/MishoraCRM/vendor/laravel/framework/src/Illuminate/Container/BoundMethod.php(36): Laravel/Telescope/Telescope::Laravel/Telescope/{closure}()
#33 C:/Users/91812/Herd/MishoraCRM/vendor/laravel/framework/src/Illuminate/Container/Util.php(43): Illuminate/Container/BoundMethod::Illuminate/Container/{closure}()
#34 C:/Users/91812/Herd/MishoraCRM/vendor/laravel/framework/src/Illuminate/Container/BoundMethod.php(83): Illuminate/Container/Util::unwrapIfClosure(Object(Closure))
#35 C:/Users/91812/Herd/MishoraCRM/vendor/laravel/framework/src/Illuminate/Container/BoundMethod.php(35): Illuminate/Container/BoundMethod::callBoundMethod(Object(Illuminate/Foundation/Application), Object(Closure), Object(Closure))
#36 C:/Users/91812/Herd/MishoraCRM/vendor/laravel/framework/src/Illuminate/Container/Container.php(696): Illuminate/Container/BoundMethod::call(Object(Illuminate/Foundation/Application), Object(Closure), Array, NULL)
#37 C:/Users/91812/Herd/MishoraCRM/vendor/laravel/framework/src/Illuminate/Foundation/Application.php(1452): Illuminate/Container/Container->call(Object(Closure))
#38 C:/Users/91812/Herd/MishoraCRM/vendor/laravel/framework/src/Illuminate/Foundation/Console/Kernel.php(219): Illuminate/Foundation/Application->terminate()
#39 C:/Users/91812/Herd/MishoraCRM/vendor/laravel/framework/src/Illuminate/Foundation/Application.php(1240): Illuminate/Foundation/Console/Kernel->terminate(Object(Symfony/Component/Console/Input/ArgvInput), 1)
#40 C:/Users/91812/Herd/MishoraCRM/artisan(13): Illuminate/Foundation/Application->handleCommand(Object(Symfony/Component/Console/Input/ArgvInput))
#41 {main}
"} 
[2026-09-25 23:10:38] local.ERROR: could not find driver (Connection: pgsql, SQL: select * from "permissions" where ("name" = leads.view_own and "guard_name" = web) limit 1) {"exception":"[object] (Illuminate\\Database\\QueryException(code: 0): could not find driver (Connection: pgsql, SQL: select * from \"permissions\" where (\"name\" = leads.view_own and \"guard_name\" = web) limit 1) at C:/Users/91812/Herd/MishoraCRM/vendor/laravel/framework/src/Illuminate/Database/Connection.php:825)
[stacktrace]
#0 C:/Users/91812/Herd/MishoraCRM/vendor/laravel/framework/src/Illuminate/Database/Connection.php(779): Illuminate/Database/Connection->runQueryCallback('select * from \"...', Array, Object(Closure))
#1 C:/Users/91812/Herd/MishoraCRM/vendor/laravel/framework/src/Illuminate/Database/Connection.php(398): Illuminate/Database/Connection->run('select * from \"...', Array, Object(Closure))
#2 C:/Users/91812/Herd/MishoraCRM/vendor/laravel/framework/src/Illuminate/Database/Query/Builder.php(3106): Illuminate/Database/Connection->select('select * from \"...', Array, true)
#3 C:/Users/91812/Herd/MishoraCRM/vendor/laravel/framework/src/Illuminate/Database/Query/Builder.php(3091): Illuminate/Database/Query/Builder->runSelect()
#4 C:/Users/91812/Herd/MishoraCRM/vendor/laravel/framework/src/Illuminate/Database/Query/Builder.php(3676): Illuminate/Database/Query/Builder->Illuminate/Database/Query/{closure}()
#5 C:/Users/91812/Herd/MishoraCRM/vendor/laravel/framework/src/Illuminate/Database/Query/Builder.php(3090): Illuminate/Database/Query/Builder->onceWithColumns(Array, Object(Closure))
#6 C:/Users/91812/Herd/MishoraCRM/vendor/laravel/framework/src/Illuminate/Database/Eloquent/Builder.php(811): Illuminate/Database/Query/Builder->get(Array)
#7 C:/Users/91812/Herd/MishoraCRM/vendor/laravel/framework/src/Illuminate/Database/Eloquent/Builder.php(793): Illuminate/Database/Eloquent/Builder->getModels(Array)
#8 C:/Users/91812/Herd/MishoraCRM/vendor/laravel/framework/src/Illuminate/Database/Concerns/BuildsQueries.php(343): Illuminate/Database/Eloquent/Builder->get(Array)
#9 C:/Users/91812/Herd/MishoraCRM/vendor/laravel/framework/src/Illuminate/Database/Eloquent/Builder.php(617): Illuminate/Database/Eloquent/Builder->first()
#10 C:/Users/91812/Herd/MishoraCRM/vendor/laravel/framework/src/Illuminate/Support/Traits/ForwardsCalls.php(23): Illuminate/Database/Eloquent/Builder->firstOrCreate(Array)
#11 C:/Users/91812/Herd/MishoraCRM/vendor/laravel/framework/src/Illuminate/Database/Eloquent/Model.php(2372): Illuminate/Database/Eloquent/Model->forwardCallTo(Object(Illuminate/Database/Eloquent/Builder), 'firstOrCreate', Array)
#12 C:/Users/91812/Herd/MishoraCRM/vendor/laravel/framework/src/Illuminate/Database/Eloquent/Model.php(2384): Illuminate/Database/Eloquent/Model->__call('firstOrCreate', Array)
#13 C:/Users/91812/Herd/MishoraCRM/database/seeders/RolesAndPermissionsSeeder.php(214): Illuminate/Database/Eloquent/Model::__callStatic('firstOrCreate', Array)
#14 C:/Users/91812/Herd/MishoraCRM/vendor/laravel/framework/src/Illuminate/Container/BoundMethod.php(36): Database/Seeders/RolesAndPermissionsSeeder->run()
#15 C:/Users/91812/Herd/MishoraCRM/vendor/laravel/framework/src/Illuminate/Container/Util.php(43): Illuminate/Container/BoundMethod::Illuminate/Container/{closure}()
#16 C:/Users/91812/Herd/MishoraCRM/vendor/laravel/framework/src/Illuminate/Container/BoundMethod.php(95): Illuminate/Container/Util::unwrapIfClosure(Object(Closure))
#17 C:/Users/91812/Herd/MishoraCRM/vendor/laravel/framework/src/Illuminate/Container/BoundMethod.php(35): Illuminate/Container/BoundMethod::callBoundMethod(Object(Illuminate/Foundation/Application), Array, Object(Closure))
#18 C:/Users/91812/Herd/MishoraCRM/vendor/laravel/framework/src/Illuminate/Container/Container.php(696): Illuminate/Container/BoundMethod::call(Object(Illuminate/Foundation/Application), Array, Array, NULL)
#19 C:/Users/91812/Herd/MishoraCRM/vendor/laravel/framework/src/Illuminate/Database/Seeder.php(188): Illuminate/Container/Container->call(Array, Array)
#20 C:/Users/91812/Herd/MishoraCRM/vendor/laravel/framework/src/Illuminate/Database/Seeder.php(197): Illuminate/Database/Seeder->Illuminate/Database/{closure}()
#21 C:/Users/91812/Herd/MishoraCRM/vendor/laravel/framework/src/Illuminate/Database/Seeder.php(61): Illuminate/Database/Seeder->__invoke(Array)
#22 C:/Users/91812/Herd/MishoraCRM/database/seeders/DatabaseSeeder.php(19): Illuminate/Database/Seeder->call('Database//Seeder...')
#23 C:/Users/91812/Herd/MishoraCRM/vendor/laravel/framework/src/Illuminate/Container/BoundMethod.php(36): Database/Seeders/DatabaseSeeder->run()
#24 C:/Users/91812/Herd/MishoraCRM/vendor/laravel/framework/src/Illuminate/Container/Util.php(43): Illuminate/Container/BoundMethod::Illuminate/Container/{closure}()
#25 C:/Users/91812/Herd/MishoraCRM/vendor/laravel/framework/src/Illuminate/Container/BoundMethod.php(95): Illuminate/Container/Util::unwrapIfClosure(Object(Closure))
#26 C:/Users/91812/Herd/MishoraCRM/vendor/laravel/framework/src/Illuminate/Container/BoundMethod.php(35): Illuminate/Container/BoundMethod::callBoundMethod(Object(Illuminate/Foundation/Application), Array, Object(Closure))
#27 C:/Users/91812/Herd/MishoraCRM/vendor/laravel/framework/src/Illuminate/Container/Container.php(696): Illuminate/Container/BoundMethod::call(Object(Illuminate/Foundation/Application), Array, Array, NULL)
#28 C:/Users/91812/Herd/MishoraCRM/vendor/laravel/framework/src/Illuminate/Database/Seeder.php(188): Illuminate/Container/Container->call(Array, Array)
#29 C:/Users/91812/Herd/MishoraCRM/vendor/laravel/framework/src/Illuminate/Database/Seeder.php(197): Illuminate/Database/Seeder->Illuminate/Database/{closure}()
#30 C:/Users/91812/Herd/MishoraCRM/vendor/laravel/framework/src/Illuminate/Database/Console/Seeds/SeedCommand.php(70): Illuminate/Database/Seeder->__invoke()
#31 C:/Users/91812/Herd/MishoraCRM/vendor/laravel/framework/src/Illuminate/Database/Eloquent/Concerns/GuardsAttributes.php(155): Illuminate/Database/Console/Seeds/SeedCommand->Illuminate/Database/Console/Seeds/{closure}()
#32 C:/Users/91812/Herd/MishoraCRM/vendor/laravel/framework/src/Illuminate/Database/Console/Seeds/SeedCommand.php(69): Illuminate/Database/Eloquent/Model::unguarded(Object(Closure))
#33 C:/Users/91812/Herd/MishoraCRM/vendor/laravel/framework/src/Illuminate/Container/BoundMethod.php(36): Illuminate/Database/Console/Seeds/SeedCommand->handle()
#34 C:/Users/91812/Herd/MishoraCRM/vendor/laravel/framework/src/Illuminate/Container/Util.php(43): Illuminate/Container/BoundMethod::Illuminate/Container/{closure}()
#35 C:/Users/91812/Herd/MishoraCRM/vendor/laravel/framework/src/Illuminate/Container/BoundMethod.php(95): Illuminate/Container/Util::unwrapIfClosure(Object(Closure))
#36 C:/Users/91812/Herd/MishoraCRM/vendor/laravel/framework/src/Illuminate/Container/BoundMethod.php(35): Illuminate/Container/BoundMethod::callBoundMethod(Object(Illuminate/Foundation/Application), Array, Object(Closure))
#37 C:/Users/91812/Herd/MishoraCRM/vendor/laravel/framework/src/Illuminate/Container/Container.php(696): Illuminate/Container/BoundMethod::call(Object(Illuminate/Foundation/Application), Array, Array, NULL)
#38 C:/Users/91812/Herd/MishoraCRM/vendor/laravel/framework/src/Illuminate/Console/Command.php(213): Illuminate/Container/Container->call(Array)
#39 C:/Users/91812/Herd/MishoraCRM/vendor/symfony/console/Command/Command.php(341): Illuminate/Console/Command->execute(Object(Symfony/Component/Console/Input/ArgvInput), Object(Illuminate/Console/OutputStyle))
#40 C:/Users/91812/Herd/MishoraCRM/vendor/laravel/framework/src/Illuminate/Console/Command.php(182): Symfony/Component/Console/Command/Command->run(Object(Symfony/Component/Console/Input/ArgvInput), Object(Illuminate/Console/OutputStyle))
#41 C:/Users/91812/Herd/MishoraCRM/vendor/symfony/console/Application.php(1117): Illuminate/Console/Command->run(Object(Symfony/Component/Console/Input/ArgvInput), Object(Symfony/Component/Console/Output/ConsoleOutput))
#42 C:/Users/91812/Herd/MishoraCRM/vendor/symfony/console/Application.php(356): Symfony/Component/Console/Application->doRunCommand(Object(Illuminate/Database/Console/Seeds/SeedCommand), Object(Symfony/Component/Console/Input/ArgvInput), Object(Symfony/Component/Console/Output/ConsoleOutput))
#43 C:/Users/91812/Herd/MishoraCRM/vendor/symfony/console/Application.php(195): Symfony/Component/Console/Application->doRun(Object(Symfony/Component/Console/Input/ArgvInput), Object(Symfony/Component/Console/Output/ConsoleOutput))
#44 C:/Users/91812/Herd/MishoraCRM/vendor/laravel/framework/src/Illuminate/Foundation/Console/Kernel.php(198): Symfony/Component/Console/Application->run(Object(Symfony/Component/Console/Input/ArgvInput), Object(Symfony/Component/Console/Output/ConsoleOutput))
#45 C:/Users/91812/Herd/MishoraCRM/vendor/laravel/framework/src/Illuminate/Foundation/Application.php(1235): Illuminate/Foundation/Console/Kernel->handle(Object(Symfony/Component/Console/Input/ArgvInput), Object(Symfony/Component/Console/Output/ConsoleOutput))
#46 C:/Users/91812/Herd/MishoraCRM/artisan(13): Illuminate/Foundation/Application->handleCommand(Object(Symfony/Component/Console/Input/ArgvInput))
#47 {main}

[previous exception] [object] (PDOException(code: 0): could not find driver at C:/Users/91812/Herd/MishoraCRM/vendor/laravel/framework/src/Illuminate/Database/Connectors/Connector.php:66)
[stacktrace]
#0 C:/Users/91812/Herd/MishoraCRM/vendor/laravel/framework/src/Illuminate/Database/Connectors/Connector.php(66): PDO->__construct('pgsql:host=aws-...', 'db.bkqbvwjsfafy...', Object(SensitiveParameterValue), Array)
#1 C:/Users/91812/Herd/MishoraCRM/vendor/laravel/framework/src/Illuminate/Database/Connectors/Connector.php(44): Illuminate/Database/Connectors/Connector->createPdoConnection('pgsql:host=aws-...', 'db.bkqbvwjsfafy...', Object(SensitiveParameterValue), Array)
#2 C:/Users/91812/Herd/MishoraCRM/vendor/laravel/framework/src/Illuminate/Database/Connectors/PostgresConnector.php(35): Illuminate/Database/Connectors/Connector->createConnection('pgsql:host=aws-...', Array, Array)
#3 C:/Users/91812/Herd/MishoraCRM/vendor/laravel/framework/src/Illuminate/Database/Connectors/ConnectionFactory.php(185): Illuminate/Database/Connectors/PostgresConnector->connect(Array)
#4 [internal function]: Illuminate/Database/Connectors/ConnectionFactory->Illuminate/Database/Connectors/{closure}()
#5 C:/Users/91812/Herd/MishoraCRM/vendor/laravel/framework/src/Illuminate/Database/Connection.php(1231): call_user_func(Object(Closure))
#6 C:/Users/91812/Herd/MishoraCRM/vendor/laravel/framework/src/Illuminate/Database/Connection.php(1267): Illuminate/Database/Connection->getPdo()
#7 C:/Users/91812/Herd/MishoraCRM/vendor/laravel/framework/src/Illuminate/Database/Connection.php(512): Illuminate/Database/Connection->getReadPdo()
#8 C:/Users/91812/Herd/MishoraCRM/vendor/laravel/framework/src/Illuminate/Database/Connection.php(407): Illuminate/Database/Connection->getPdoForSelect(true)
#9 C:/Users/91812/Herd/MishoraCRM/vendor/laravel/framework/src/Illuminate/Database/Connection.php(812): Illuminate/Database/Connection->Illuminate/Database/{closure}('select * from \"...', Array)
#10 C:/Users/91812/Herd/MishoraCRM/vendor/laravel/framework/src/Illuminate/Database/Connection.php(779): Illuminate/Database/Connection->runQueryCallback('select * from \"...', Array, Object(Closure))
#11 C:/Users/91812/Herd/MishoraCRM/vendor/laravel/framework/src/Illuminate/Database/Connection.php(398): Illuminate/Database/Connection->run('select * from \"...', Array, Object(Closure))
#12 C:/Users/91812/Herd/MishoraCRM/vendor/laravel/framework/src/Illuminate/Database/Query/Builder.php(3106): Illuminate/Database/Connection->select('select * from \"...', Array, true)
#13 C:/Users/91812/Herd/MishoraCRM/vendor/laravel/framework/src/Illuminate/Database/Query/Builder.php(3091): Illuminate/Database/Query/Builder->runSelect()
#14 C:/Users/91812/Herd/MishoraCRM/vendor/laravel/framework/src/Illuminate/Database/Query/Builder.php(3676): Illuminate/Database/Query/Builder->Illuminate/Database/Query/{closure}()
#15 C:/Users/91812/Herd/MishoraCRM/vendor/laravel/framework/src/Illuminate/Database/Query/Builder.php(3090): Illuminate/Database/Query/Builder->onceWithColumns(Array, Object(Closure))
#16 C:/Users/91812/Herd/MishoraCRM/vendor/laravel/framework/src/Illuminate/Database/Eloquent/Builder.php(811): Illuminate/Database/Query/Builder->get(Array)
#17 C:/Users/91812/Herd/MishoraCRM/vendor/laravel/framework/src/Illuminate/Database/Eloquent/Builder.php(793): Illuminate/Database/Eloquent/Builder->getModels(Array)
#18 C:/Users/91812/Herd/MishoraCRM/vendor/laravel/framework/src/Illuminate/Database/Concerns/BuildsQueries.php(343): Illuminate/Database/Eloquent/Builder->get(Array)
#19 C:/Users/91812/Herd/MishoraCRM/vendor/laravel/framework/src/Illuminate/Database/Eloquent/Builder.php(617): Illuminate/Database/Eloquent/Builder->first()
#20 C:/Users/91812/Herd/MishoraCRM/vendor/laravel/framework/src/Illuminate/Support/Traits/ForwardsCalls.php(23): Illuminate/Database/Eloquent/Builder->firstOrCreate(Array)
#21 C:/Users/91812/Herd/MishoraCRM/vendor/laravel/framework/src/Illuminate/Database/Eloquent/Model.php(2372): Illuminate/Database/Eloquent/Model->forwardCallTo(Object(Illuminate/Database/Eloquent/Builder), 'firstOrCreate', Array)
#22 C:/Users/91812/Herd/MishoraCRM/vendor/laravel/framework/src/Illuminate/Database/Eloquent/Model.php(2384): Illuminate/Database/Eloquent/Model->__call('firstOrCreate', Array)
#23 C:/Users/91812/Herd/MishoraCRM/database/seeders/RolesAndPermissionsSeeder.php(214): Illuminate/Database/Eloquent/Model::__callStatic('firstOrCreate', Array)
#24 C:/Users/91812/Herd/MishoraCRM/vendor/laravel/framework/src/Illuminate/Container/BoundMethod.php(36): Database/Seeders/RolesAndPermissionsSeeder->run()
#25 C:/Users/91812/Herd/MishoraCRM/vendor/laravel/framework/src/Illuminate/Container/Util.php(43): Illuminate/Container/BoundMethod::Illuminate/Container/{closure}()
#26 C:/Users/91812/Herd/MishoraCRM/vendor/laravel/framework/src/Illuminate/Container/BoundMethod.php(95): Illuminate/Container/Util::unwrapIfClosure(Object(Closure))
#27 C:/Users/91812/Herd/MishoraCRM/vendor/laravel/framework/src/Illuminate/Container/BoundMethod.php(35): Illuminate/Container/BoundMethod::callBoundMethod(Object(Illuminate/Foundation/Application), Array, Object(Closure))
#28 C:/Users/91812/Herd/MishoraCRM/vendor/laravel/framework/src/Illuminate/Container/Container.php(696): Illuminate/Container/BoundMethod::call(Object(Illuminate/Foundation/Application), Array, Array, NULL)
#29 C:/Users/91812/Herd/MishoraCRM/vendor/laravel/framework/src/Illuminate/Database/Seeder.php(188): Illuminate/Container/Container->call(Array, Array)
#30 C:/Users/91812/Herd/MishoraCRM/vendor/laravel/framework/src/Illuminate/Database/Seeder.php(197): Illuminate/Database/Seeder->Illuminate/Database/{closure}()
#31 C:/Users/91812/Herd/MishoraCRM/vendor/laravel/framework/src/Illuminate/Database/Seeder.php(61): Illuminate/Database/Seeder->__invoke(Array)
#32 C:/Users/91812/Herd/MishoraCRM/database/seeders/DatabaseSeeder.php(19): Illuminate/Database/Seeder->call('Database//Seeder...')
#33 C:/Users/91812/Herd/MishoraCRM/vendor/laravel/framework/src/Illuminate/Container/BoundMethod.php(36): Database/Seeders/DatabaseSeeder->run()
#34 C:/Users/91812/Herd/MishoraCRM/vendor/laravel/framework/src/Illuminate/Container/Util.php(43): Illuminate/Container/BoundMethod::Illuminate/Container/{closure}()
#35 C:/Users/91812/Herd/MishoraCRM/vendor/laravel/framework/src/Illuminate/Container/BoundMethod.php(95): Illuminate/Container/Util::unwrapIfClosure(Object(Closure))
#36 C:/Users/91812/Herd/MishoraCRM/vendor/laravel/framework/src/Illuminate/Container/BoundMethod.php(35): Illuminate/Container/BoundMethod::callBoundMethod(Object(Illuminate/Foundation/Application), Array, Object(Closure))
#37 C:/Users/91812/Herd/MishoraCRM/vendor/laravel/framework/src/Illuminate/Container/Container.php(696): Illuminate/Container/BoundMethod::call(Object(Illuminate/Foundation/Application), Array, Array, NULL)
#38 C:/Users/91812/Herd/MishoraCRM/vendor/laravel/framework/src/Illuminate/Database/Seeder.php(188): Illuminate/Container/Container->call(Array, Array)
#39 C:/Users/91812/Herd/MishoraCRM/vendor/laravel/framework/src/Illuminate/Database/Seeder.php(197): Illuminate/Database/Seeder->Illuminate/Database/{closure}()
#40 C:/Users/91812/Herd/MishoraCRM/vendor/laravel/framework/src/Illuminate/Database/Console/Seeds/SeedCommand.php(70): Illuminate/Database/Seeder->__invoke()
#41 C:/Users/91812/Herd/MishoraCRM/vendor/laravel/framework/src/Illuminate/Database/Eloquent/Concerns/GuardsAttributes.php(155): Illuminate/Database/Console/Seeds/SeedCommand->Illuminate/Database/Console/Seeds/{closure}()
#42 C:/Users/91812/Herd/MishoraCRM/vendor/laravel/framework/src/Illuminate/Database/Console/Seeds/SeedCommand.php(69): Illuminate/Database/Eloquent/Model::unguarded(Object(Closure))
#43 C:/Users/91812/Herd/MishoraCRM/vendor/laravel/framework/src/Illuminate/Container/BoundMethod.php(36): Illuminate/Database/Console/Seeds/SeedCommand->handle()
#44 C:/Users/91812/Herd/MishoraCRM/vendor/laravel/framework/src/Illuminate/Container/Util.php(43): Illuminate/Container/BoundMethod::Illuminate/Container/{closure}()
#45 C:/Users/91812/Herd/MishoraCRM/vendor/laravel/framework/src/Illuminate/Container/BoundMethod.php(95): Illuminate/Container/Util::unwrapIfClosure(Object(Closure))
#46 C:/Users/91812/Herd/MishoraCRM/vendor/laravel/framework/src/Illuminate/Container/BoundMethod.php(35): Illuminate/Container/BoundMethod::callBoundMethod(Object(Illuminate/Foundation/Application), Array, Object(Closure))
#47 C:/Users/91812/Herd/MishoraCRM/vendor/laravel/framework/src/Illuminate/Container/Container.php(696): Illuminate/Container/BoundMethod::call(Object(Illuminate/Foundation/Application), Array, Array, NULL)
#48 C:/Users/91812/Herd/MishoraCRM/vendor/laravel/framework/src/Illuminate/Console/Command.php(213): Illuminate/Container/Container->call(Array)
#49 C:/Users/91812/Herd/MishoraCRM/vendor/symfony/console/Command/Command.php(341): Illuminate/Console/Command->execute(Object(Symfony/Component/Console/Input/ArgvInput), Object(Illuminate/Console/OutputStyle))
#50 C:/Users/91812/Herd/MishoraCRM/vendor/laravel/framework/src/Illuminate/Console/Command.php(182): Symfony/Component/Console/Command/Command->run(Object(Symfony/Component/Console/Input/ArgvInput), Object(Illuminate/Console/OutputStyle))
#51 C:/Users/91812/Herd/MishoraCRM/vendor/symfony/console/Application.php(1117): Illuminate/Console/Command->run(Object(Symfony/Component/Console/Input/ArgvInput), Object(Symfony/Component/Console/Output/ConsoleOutput))
#52 C:/Users/91812/Herd/MishoraCRM/vendor/symfony/console/Application.php(356): Symfony/Component/Console/Application->doRunCommand(Object(Illuminate/Database/Console/Seeds/SeedCommand), Object(Symfony/Component/Console/Input/ArgvInput), Object(Symfony/Component/Console/Output/ConsoleOutput))
#53 C:/Users/91812/Herd/MishoraCRM/vendor/symfony/console/Application.php(195): Symfony/Component/Console/Application->doRun(Object(Symfony/Component/Console/Input/ArgvInput), Object(Symfony/Component/Console/Output/ConsoleOutput))
#54 C:/Users/91812/Herd/MishoraCRM/vendor/laravel/framework/src/Illuminate/Foundation/Console/Kernel.php(198): Symfony/Component/Console/Application->run(Object(Symfony/Component/Console/Input/ArgvInput), Object(Symfony/Component/Console/Output/ConsoleOutput))
#55 C:/Users/91812/Herd/MishoraCRM/vendor/laravel/framework/src/Illuminate/Foundation/Application.php(1235): Illuminate/Foundation/Console/Kernel->handle(Object(Symfony/Component/Console/Input/ArgvInput), Object(Symfony/Component/Console/Output/ConsoleOutput))
#56 C:/Users/91812/Herd/MishoraCRM/artisan(13): Illuminate/Foundation/Application->handleCommand(Object(Symfony/Component/Console/Input/ArgvInput))
#57 {main}
"} 
[2026-09-25 23:10:38] local.ERROR: could not find driver (Connection: pgsql, SQL: select count(*) as aggregate from "telescope_entries" where "type" = exception and "family_hash" = 4e95c22c2b7921611a4afcab827b65af) {"exception":"[object] (Illuminate\\Database\\QueryException(code: 0): could not find driver (Connection: pgsql, SQL: select count(*) as aggregate from \"telescope_entries\" where \"type\" = exception and \"family_hash\" = 4e95c22c2b7921611a4afcab827b65af) at C:/Users/91812/Herd/MishoraCRM/vendor/laravel/framework/src/Illuminate/Database/Connection.php:825)
[stacktrace]
#0 C:/Users/91812/Herd/MishoraCRM/vendor/laravel/framework/src/Illuminate/Database/Connection.php(779): Illuminate/Database/Connection->runQueryCallback('select count(*)...', Array, Object(Closure))
#1 C:/Users/91812/Herd/MishoraCRM/vendor/laravel/framework/src/Illuminate/Database/Connection.php(398): Illuminate/Database/Connection->run('select count(*)...', Array, Object(Closure))
#2 C:/Users/91812/Herd/MishoraCRM/vendor/laravel/framework/src/Illuminate/Database/Query/Builder.php(3106): Illuminate/Database/Connection->select('select count(*)...', Array, true)
#3 C:/Users/91812/Herd/MishoraCRM/vendor/laravel/framework/src/Illuminate/Database/Query/Builder.php(3091): Illuminate/Database/Query/Builder->runSelect()
#4 C:/Users/91812/Herd/MishoraCRM/vendor/laravel/framework/src/Illuminate/Database/Query/Builder.php(3676): Illuminate/Database/Query/Builder->Illuminate/Database/Query/{closure}()
#5 C:/Users/91812/Herd/MishoraCRM/vendor/laravel/framework/src/Illuminate/Database/Query/Builder.php(3090): Illuminate/Database/Query/Builder->onceWithColumns(Array, Object(Closure))
#6 C:/Users/91812/Herd/MishoraCRM/vendor/laravel/framework/src/Illuminate/Database/Query/Builder.php(3603): Illuminate/Database/Query/Builder->get(Array)
#7 C:/Users/91812/Herd/MishoraCRM/vendor/laravel/framework/src/Illuminate/Database/Query/Builder.php(3531): Illuminate/Database/Query/Builder->aggregate('count', Array)
#8 C:/Users/91812/Herd/MishoraCRM/vendor/laravel/telescope/src/Storage/DatabaseEntriesRepository.php(123): Illuminate/Database/Query/Builder->count()
#9 C:/Users/91812/Herd/MishoraCRM/vendor/laravel/telescope/src/Storage/DatabaseEntriesRepository.php(165): Laravel/Telescope/Storage/DatabaseEntriesRepository->countExceptionOccurences(Object(Laravel/Telescope/IncomingExceptionEntry))
#10 [internal function]: Laravel/Telescope/Storage/DatabaseEntriesRepository->Laravel/Telescope/Storage/{closure}(Object(Laravel/Telescope/IncomingExceptionEntry), 1)
#11 C:/Users/91812/Herd/MishoraCRM/vendor/laravel/framework/src/Illuminate/Collections/Arr.php(609): array_map(Object(Closure), Array, Array)
#12 C:/Users/91812/Herd/MishoraCRM/vendor/laravel/framework/src/Illuminate/Collections/Collection.php(799): Illuminate/Support/Arr::map(Array, Object(Closure))
#13 C:/Users/91812/Herd/MishoraCRM/vendor/laravel/telescope/src/Storage/DatabaseEntriesRepository.php(164): Illuminate/Support/Collection->map(Object(Closure))
#14 C:/Users/91812/Herd/MishoraCRM/vendor/laravel/framework/src/Illuminate/Collections/Traits/EnumeratesValues.php(261): Laravel/Telescope/Storage/DatabaseEntriesRepository->Laravel/Telescope/Storage/{closure}(Object(Illuminate/Support/Collection), 0)
#15 C:/Users/91812/Herd/MishoraCRM/vendor/laravel/telescope/src/Storage/DatabaseEntriesRepository.php(163): Illuminate/Support/Collection->each(Object(Closure))
#16 C:/Users/91812/Herd/MishoraCRM/vendor/laravel/telescope/src/Storage/DatabaseEntriesRepository.php(140): Laravel/Telescope/Storage/DatabaseEntriesRepository->storeExceptions(Object(Illuminate/Support/Collection))
#17 C:/Users/91812/Herd/MishoraCRM/vendor/laravel/telescope/src/Telescope.php(664): Laravel/Telescope/Storage/DatabaseEntriesRepository->store(Object(Illuminate/Support/Collection))
#18 [internal function]: Laravel/Telescope/Telescope::Laravel/Telescope/{closure}()
#19 C:/Users/91812/Herd/MishoraCRM/vendor/laravel/telescope/src/Telescope.php(289): call_user_func(Object(Closure))
#20 C:/Users/91812/Herd/MishoraCRM/vendor/laravel/telescope/src/Telescope.php(656): Laravel/Telescope/Telescope::withoutRecording(Object(Closure))
#21 C:/Users/91812/Herd/MishoraCRM/vendor/laravel/telescope/src/ListensForStorageOpportunities.php(65): Laravel/Telescope/Telescope::store(Object(Laravel/Telescope/Storage/DatabaseEntriesRepository))
#22 C:/Users/91812/Herd/MishoraCRM/vendor/laravel/framework/src/Illuminate/Container/BoundMethod.php(36): Laravel/Telescope/Telescope::Laravel/Telescope/{closure}()
#23 C:/Users/91812/Herd/MishoraCRM/vendor/laravel/framework/src/Illuminate/Container/Util.php(43): Illuminate/Container/BoundMethod::Illuminate/Container/{closure}()
#24 C:/Users/91812/Herd/MishoraCRM/vendor/laravel/framework/src/Illuminate/Container/BoundMethod.php(83): Illuminate/Container/Util::unwrapIfClosure(Object(Closure))
#25 C:/Users/91812/Herd/MishoraCRM/vendor/laravel/framework/src/Illuminate/Container/BoundMethod.php(35): Illuminate/Container/BoundMethod::callBoundMethod(Object(Illuminate/Foundation/Application), Object(Closure), Object(Closure))
#26 C:/Users/91812/Herd/MishoraCRM/vendor/laravel/framework/src/Illuminate/Container/Container.php(696): Illuminate/Container/BoundMethod::call(Object(Illuminate/Foundation/Application), Object(Closure), Array, NULL)
#27 C:/Users/91812/Herd/MishoraCRM/vendor/laravel/framework/src/Illuminate/Foundation/Application.php(1452): Illuminate/Container/Container->call(Object(Closure))
#28 C:/Users/91812/Herd/MishoraCRM/vendor/laravel/framework/src/Illuminate/Foundation/Console/Kernel.php(219): Illuminate/Foundation/Application->terminate()
#29 C:/Users/91812/Herd/MishoraCRM/vendor/laravel/framework/src/Illuminate/Foundation/Application.php(1240): Illuminate/Foundation/Console/Kernel->terminate(Object(Symfony/Component/Console/Input/ArgvInput), 1)
#30 C:/Users/91812/Herd/MishoraCRM/artisan(13): Illuminate/Foundation/Application->handleCommand(Object(Symfony/Component/Console/Input/ArgvInput))
#31 {main}

[previous exception] [object] (PDOException(code: 0): could not find driver at C:/Users/91812/Herd/MishoraCRM/vendor/laravel/framework/src/Illuminate/Database/Connectors/Connector.php:66)
[stacktrace]
#0 C:/Users/91812/Herd/MishoraCRM/vendor/laravel/framework/src/Illuminate/Database/Connectors/Connector.php(66): PDO->__construct('pgsql:host=aws-...', 'db.bkqbvwjsfafy...', Object(SensitiveParameterValue), Array)
#1 C:/Users/91812/Herd/MishoraCRM/vendor/laravel/framework/src/Illuminate/Database/Connectors/Connector.php(44): Illuminate/Database/Connectors/Connector->createPdoConnection('pgsql:host=aws-...', 'db.bkqbvwjsfafy...', Object(SensitiveParameterValue), Array)
#2 C:/Users/91812/Herd/MishoraCRM/vendor/laravel/framework/src/Illuminate/Database/Connectors/PostgresConnector.php(35): Illuminate/Database/Connectors/Connector->createConnection('pgsql:host=aws-...', Array, Array)
#3 C:/Users/91812/Herd/MishoraCRM/vendor/laravel/framework/src/Illuminate/Database/Connectors/ConnectionFactory.php(185): Illuminate/Database/Connectors/PostgresConnector->connect(Array)
#4 [internal function]: Illuminate/Database/Connectors/ConnectionFactory->Illuminate/Database/Connectors/{closure}()
#5 C:/Users/91812/Herd/MishoraCRM/vendor/laravel/framework/src/Illuminate/Database/Connection.php(1231): call_user_func(Object(Closure))
#6 C:/Users/91812/Herd/MishoraCRM/vendor/laravel/framework/src/Illuminate/Database/Connection.php(1267): Illuminate/Database/Connection->getPdo()
#7 C:/Users/91812/Herd/MishoraCRM/vendor/laravel/framework/src/Illuminate/Database/Connection.php(512): Illuminate/Database/Connection->getReadPdo()
#8 C:/Users/91812/Herd/MishoraCRM/vendor/laravel/framework/src/Illuminate/Database/Connection.php(407): Illuminate/Database/Connection->getPdoForSelect(true)
#9 C:/Users/91812/Herd/MishoraCRM/vendor/laravel/framework/src/Illuminate/Database/Connection.php(812): Illuminate/Database/Connection->Illuminate/Database/{closure}('select count(*)...', Array)
#10 C:/Users/91812/Herd/MishoraCRM/vendor/laravel/framework/src/Illuminate/Database/Connection.php(779): Illuminate/Database/Connection->runQueryCallback('select count(*)...', Array, Object(Closure))
#11 C:/Users/91812/Herd/MishoraCRM/vendor/laravel/framework/src/Illuminate/Database/Connection.php(398): Illuminate/Database/Connection->run('select count(*)...', Array, Object(Closure))
#12 C:/Users/91812/Herd/MishoraCRM/vendor/laravel/framework/src/Illuminate/Database/Query/Builder.php(3106): Illuminate/Database/Connection->select('select count(*)...', Array, true)
#13 C:/Users/91812/Herd/MishoraCRM/vendor/laravel/framework/src/Illuminate/Database/Query/Builder.php(3091): Illuminate/Database/Query/Builder->runSelect()
#14 C:/Users/91812/Herd/MishoraCRM/vendor/laravel/framework/src/Illuminate/Database/Query/Builder.php(3676): Illuminate/Database/Query/Builder->Illuminate/Database/Query/{closure}()
#15 C:/Users/91812/Herd/MishoraCRM/vendor/laravel/framework/src/Illuminate/Database/Query/Builder.php(3090): Illuminate/Database/Query/Builder->onceWithColumns(Array, Object(Closure))
#16 C:/Users/91812/Herd/MishoraCRM/vendor/laravel/framework/src/Illuminate/Database/Query/Builder.php(3603): Illuminate/Database/Query/Builder->get(Array)
#17 C:/Users/91812/Herd/MishoraCRM/vendor/laravel/framework/src/Illuminate/Database/Query/Builder.php(3531): Illuminate/Database/Query/Builder->aggregate('count', Array)
#18 C:/Users/91812/Herd/MishoraCRM/vendor/laravel/telescope/src/Storage/DatabaseEntriesRepository.php(123): Illuminate/Database/Query/Builder->count()
#19 C:/Users/91812/Herd/MishoraCRM/vendor/laravel/telescope/src/Storage/DatabaseEntriesRepository.php(165): Laravel/Telescope/Storage/DatabaseEntriesRepository->countExceptionOccurences(Object(Laravel/Telescope/IncomingExceptionEntry))
#20 [internal function]: Laravel/Telescope/Storage/DatabaseEntriesRepository->Laravel/Telescope/Storage/{closure}(Object(Laravel/Telescope/IncomingExceptionEntry), 1)
#21 C:/Users/91812/Herd/MishoraCRM/vendor/laravel/framework/src/Illuminate/Collections/Arr.php(609): array_map(Object(Closure), Array, Array)
#22 C:/Users/91812/Herd/MishoraCRM/vendor/laravel/framework/src/Illuminate/Collections/Collection.php(799): Illuminate/Support/Arr::map(Array, Object(Closure))
#23 C:/Users/91812/Herd/MishoraCRM/vendor/laravel/telescope/src/Storage/DatabaseEntriesRepository.php(164): Illuminate/Support/Collection->map(Object(Closure))
#24 C:/Users/91812/Herd/MishoraCRM/vendor/laravel/framework/src/Illuminate/Collections/Traits/EnumeratesValues.php(261): Laravel/Telescope/Storage/DatabaseEntriesRepository->Laravel/Telescope/Storage/{closure}(Object(Illuminate/Support/Collection), 0)
#25 C:/Users/91812/Herd/MishoraCRM/vendor/laravel/telescope/src/Storage/DatabaseEntriesRepository.php(163): Illuminate/Support/Collection->each(Object(Closure))
#26 C:/Users/91812/Herd/MishoraCRM/vendor/laravel/telescope/src/Storage/DatabaseEntriesRepository.php(140): Laravel/Telescope/Storage/DatabaseEntriesRepository->storeExceptions(Object(Illuminate/Support/Collection))
#27 C:/Users/91812/Herd/MishoraCRM/vendor/laravel/telescope/src/Telescope.php(664): Laravel/Telescope/Storage/DatabaseEntriesRepository->store(Object(Illuminate/Support/Collection))
#28 [internal function]: Laravel/Telescope/Telescope::Laravel/Telescope/{closure}()
#29 C:/Users/91812/Herd/MishoraCRM/vendor/laravel/telescope/src/Telescope.php(289): call_user_func(Object(Closure))
#30 C:/Users/91812/Herd/MishoraCRM/vendor/laravel/telescope/src/Telescope.php(656): Laravel/Telescope/Telescope::withoutRecording(Object(Closure))
#31 C:/Users/91812/Herd/MishoraCRM/vendor/laravel/telescope/src/ListensForStorageOpportunities.php(65): Laravel/Telescope/Telescope::store(Object(Laravel/Telescope/Storage/DatabaseEntriesRepository))
#32 C:/Users/91812/Herd/MishoraCRM/vendor/laravel/framework/src/Illuminate/Container/BoundMethod.php(36): Laravel/Telescope/Telescope::Laravel/Telescope/{closure}()
#33 C:/Users/91812/Herd/MishoraCRM/vendor/laravel/framework/src/Illuminate/Container/Util.php(43): Illuminate/Container/BoundMethod::Illuminate/Container/{closure}()
#34 C:/Users/91812/Herd/MishoraCRM/vendor/laravel/framework/src/Illuminate/Container/BoundMethod.php(83): Illuminate/Container/Util::unwrapIfClosure(Object(Closure))
#35 C:/Users/91812/Herd/MishoraCRM/vendor/laravel/framework/src/Illuminate/Container/BoundMethod.php(35): Illuminate/Container/BoundMethod::callBoundMethod(Object(Illuminate/Foundation/Application), Object(Closure), Object(Closure))
#36 C:/Users/91812/Herd/MishoraCRM/vendor/laravel/framework/src/Illuminate/Container/Container.php(696): Illuminate/Container/BoundMethod::call(Object(Illuminate/Foundation/Application), Object(Closure), Array, NULL)
#37 C:/Users/91812/Herd/MishoraCRM/vendor/laravel/framework/src/Illuminate/Foundation/Application.php(1452): Illuminate/Container/Container->call(Object(Closure))
#38 C:/Users/91812/Herd/MishoraCRM/vendor/laravel/framework/src/Illuminate/Foundation/Console/Kernel.php(219): Illuminate/Foundation/Application->terminate()
#39 C:/Users/91812/Herd/MishoraCRM/vendor/laravel/framework/src/Illuminate/Foundation/Application.php(1240): Illuminate/Foundation/Console/Kernel->terminate(Object(Symfony/Component/Console/Input/ArgvInput), 1)
#40 C:/Users/91812/Herd/MishoraCRM/artisan(13): Illuminate/Foundation/Application->handleCommand(Object(Symfony/Component/Console/Input/ArgvInput))
#41 {main}
"} 
[2026-09-25 23:11:30] local.ERROR: could not find driver (Connection: pgsql, SQL: select exists (select 1 from pg_class c, pg_namespace n where n.nspname = 'public' and c.relname = 'migrations' and c.relkind in ('r', 'p') and n.oid = c.relnamespace)) {"exception":"[object] (Illuminate\\Database\\QueryException(code: 0): could not find driver (Connection: pgsql, SQL: select exists (select 1 from pg_class c, pg_namespace n where n.nspname = 'public' and c.relname = 'migrations' and c.relkind in ('r', 'p') and n.oid = c.relnamespace)) at C:/Users/91812/Herd/MishoraCRM/vendor/laravel/framework/src/Illuminate/Database/Connection.php:825)
[stacktrace]
#0 C:/Users/91812/Herd/MishoraCRM/vendor/laravel/framework/src/Illuminate/Database/Connection.php(779): Illuminate/Database/Connection->runQueryCallback('select exists (...', Array, Object(Closure))
#1 C:/Users/91812/Herd/MishoraCRM/vendor/laravel/framework/src/Illuminate/Database/Connection.php(398): Illuminate/Database/Connection->run('select exists (...', Array, Object(Closure))
#2 C:/Users/91812/Herd/MishoraCRM/vendor/laravel/framework/src/Illuminate/Database/Connection.php(344): Illuminate/Database/Connection->select('select exists (...', Array, true)
#3 C:/Users/91812/Herd/MishoraCRM/vendor/laravel/framework/src/Illuminate/Database/Connection.php(361): Illuminate/Database/Connection->selectOne('select exists (...', Array, true)
#4 C:/Users/91812/Herd/MishoraCRM/vendor/laravel/framework/src/Illuminate/Database/Schema/PostgresBuilder.php(52): Illuminate/Database/Connection->scalar('select exists (...')
#5 C:/Users/91812/Herd/MishoraCRM/vendor/laravel/framework/src/Illuminate/Database/Migrations/DatabaseMigrationRepository.php(184): Illuminate/Database/Schema/PostgresBuilder->hasTable('migrations')
#6 C:/Users/91812/Herd/MishoraCRM/vendor/laravel/framework/src/Illuminate/Database/Migrations/Migrator.php(742): Illuminate/Database/Migrations/DatabaseMigrationRepository->repositoryExists()
#7 C:/Users/91812/Herd/MishoraCRM/vendor/laravel/framework/src/Illuminate/Database/Console/Migrations/MigrateCommand.php(165): Illuminate/Database/Migrations/Migrator->repositoryExists()
#8 C:/Users/91812/Herd/MishoraCRM/vendor/laravel/framework/src/Illuminate/Support/helpers.php(338): Illuminate/Database/Console/Migrations/MigrateCommand->Illuminate/Database/Console/Migrations/{closure}(1)
#9 C:/Users/91812/Herd/MishoraCRM/vendor/laravel/framework/src/Illuminate/Database/Console/Migrations/MigrateCommand.php(165): retry(1, Object(Closure), 0, Object(Closure))
#10 C:/Users/91812/Herd/MishoraCRM/vendor/laravel/framework/src/Illuminate/Database/Console/Migrations/MigrateCommand.php(141): Illuminate/Database/Console/Migrations/MigrateCommand->repositoryExists()
#11 C:/Users/91812/Herd/MishoraCRM/vendor/laravel/framework/src/Illuminate/Database/Console/Migrations/MigrateCommand.php(111): Illuminate/Database/Console/Migrations/MigrateCommand->prepareDatabase()
#12 C:/Users/91812/Herd/MishoraCRM/vendor/laravel/framework/src/Illuminate/Database/Migrations/Migrator.php(658): Illuminate/Database/Console/Migrations/MigrateCommand->Illuminate/Database/Console/Migrations/{closure}()
#13 C:/Users/91812/Herd/MishoraCRM/vendor/laravel/framework/src/Illuminate/Database/Console/Migrations/MigrateCommand.php(110): Illuminate/Database/Migrations/Migrator->usingConnection(NULL, Object(Closure))
#14 C:/Users/91812/Herd/MishoraCRM/vendor/laravel/framework/src/Illuminate/Database/Console/Migrations/MigrateCommand.php(89): Illuminate/Database/Console/Migrations/MigrateCommand->runMigrations()
#15 C:/Users/91812/Herd/MishoraCRM/vendor/laravel/framework/src/Illuminate/Container/BoundMethod.php(36): Illuminate/Database/Console/Migrations/MigrateCommand->handle()
#16 C:/Users/91812/Herd/MishoraCRM/vendor/laravel/framework/src/Illuminate/Container/Util.php(43): Illuminate/Container/BoundMethod::Illuminate/Container/{closure}()
#17 C:/Users/91812/Herd/MishoraCRM/vendor/laravel/framework/src/Illuminate/Container/BoundMethod.php(95): Illuminate/Container/Util::unwrapIfClosure(Object(Closure))
#18 C:/Users/91812/Herd/MishoraCRM/vendor/laravel/framework/src/Illuminate/Container/BoundMethod.php(35): Illuminate/Container/BoundMethod::callBoundMethod(Object(Illuminate/Foundation/Application), Array, Object(Closure))
#19 C:/Users/91812/Herd/MishoraCRM/vendor/laravel/framework/src/Illuminate/Container/Container.php(696): Illuminate/Container/BoundMethod::call(Object(Illuminate/Foundation/Application), Array, Array, NULL)
#20 C:/Users/91812/Herd/MishoraCRM/vendor/laravel/framework/src/Illuminate/Console/Command.php(213): Illuminate/Container/Container->call(Array)
#21 C:/Users/91812/Herd/MishoraCRM/vendor/symfony/console/Command/Command.php(341): Illuminate/Console/Command->execute(Object(Symfony/Component/Console/Input/ArgvInput), Object(Illuminate/Console/OutputStyle))
#22 C:/Users/91812/Herd/MishoraCRM/vendor/laravel/framework/src/Illuminate/Console/Command.php(182): Symfony/Component/Console/Command/Command->run(Object(Symfony/Component/Console/Input/ArgvInput), Object(Illuminate/Console/OutputStyle))
#23 C:/Users/91812/Herd/MishoraCRM/vendor/symfony/console/Application.php(1117): Illuminate/Console/Command->run(Object(Symfony/Component/Console/Input/ArgvInput), Object(Symfony/Component/Console/Output/ConsoleOutput))
#24 C:/Users/91812/Herd/MishoraCRM/vendor/symfony/console/Application.php(356): Symfony/Component/Console/Application->doRunCommand(Object(Illuminate/Database/Console/Migrations/MigrateCommand), Object(Symfony/Component/Console/Input/ArgvInput), Object(Symfony/Component/Console/Output/ConsoleOutput))
#25 C:/Users/91812/Herd/MishoraCRM/vendor/symfony/console/Application.php(195): Symfony/Component/Console/Application->doRun(Object(Symfony/Component/Console/Input/ArgvInput), Object(Symfony/Component/Console/Output/ConsoleOutput))
#26 C:/Users/91812/Herd/MishoraCRM/vendor/laravel/framework/src/Illuminate/Foundation/Console/Kernel.php(198): Symfony/Component/Console/Application->run(Object(Symfony/Component/Console/Input/ArgvInput), Object(Symfony/Component/Console/Output/ConsoleOutput))
#27 C:/Users/91812/Herd/MishoraCRM/vendor/laravel/framework/src/Illuminate/Foundation/Application.php(1235): Illuminate/Foundation/Console/Kernel->handle(Object(Symfony/Component/Console/Input/ArgvInput), Object(Symfony/Component/Console/Output/ConsoleOutput))
#28 C:/Users/91812/Herd/MishoraCRM/artisan(13): Illuminate/Foundation/Application->handleCommand(Object(Symfony/Component/Console/Input/ArgvInput))
#29 {main}

[previous exception] [object] (PDOException(code: 0): could not find driver at C:/Users/91812/Herd/MishoraCRM/vendor/laravel/framework/src/Illuminate/Database/Connectors/Connector.php:66)
[stacktrace]
#0 C:/Users/91812/Herd/MishoraCRM/vendor/laravel/framework/src/Illuminate/Database/Connectors/Connector.php(66): PDO->__construct('pgsql:host=aws-...', 'postgres.bkqbvw...', Object(SensitiveParameterValue), Array)
#1 C:/Users/91812/Herd/MishoraCRM/vendor/laravel/framework/src/Illuminate/Database/Connectors/Connector.php(44): Illuminate/Database/Connectors/Connector->createPdoConnection('pgsql:host=aws-...', 'postgres.bkqbvw...', Object(SensitiveParameterValue), Array)
#2 C:/Users/91812/Herd/MishoraCRM/vendor/laravel/framework/src/Illuminate/Database/Connectors/PostgresConnector.php(35): Illuminate/Database/Connectors/Connector->createConnection('pgsql:host=aws-...', Array, Array)
#3 C:/Users/91812/Herd/MishoraCRM/vendor/laravel/framework/src/Illuminate/Database/Connectors/ConnectionFactory.php(185): Illuminate/Database/Connectors/PostgresConnector->connect(Array)
#4 [internal function]: Illuminate/Database/Connectors/ConnectionFactory->Illuminate/Database/Connectors/{closure}()
#5 C:/Users/91812/Herd/MishoraCRM/vendor/laravel/framework/src/Illuminate/Database/Connection.php(1231): call_user_func(Object(Closure))
#6 C:/Users/91812/Herd/MishoraCRM/vendor/laravel/framework/src/Illuminate/Database/Connection.php(1267): Illuminate/Database/Connection->getPdo()
#7 C:/Users/91812/Herd/MishoraCRM/vendor/laravel/framework/src/Illuminate/Database/Connection.php(512): Illuminate/Database/Connection->getReadPdo()
#8 C:/Users/91812/Herd/MishoraCRM/vendor/laravel/framework/src/Illuminate/Database/Connection.php(407): Illuminate/Database/Connection->getPdoForSelect(true)
#9 C:/Users/91812/Herd/MishoraCRM/vendor/laravel/framework/src/Illuminate/Database/Connection.php(812): Illuminate/Database/Connection->Illuminate/Database/{closure}('select exists (...', Array)
#10 C:/Users/91812/Herd/MishoraCRM/vendor/laravel/framework/src/Illuminate/Database/Connection.php(779): Illuminate/Database/Connection->runQueryCallback('select exists (...', Array, Object(Closure))
#11 C:/Users/91812/Herd/MishoraCRM/vendor/laravel/framework/src/Illuminate/Database/Connection.php(398): Illuminate/Database/Connection->run('select exists (...', Array, Object(Closure))
#12 C:/Users/91812/Herd/MishoraCRM/vendor/laravel/framework/src/Illuminate/Database/Connection.php(344): Illuminate/Database/Connection->select('select exists (...', Array, true)
#13 C:/Users/91812/Herd/MishoraCRM/vendor/laravel/framework/src/Illuminate/Database/Connection.php(361): Illuminate/Database/Connection->selectOne('select exists (...', Array, true)
#14 C:/Users/91812/Herd/MishoraCRM/vendor/laravel/framework/src/Illuminate/Database/Schema/PostgresBuilder.php(52): Illuminate/Database/Connection->scalar('select exists (...')
#15 C:/Users/91812/Herd/MishoraCRM/vendor/laravel/framework/src/Illuminate/Database/Migrations/DatabaseMigrationRepository.php(184): Illuminate/Database/Schema/PostgresBuilder->hasTable('migrations')
#16 C:/Users/91812/Herd/MishoraCRM/vendor/laravel/framework/src/Illuminate/Database/Migrations/Migrator.php(742): Illuminate/Database/Migrations/DatabaseMigrationRepository->repositoryExists()
#17 C:/Users/91812/Herd/MishoraCRM/vendor/laravel/framework/src/Illuminate/Database/Console/Migrations/MigrateCommand.php(165): Illuminate/Database/Migrations/Migrator->repositoryExists()
#18 C:/Users/91812/Herd/MishoraCRM/vendor/laravel/framework/src/Illuminate/Support/helpers.php(338): Illuminate/Database/Console/Migrations/MigrateCommand->Illuminate/Database/Console/Migrations/{closure}(1)
#19 C:/Users/91812/Herd/MishoraCRM/vendor/laravel/framework/src/Illuminate/Database/Console/Migrations/MigrateCommand.php(165): retry(1, Object(Closure), 0, Object(Closure))
#20 C:/Users/91812/Herd/MishoraCRM/vendor/laravel/framework/src/Illuminate/Database/Console/Migrations/MigrateCommand.php(141): Illuminate/Database/Console/Migrations/MigrateCommand->repositoryExists()
#21 C:/Users/91812/Herd/MishoraCRM/vendor/laravel/framework/src/Illuminate/Database/Console/Migrations/MigrateCommand.php(111): Illuminate/Database/Console/Migrations/MigrateCommand->prepareDatabase()
#22 C:/Users/91812/Herd/MishoraCRM/vendor/laravel/framework/src/Illuminate/Database/Migrations/Migrator.php(658): Illuminate/Database/Console/Migrations/MigrateCommand->Illuminate/Database/Console/Migrations/{closure}()
#23 C:/Users/91812/Herd/MishoraCRM/vendor/laravel/framework/src/Illuminate/Database/Console/Migrations/MigrateCommand.php(110): Illuminate/Database/Migrations/Migrator->usingConnection(NULL, Object(Closure))
#24 C:/Users/91812/Herd/MishoraCRM/vendor/laravel/framework/src/Illuminate/Database/Console/Migrations/MigrateCommand.php(89): Illuminate/Database/Console/Migrations/MigrateCommand->runMigrations()
#25 C:/Users/91812/Herd/MishoraCRM/vendor/laravel/framework/src/Illuminate/Container/BoundMethod.php(36): Illuminate/Database/Console/Migrations/MigrateCommand->handle()
#26 C:/Users/91812/Herd/MishoraCRM/vendor/laravel/framework/src/Illuminate/Container/Util.php(43): Illuminate/Container/BoundMethod::Illuminate/Container/{closure}()
#27 C:/Users/91812/Herd/MishoraCRM/vendor/laravel/framework/src/Illuminate/Container/BoundMethod.php(95): Illuminate/Container/Util::unwrapIfClosure(Object(Closure))
#28 C:/Users/91812/Herd/MishoraCRM/vendor/laravel/framework/src/Illuminate/Container/BoundMethod.php(35): Illuminate/Container/BoundMethod::callBoundMethod(Object(Illuminate/Foundation/Application), Array, Object(Closure))
#29 C:/Users/91812/Herd/MishoraCRM/vendor/laravel/framework/src/Illuminate/Container/Container.php(696): Illuminate/Container/BoundMethod::call(Object(Illuminate/Foundation/Application), Array, Array, NULL)
#30 C:/Users/91812/Herd/MishoraCRM/vendor/laravel/framework/src/Illuminate/Console/Command.php(213): Illuminate/Container/Container->call(Array)
#31 C:/Users/91812/Herd/MishoraCRM/vendor/symfony/console/Command/Command.php(341): Illuminate/Console/Command->execute(Object(Symfony/Component/Console/Input/ArgvInput), Object(Illuminate/Console/OutputStyle))
#32 C:/Users/91812/Herd/MishoraCRM/vendor/laravel/framework/src/Illuminate/Console/Command.php(182): Symfony/Component/Console/Command/Command->run(Object(Symfony/Component/Console/Input/ArgvInput), Object(Illuminate/Console/OutputStyle))
#33 C:/Users/91812/Herd/MishoraCRM/vendor/symfony/console/Application.php(1117): Illuminate/Console/Command->run(Object(Symfony/Component/Console/Input/ArgvInput), Object(Symfony/Component/Console/Output/ConsoleOutput))
#34 C:/Users/91812/Herd/MishoraCRM/vendor/symfony/console/Application.php(356): Symfony/Component/Console/Application->doRunCommand(Object(Illuminate/Database/Console/Migrations/MigrateCommand), Object(Symfony/Component/Console/Input/ArgvInput), Object(Symfony/Component/Console/Output/ConsoleOutput))
#35 C:/Users/91812/Herd/MishoraCRM/vendor/symfony/console/Application.php(195): Symfony/Component/Console/Application->doRun(Object(Symfony/Component/Console/Input/ArgvInput), Object(Symfony/Component/Console/Output/ConsoleOutput))
#36 C:/Users/91812/Herd/MishoraCRM/vendor/laravel/framework/src/Illuminate/Foundation/Console/Kernel.php(198): Symfony/Component/Console/Application->run(Object(Symfony/Component/Console/Input/ArgvInput), Object(Symfony/Component/Console/Output/ConsoleOutput))
#37 C:/Users/91812/Herd/MishoraCRM/vendor/laravel/framework/src/Illuminate/Foundation/Application.php(1235): Illuminate/Foundation/Console/Kernel->handle(Object(Symfony/Component/Console/Input/ArgvInput), Object(Symfony/Component/Console/Output/ConsoleOutput))
#38 C:/Users/91812/Herd/MishoraCRM/artisan(13): Illuminate/Foundation/Application->handleCommand(Object(Symfony/Component/Console/Input/ArgvInput))
#39 {main}
"} 
[2026-09-25 23:11:30] local.ERROR: could not find driver (Connection: pgsql, SQL: select count(*) as aggregate from "telescope_entries" where "type" = exception and "family_hash" = 4e95c22c2b7921611a4afcab827b65af) {"exception":"[object] (Illuminate\\Database\\QueryException(code: 0): could not find driver (Connection: pgsql, SQL: select count(*) as aggregate from \"telescope_entries\" where \"type\" = exception and \"family_hash\" = 4e95c22c2b7921611a4afcab827b65af) at C:/Users/91812/Herd/MishoraCRM/vendor/laravel/framework/src/Illuminate/Database/Connection.php:825)
[stacktrace]
#0 C:/Users/91812/Herd/MishoraCRM/vendor/laravel/framework/src/Illuminate/Database/Connection.php(779): Illuminate/Database/Connection->runQueryCallback('select count(*)...', Array, Object(Closure))
#1 C:/Users/91812/Herd/MishoraCRM/vendor/laravel/framework/src/Illuminate/Database/Connection.php(398): Illuminate/Database/Connection->run('select count(*)...', Array, Object(Closure))
#2 C:/Users/91812/Herd/MishoraCRM/vendor/laravel/framework/src/Illuminate/Database/Query/Builder.php(3106): Illuminate/Database/Connection->select('select count(*)...', Array, true)
#3 C:/Users/91812/Herd/MishoraCRM/vendor/laravel/framework/src/Illuminate/Database/Query/Builder.php(3091): Illuminate/Database/Query/Builder->runSelect()
#4 C:/Users/91812/Herd/MishoraCRM/vendor/laravel/framework/src/Illuminate/Database/Query/Builder.php(3676): Illuminate/Database/Query/Builder->Illuminate/Database/Query/{closure}()
#5 C:/Users/91812/Herd/MishoraCRM/vendor/laravel/framework/src/Illuminate/Database/Query/Builder.php(3090): Illuminate/Database/Query/Builder->onceWithColumns(Array, Object(Closure))
#6 C:/Users/91812/Herd/MishoraCRM/vendor/laravel/framework/src/Illuminate/Database/Query/Builder.php(3603): Illuminate/Database/Query/Builder->get(Array)
#7 C:/Users/91812/Herd/MishoraCRM/vendor/laravel/framework/src/Illuminate/Database/Query/Builder.php(3531): Illuminate/Database/Query/Builder->aggregate('count', Array)
#8 C:/Users/91812/Herd/MishoraCRM/vendor/laravel/telescope/src/Storage/DatabaseEntriesRepository.php(123): Illuminate/Database/Query/Builder->count()
#9 C:/Users/91812/Herd/MishoraCRM/vendor/laravel/telescope/src/Storage/DatabaseEntriesRepository.php(165): Laravel/Telescope/Storage/DatabaseEntriesRepository->countExceptionOccurences(Object(Laravel/Telescope/IncomingExceptionEntry))
#10 [internal function]: Laravel/Telescope/Storage/DatabaseEntriesRepository->Laravel/Telescope/Storage/{closure}(Object(Laravel/Telescope/IncomingExceptionEntry), 1)
#11 C:/Users/91812/Herd/MishoraCRM/vendor/laravel/framework/src/Illuminate/Collections/Arr.php(609): array_map(Object(Closure), Array, Array)
#12 C:/Users/91812/Herd/MishoraCRM/vendor/laravel/framework/src/Illuminate/Collections/Collection.php(799): Illuminate/Support/Arr::map(Array, Object(Closure))
#13 C:/Users/91812/Herd/MishoraCRM/vendor/laravel/telescope/src/Storage/DatabaseEntriesRepository.php(164): Illuminate/Support/Collection->map(Object(Closure))
#14 C:/Users/91812/Herd/MishoraCRM/vendor/laravel/framework/src/Illuminate/Collections/Traits/EnumeratesValues.php(261): Laravel/Telescope/Storage/DatabaseEntriesRepository->Laravel/Telescope/Storage/{closure}(Object(Illuminate/Support/Collection), 0)
#15 C:/Users/91812/Herd/MishoraCRM/vendor/laravel/telescope/src/Storage/DatabaseEntriesRepository.php(163): Illuminate/Support/Collection->each(Object(Closure))
#16 C:/Users/91812/Herd/MishoraCRM/vendor/laravel/telescope/src/Storage/DatabaseEntriesRepository.php(140): Laravel/Telescope/Storage/DatabaseEntriesRepository->storeExceptions(Object(Illuminate/Support/Collection))
#17 C:/Users/91812/Herd/MishoraCRM/vendor/laravel/telescope/src/Telescope.php(664): Laravel/Telescope/Storage/DatabaseEntriesRepository->store(Object(Illuminate/Support/Collection))
#18 [internal function]: Laravel/Telescope/Telescope::Laravel/Telescope/{closure}()
#19 C:/Users/91812/Herd/MishoraCRM/vendor/laravel/telescope/src/Telescope.php(289): call_user_func(Object(Closure))
#20 C:/Users/91812/Herd/MishoraCRM/vendor/laravel/telescope/src/Telescope.php(656): Laravel/Telescope/Telescope::withoutRecording(Object(Closure))
#21 C:/Users/91812/Herd/MishoraCRM/vendor/laravel/telescope/src/ListensForStorageOpportunities.php(65): Laravel/Telescope/Telescope::store(Object(Laravel/Telescope/Storage/DatabaseEntriesRepository))
#22 C:/Users/91812/Herd/MishoraCRM/vendor/laravel/framework/src/Illuminate/Container/BoundMethod.php(36): Laravel/Telescope/Telescope::Laravel/Telescope/{closure}()
#23 C:/Users/91812/Herd/MishoraCRM/vendor/laravel/framework/src/Illuminate/Container/Util.php(43): Illuminate/Container/BoundMethod::Illuminate/Container/{closure}()
#24 C:/Users/91812/Herd/MishoraCRM/vendor/laravel/framework/src/Illuminate/Container/BoundMethod.php(83): Illuminate/Container/Util::unwrapIfClosure(Object(Closure))
#25 C:/Users/91812/Herd/MishoraCRM/vendor/laravel/framework/src/Illuminate/Container/BoundMethod.php(35): Illuminate/Container/BoundMethod::callBoundMethod(Object(Illuminate/Foundation/Application), Object(Closure), Object(Closure))
#26 C:/Users/91812/Herd/MishoraCRM/vendor/laravel/framework/src/Illuminate/Container/Container.php(696): Illuminate/Container/BoundMethod::call(Object(Illuminate/Foundation/Application), Object(Closure), Array, NULL)
#27 C:/Users/91812/Herd/MishoraCRM/vendor/laravel/framework/src/Illuminate/Foundation/Application.php(1452): Illuminate/Container/Container->call(Object(Closure))
#28 C:/Users/91812/Herd/MishoraCRM/vendor/laravel/framework/src/Illuminate/Foundation/Console/Kernel.php(219): Illuminate/Foundation/Application->terminate()
#29 C:/Users/91812/Herd/MishoraCRM/vendor/laravel/framework/src/Illuminate/Foundation/Application.php(1240): Illuminate/Foundation/Console/Kernel->terminate(Object(Symfony/Component/Console/Input/ArgvInput), 1)
#30 C:/Users/91812/Herd/MishoraCRM/artisan(13): Illuminate/Foundation/Application->handleCommand(Object(Symfony/Component/Console/Input/ArgvInput))
#31 {main}

[previous exception] [object] (PDOException(code: 0): could not find driver at C:/Users/91812/Herd/MishoraCRM/vendor/laravel/framework/src/Illuminate/Database/Connectors/Connector.php:66)
[stacktrace]
#0 C:/Users/91812/Herd/MishoraCRM/vendor/laravel/framework/src/Illuminate/Database/Connectors/Connector.php(66): PDO->__construct('pgsql:host=aws-...', 'postgres.bkqbvw...', Object(SensitiveParameterValue), Array)
#1 C:/Users/91812/Herd/MishoraCRM/vendor/laravel/framework/src/Illuminate/Database/Connectors/Connector.php(44): Illuminate/Database/Connectors/Connector->createPdoConnection('pgsql:host=aws-...', 'postgres.bkqbvw...', Object(SensitiveParameterValue), Array)
#2 C:/Users/91812/Herd/MishoraCRM/vendor/laravel/framework/src/Illuminate/Database/Connectors/PostgresConnector.php(35): Illuminate/Database/Connectors/Connector->createConnection('pgsql:host=aws-...', Array, Array)
#3 C:/Users/91812/Herd/MishoraCRM/vendor/laravel/framework/src/Illuminate/Database/Connectors/ConnectionFactory.php(185): Illuminate/Database/Connectors/PostgresConnector->connect(Array)
#4 [internal function]: Illuminate/Database/Connectors/ConnectionFactory->Illuminate/Database/Connectors/{closure}()
#5 C:/Users/91812/Herd/MishoraCRM/vendor/laravel/framework/src/Illuminate/Database/Connection.php(1231): call_user_func(Object(Closure))
#6 C:/Users/91812/Herd/MishoraCRM/vendor/laravel/framework/src/Illuminate/Database/Connection.php(1267): Illuminate/Database/Connection->getPdo()
#7 C:/Users/91812/Herd/MishoraCRM/vendor/laravel/framework/src/Illuminate/Database/Connection.php(512): Illuminate/Database/Connection->getReadPdo()
#8 C:/Users/91812/Herd/MishoraCRM/vendor/laravel/framework/src/Illuminate/Database/Connection.php(407): Illuminate/Database/Connection->getPdoForSelect(true)
#9 C:/Users/91812/Herd/MishoraCRM/vendor/laravel/framework/src/Illuminate/Database/Connection.php(812): Illuminate/Database/Connection->Illuminate/Database/{closure}('select count(*)...', Array)
#10 C:/Users/91812/Herd/MishoraCRM/vendor/laravel/framework/src/Illuminate/Database/Connection.php(779): Illuminate/Database/Connection->runQueryCallback('select count(*)...', Array, Object(Closure))
#11 C:/Users/91812/Herd/MishoraCRM/vendor/laravel/framework/src/Illuminate/Database/Connection.php(398): Illuminate/Database/Connection->run('select count(*)...', Array, Object(Closure))
#12 C:/Users/91812/Herd/MishoraCRM/vendor/laravel/framework/src/Illuminate/Database/Query/Builder.php(3106): Illuminate/Database/Connection->select('select count(*)...', Array, true)
#13 C:/Users/91812/Herd/MishoraCRM/vendor/laravel/framework/src/Illuminate/Database/Query/Builder.php(3091): Illuminate/Database/Query/Builder->runSelect()
#14 C:/Users/91812/Herd/MishoraCRM/vendor/laravel/framework/src/Illuminate/Database/Query/Builder.php(3676): Illuminate/Database/Query/Builder->Illuminate/Database/Query/{closure}()
#15 C:/Users/91812/Herd/MishoraCRM/vendor/laravel/framework/src/Illuminate/Database/Query/Builder.php(3090): Illuminate/Database/Query/Builder->onceWithColumns(Array, Object(Closure))
#16 C:/Users/91812/Herd/MishoraCRM/vendor/laravel/framework/src/Illuminate/Database/Query/Builder.php(3603): Illuminate/Database/Query/Builder->get(Array)
#17 C:/Users/91812/Herd/MishoraCRM/vendor/laravel/framework/src/Illuminate/Database/Query/Builder.php(3531): Illuminate/Database/Query/Builder->aggregate('count', Array)
#18 C:/Users/91812/Herd/MishoraCRM/vendor/laravel/telescope/src/Storage/DatabaseEntriesRepository.php(123): Illuminate/Database/Query/Builder->count()
#19 C:/Users/91812/Herd/MishoraCRM/vendor/laravel/telescope/src/Storage/DatabaseEntriesRepository.php(165): Laravel/Telescope/Storage/DatabaseEntriesRepository->countExceptionOccurences(Object(Laravel/Telescope/IncomingExceptionEntry))
#20 [internal function]: Laravel/Telescope/Storage/DatabaseEntriesRepository->Laravel/Telescope/Storage/{closure}(Object(Laravel/Telescope/IncomingExceptionEntry), 1)
#21 C:/Users/91812/Herd/MishoraCRM/vendor/laravel/framework/src/Illuminate/Collections/Arr.php(609): array_map(Object(Closure), Array, Array)
#22 C:/Users/91812/Herd/MishoraCRM/vendor/laravel/framework/src/Illuminate/Collections/Collection.php(799): Illuminate/Support/Arr::map(Array, Object(Closure))
#23 C:/Users/91812/Herd/MishoraCRM/vendor/laravel/telescope/src/Storage/DatabaseEntriesRepository.php(164): Illuminate/Support/Collection->map(Object(Closure))
#24 C:/Users/91812/Herd/MishoraCRM/vendor/laravel/framework/src/Illuminate/Collections/Traits/EnumeratesValues.php(261): Laravel/Telescope/Storage/DatabaseEntriesRepository->Laravel/Telescope/Storage/{closure}(Object(Illuminate/Support/Collection), 0)
#25 C:/Users/91812/Herd/MishoraCRM/vendor/laravel/telescope/src/Storage/DatabaseEntriesRepository.php(163): Illuminate/Support/Collection->each(Object(Closure))
#26 C:/Users/91812/Herd/MishoraCRM/vendor/laravel/telescope/src/Storage/DatabaseEntriesRepository.php(140): Laravel/Telescope/Storage/DatabaseEntriesRepository->storeExceptions(Object(Illuminate/Support/Collection))
#27 C:/Users/91812/Herd/MishoraCRM/vendor/laravel/telescope/src/Telescope.php(664): Laravel/Telescope/Storage/DatabaseEntriesRepository->store(Object(Illuminate/Support/Collection))
#28 [internal function]: Laravel/Telescope/Telescope::Laravel/Telescope/{closure}()
#29 C:/Users/91812/Herd/MishoraCRM/vendor/laravel/telescope/src/Telescope.php(289): call_user_func(Object(Closure))
#30 C:/Users/91812/Herd/MishoraCRM/vendor/laravel/telescope/src/Telescope.php(656): Laravel/Telescope/Telescope::withoutRecording(Object(Closure))
#31 C:/Users/91812/Herd/MishoraCRM/vendor/laravel/telescope/src/ListensForStorageOpportunities.php(65): Laravel/Telescope/Telescope::store(Object(Laravel/Telescope/Storage/DatabaseEntriesRepository))
#32 C:/Users/91812/Herd/MishoraCRM/vendor/laravel/framework/src/Illuminate/Container/BoundMethod.php(36): Laravel/Telescope/Telescope::Laravel/Telescope/{closure}()
#33 C:/Users/91812/Herd/MishoraCRM/vendor/laravel/framework/src/Illuminate/Container/Util.php(43): Illuminate/Container/BoundMethod::Illuminate/Container/{closure}()
#34 C:/Users/91812/Herd/MishoraCRM/vendor/laravel/framework/src/Illuminate/Container/BoundMethod.php(83): Illuminate/Container/Util::unwrapIfClosure(Object(Closure))
#35 C:/Users/91812/Herd/MishoraCRM/vendor/laravel/framework/src/Illuminate/Container/BoundMethod.php(35): Illuminate/Container/BoundMethod::callBoundMethod(Object(Illuminate/Foundation/Application), Object(Closure), Object(Closure))
#36 C:/Users/91812/Herd/MishoraCRM/vendor/laravel/framework/src/Illuminate/Container/Container.php(696): Illuminate/Container/BoundMethod::call(Object(Illuminate/Foundation/Application), Object(Closure), Array, NULL)
#37 C:/Users/91812/Herd/MishoraCRM/vendor/laravel/framework/src/Illuminate/Foundation/Application.php(1452): Illuminate/Container/Container->call(Object(Closure))
#38 C:/Users/91812/Herd/MishoraCRM/vendor/laravel/framework/src/Illuminate/Foundation/Console/Kernel.php(219): Illuminate/Foundation/Application->terminate()
#39 C:/Users/91812/Herd/MishoraCRM/vendor/laravel/framework/src/Illuminate/Foundation/Application.php(1240): Illuminate/Foundation/Console/Kernel->terminate(Object(Symfony/Component/Console/Input/ArgvInput), 1)
#40 C:/Users/91812/Herd/MishoraCRM/artisan(13): Illuminate/Foundation/Application->handleCommand(Object(Symfony/Component/Console/Input/ArgvInput))
#41 {main}
"} 
[2026-09-25 23:13:00] local.ERROR: SQLSTATE[08006] [7] FATAL:  (ENOTFOUND) tenant/user postgres.bkqbvwjsfafykbryqlzg not found (Connection: pgsql, SQL: insert into "telescope_entries" ("batch_id", "content", "created_at", "family_hash", "type", "uuid") values (a2d5064a-bfee-4ab5-916c-79a205f07ae8, {"command":"config:clear","exit_code":0,"arguments":{"command":"config:clear"},"options":{"help":false,"silent":false,"quiet":false,"verbose":false,"version":false,"ansi":null,"no-interaction":false,"env":null},"hostname":"LAPTOP-RR8E4AHP"}, 2026-09-25 23:12:52, ?, command, a2d5064a-ae1d-4378-89ab-19b87048006e)) {"exception":"[object] (Illuminate\\Database\\QueryException(code: 7): SQLSTATE[08006] [7] FATAL:  (ENOTFOUND) tenant/user postgres.bkqbvwjsfafykbryqlzg not found (Connection: pgsql, SQL: insert into \"telescope_entries\" (\"batch_id\", \"content\", \"created_at\", \"family_hash\", \"type\", \"uuid\") values (a2d5064a-bfee-4ab5-916c-79a205f07ae8, {\"command\":\"config:clear\",\"exit_code\":0,\"arguments\":{\"command\":\"config:clear\"},\"options\":{\"help\":false,\"silent\":false,\"quiet\":false,\"verbose\":false,\"version\":false,\"ansi\":null,\"no-interaction\":false,\"env\":null},\"hostname\":\"LAPTOP-RR8E4AHP\"}, 2026-09-25 23:12:52, ?, command, a2d5064a-ae1d-4378-89ab-19b87048006e)) at C:/Users/91812/Herd/MishoraCRM/vendor/laravel/framework/src/Illuminate/Database/Connection.php:825)
[stacktrace]
#0 C:/Users/91812/Herd/MishoraCRM/vendor/laravel/framework/src/Illuminate/Database/Connection.php(779): Illuminate/Database/Connection->runQueryCallback('insert into \"te...', Array, Object(Closure))
#1 C:/Users/91812/Herd/MishoraCRM/vendor/laravel/framework/src/Illuminate/Database/Connection.php(560): Illuminate/Database/Connection->run('insert into \"te...', Array, Object(Closure))
#2 C:/Users/91812/Herd/MishoraCRM/vendor/laravel/framework/src/Illuminate/Database/Connection.php(524): Illuminate/Database/Connection->statement('insert into \"te...', Array)
#3 C:/Users/91812/Herd/MishoraCRM/vendor/laravel/framework/src/Illuminate/Database/Query/Builder.php(3717): Illuminate/Database/Connection->insert('insert into \"te...', Array)
#4 C:/Users/91812/Herd/MishoraCRM/vendor/laravel/telescope/src/Storage/DatabaseEntriesRepository.php(145): Illuminate/Database/Query/Builder->insert(Array)
#5 C:/Users/91812/Herd/MishoraCRM/vendor/laravel/framework/src/Illuminate/Collections/Traits/EnumeratesValues.php(261): Laravel/Telescope/Storage/DatabaseEntriesRepository->Laravel/Telescope/Storage/{closure}(Object(Illuminate/Support/Collection), 0)
#6 C:/Users/91812/Herd/MishoraCRM/vendor/laravel/telescope/src/Storage/DatabaseEntriesRepository.php(144): Illuminate/Support/Collection->each(Object(Closure))
#7 C:/Users/91812/Herd/MishoraCRM/vendor/laravel/telescope/src/Telescope.php(664): Laravel/Telescope/Storage/DatabaseEntriesRepository->store(Object(Illuminate/Support/Collection))
#8 [internal function]: Laravel/Telescope/Telescope::Laravel/Telescope/{closure}()
#9 C:/Users/91812/Herd/MishoraCRM/vendor/laravel/telescope/src/Telescope.php(289): call_user_func(Object(Closure))
#10 C:/Users/91812/Herd/MishoraCRM/vendor/laravel/telescope/src/Telescope.php(656): Laravel/Telescope/Telescope::withoutRecording(Object(Closure))
#11 C:/Users/91812/Herd/MishoraCRM/vendor/laravel/telescope/src/ListensForStorageOpportunities.php(65): Laravel/Telescope/Telescope::store(Object(Laravel/Telescope/Storage/DatabaseEntriesRepository))
#12 C:/Users/91812/Herd/MishoraCRM/vendor/laravel/framework/src/Illuminate/Container/BoundMethod.php(36): Laravel/Telescope/Telescope::Laravel/Telescope/{closure}()
#13 C:/Users/91812/Herd/MishoraCRM/vendor/laravel/framework/src/Illuminate/Container/Util.php(43): Illuminate/Container/BoundMethod::Illuminate/Container/{closure}()
#14 C:/Users/91812/Herd/MishoraCRM/vendor/laravel/framework/src/Illuminate/Container/BoundMethod.php(83): Illuminate/Container/Util::unwrapIfClosure(Object(Closure))
#15 C:/Users/91812/Herd/MishoraCRM/vendor/laravel/framework/src/Illuminate/Container/BoundMethod.php(35): Illuminate/Container/BoundMethod::callBoundMethod(Object(Illuminate/Foundation/Application), Object(Closure), Object(Closure))
#16 C:/Users/91812/Herd/MishoraCRM/vendor/laravel/framework/src/Illuminate/Container/Container.php(696): Illuminate/Container/BoundMethod::call(Object(Illuminate/Foundation/Application), Object(Closure), Array, NULL)
#17 C:/Users/91812/Herd/MishoraCRM/vendor/laravel/framework/src/Illuminate/Foundation/Application.php(1452): Illuminate/Container/Container->call(Object(Closure))
#18 C:/Users/91812/Herd/MishoraCRM/vendor/laravel/framework/src/Illuminate/Foundation/Console/Kernel.php(219): Illuminate/Foundation/Application->terminate()
#19 C:/Users/91812/Herd/MishoraCRM/vendor/laravel/framework/src/Illuminate/Foundation/Application.php(1240): Illuminate/Foundation/Console/Kernel->terminate(Object(Symfony/Component/Console/Input/ArgvInput), 0)
#20 C:/Users/91812/Herd/MishoraCRM/artisan(13): Illuminate/Foundation/Application->handleCommand(Object(Symfony/Component/Console/Input/ArgvInput))
#21 {main}

[previous exception] [object] (PDOException(code: 7): SQLSTATE[08006] [7] FATAL:  (ENOTFOUND) tenant/user postgres.bkqbvwjsfafykbryqlzg not found at C:/Users/91812/Herd/MishoraCRM/vendor/laravel/framework/src/Illuminate/Database/Connectors/Connector.php:66)
[stacktrace]
#0 C:/Users/91812/Herd/MishoraCRM/vendor/laravel/framework/src/Illuminate/Database/Connectors/Connector.php(66): PDO->__construct('pgsql:host=aws-...', 'postgres.bkqbvw...', Object(SensitiveParameterValue), Array)
#1 C:/Users/91812/Herd/MishoraCRM/vendor/laravel/framework/src/Illuminate/Database/Connectors/Connector.php(44): Illuminate/Database/Connectors/Connector->createPdoConnection('pgsql:host=aws-...', 'postgres.bkqbvw...', Object(SensitiveParameterValue), Array)
#2 C:/Users/91812/Herd/MishoraCRM/vendor/laravel/framework/src/Illuminate/Database/Connectors/PostgresConnector.php(35): Illuminate/Database/Connectors/Connector->createConnection('pgsql:host=aws-...', Array, Array)
#3 C:/Users/91812/Herd/MishoraCRM/vendor/laravel/framework/src/Illuminate/Database/Connectors/ConnectionFactory.php(185): Illuminate/Database/Connectors/PostgresConnector->connect(Array)
#4 [internal function]: Illuminate/Database/Connectors/ConnectionFactory->Illuminate/Database/Connectors/{closure}()
#5 C:/Users/91812/Herd/MishoraCRM/vendor/laravel/framework/src/Illuminate/Database/Connection.php(1231): call_user_func(Object(Closure))
#6 C:/Users/91812/Herd/MishoraCRM/vendor/laravel/framework/src/Illuminate/Database/Connection.php(565): Illuminate/Database/Connection->getPdo()
#7 C:/Users/91812/Herd/MishoraCRM/vendor/laravel/framework/src/Illuminate/Database/Connection.php(812): Illuminate/Database/Connection->Illuminate/Database/{closure}('insert into \"te...', Array)
#8 C:/Users/91812/Herd/MishoraCRM/vendor/laravel/framework/src/Illuminate/Database/Connection.php(779): Illuminate/Database/Connection->runQueryCallback('insert into \"te...', Array, Object(Closure))
#9 C:/Users/91812/Herd/MishoraCRM/vendor/laravel/framework/src/Illuminate/Database/Connection.php(560): Illuminate/Database/Connection->run('insert into \"te...', Array, Object(Closure))
#10 C:/Users/91812/Herd/MishoraCRM/vendor/laravel/framework/src/Illuminate/Database/Connection.php(524): Illuminate/Database/Connection->statement('insert into \"te...', Array)
#11 C:/Users/91812/Herd/MishoraCRM/vendor/laravel/framework/src/Illuminate/Database/Query/Builder.php(3717): Illuminate/Database/Connection->insert('insert into \"te...', Array)
#12 C:/Users/91812/Herd/MishoraCRM/vendor/laravel/telescope/src/Storage/DatabaseEntriesRepository.php(145): Illuminate/Database/Query/Builder->insert(Array)
#13 C:/Users/91812/Herd/MishoraCRM/vendor/laravel/framework/src/Illuminate/Collections/Traits/EnumeratesValues.php(261): Laravel/Telescope/Storage/DatabaseEntriesRepository->Laravel/Telescope/Storage/{closure}(Object(Illuminate/Support/Collection), 0)
#14 C:/Users/91812/Herd/MishoraCRM/vendor/laravel/telescope/src/Storage/DatabaseEntriesRepository.php(144): Illuminate/Support/Collection->each(Object(Closure))
#15 C:/Users/91812/Herd/MishoraCRM/vendor/laravel/telescope/src/Telescope.php(664): Laravel/Telescope/Storage/DatabaseEntriesRepository->store(Object(Illuminate/Support/Collection))
#16 [internal function]: Laravel/Telescope/Telescope::Laravel/Telescope/{closure}()
#17 C:/Users/91812/Herd/MishoraCRM/vendor/laravel/telescope/src/Telescope.php(289): call_user_func(Object(Closure))
#18 C:/Users/91812/Herd/MishoraCRM/vendor/laravel/telescope/src/Telescope.php(656): Laravel/Telescope/Telescope::withoutRecording(Object(Closure))
#19 C:/Users/91812/Herd/MishoraCRM/vendor/laravel/telescope/src/ListensForStorageOpportunities.php(65): Laravel/Telescope/Telescope::store(Object(Laravel/Telescope/Storage/DatabaseEntriesRepository))
#20 C:/Users/91812/Herd/MishoraCRM/vendor/laravel/framework/src/Illuminate/Container/BoundMethod.php(36): Laravel/Telescope/Telescope::Laravel/Telescope/{closure}()
#21 C:/Users/91812/Herd/MishoraCRM/vendor/laravel/framework/src/Illuminate/Container/Util.php(43): Illuminate/Container/BoundMethod::Illuminate/Container/{closure}()
#22 C:/Users/91812/Herd/MishoraCRM/vendor/laravel/framework/src/Illuminate/Container/BoundMethod.php(83): Illuminate/Container/Util::unwrapIfClosure(Object(Closure))
#23 C:/Users/91812/Herd/MishoraCRM/vendor/laravel/framework/src/Illuminate/Container/BoundMethod.php(35): Illuminate/Container/BoundMethod::callBoundMethod(Object(Illuminate/Foundation/Application), Object(Closure), Object(Closure))
#24 C:/Users/91812/Herd/MishoraCRM/vendor/laravel/framework/src/Illuminate/Container/Container.php(696): Illuminate/Container/BoundMethod::call(Object(Illuminate/Foundation/Application), Object(Closure), Array, NULL)
#25 C:/Users/91812/Herd/MishoraCRM/vendor/laravel/framework/src/Illuminate/Foundation/Application.php(1452): Illuminate/Container/Container->call(Object(Closure))
#26 C:/Users/91812/Herd/MishoraCRM/vendor/laravel/framework/src/Illuminate/Foundation/Console/Kernel.php(219): Illuminate/Foundation/Application->terminate()
#27 C:/Users/91812/Herd/MishoraCRM/vendor/laravel/framework/src/Illuminate/Foundation/Application.php(1240): Illuminate/Foundation/Console/Kernel->terminate(Object(Symfony/Component/Console/Input/ArgvInput), 0)
#28 C:/Users/91812/Herd/MishoraCRM/artisan(13): Illuminate/Foundation/Application->handleCommand(Object(Symfony/Component/Console/Input/ArgvInput))
#29 {main}
"} 
[2026-09-25 23:13:25] local.ERROR: SQLSTATE[08006] [7] FATAL:  (ENOTFOUND) tenant/user postgres.bkqbvwjsfafykbryqlzg not found (Connection: pgsql, SQL: insert into "telescope_entries" ("batch_id", "content", "created_at", "family_hash", "type", "uuid") values (a2d50664-0963-49da-abcc-586d288a409e, {"command":"tinker","exit_code":0,"arguments":{"command":"tinker","include":[]},"options":{"execute":"\ntry {\n  $c = DB::connection();\n  echo \"connected: \".$c->getDatabaseName().\" (\".$c->getDriverName().\")\\n\";\n  echo \"permissions table rows: \".DB::table(\"permissions\")->count().\"\\n\";\n  echo \"users rows: \".DB::table(\"users\")->count().\"\\n\";\n} catch (Throwable $e) { echo get_class($e).\": \".substr($e->getMessage(),0,400).\"\\n\"; }","help":false,"silent":false,"quiet":false,"verbose":false,"version":false,"ansi":null,"no-interaction":false,"env":null},"hostname":"LAPTOP-RR8E4AHP"}, 2026-09-25 23:13:09, ?, command, a2d50664-022b-4be8-894f-15986834d6bc)) {"exception":"[object] (Illuminate\\Database\\QueryException(code: 7): SQLSTATE[08006] [7] FATAL:  (ENOTFOUND) tenant/user postgres.bkqbvwjsfafykbryqlzg not found (Connection: pgsql, SQL: insert into \"telescope_entries\" (\"batch_id\", \"content\", \"created_at\", \"family_hash\", \"type\", \"uuid\") values (a2d50664-0963-49da-abcc-586d288a409e, {\"command\":\"tinker\",\"exit_code\":0,\"arguments\":{\"command\":\"tinker\",\"include\":[]},\"options\":{\"execute\":\"\\ntry {\\n  $c = DB::connection();\\n  echo \\\"connected: \\\".$c->getDatabaseName().\\\" (\\\".$c->getDriverName().\\\")\\\\n\\\";\\n  echo \\\"permissions table rows: \\\".DB::table(\\\"permissions\\\")->count().\\\"\\\\n\\\";\\n  echo \\\"users rows: \\\".DB::table(\\\"users\\\")->count().\\\"\\\\n\\\";\\n} catch (Throwable $e) { echo get_class($e).\\\": \\\".substr($e->getMessage(),0,400).\\\"\\\\n\\\"; }\",\"help\":false,\"silent\":false,\"quiet\":false,\"verbose\":false,\"version\":false,\"ansi\":null,\"no-interaction\":false,\"env\":null},\"hostname\":\"LAPTOP-RR8E4AHP\"}, 2026-09-25 23:13:09, ?, command, a2d50664-022b-4be8-894f-15986834d6bc)) at C:/Users/91812/Herd/MishoraCRM/vendor/laravel/framework/src/Illuminate/Database/Connection.php:825)
[stacktrace]
#0 C:/Users/91812/Herd/MishoraCRM/vendor/laravel/framework/src/Illuminate/Database/Connection.php(779): Illuminate/Database/Connection->runQueryCallback('insert into \"te...', Array, Object(Closure))
#1 C:/Users/91812/Herd/MishoraCRM/vendor/laravel/framework/src/Illuminate/Database/Connection.php(560): Illuminate/Database/Connection->run('insert into \"te...', Array, Object(Closure))
#2 C:/Users/91812/Herd/MishoraCRM/vendor/laravel/framework/src/Illuminate/Database/Connection.php(524): Illuminate/Database/Connection->statement('insert into \"te...', Array)
#3 C:/Users/91812/Herd/MishoraCRM/vendor/laravel/framework/src/Illuminate/Database/Query/Builder.php(3717): Illuminate/Database/Connection->insert('insert into \"te...', Array)
#4 C:/Users/91812/Herd/MishoraCRM/vendor/laravel/telescope/src/Storage/DatabaseEntriesRepository.php(145): Illuminate/Database/Query/Builder->insert(Array)
#5 C:/Users/91812/Herd/MishoraCRM/vendor/laravel/framework/src/Illuminate/Collections/Traits/EnumeratesValues.php(261): Laravel/Telescope/Storage/DatabaseEntriesRepository->Laravel/Telescope/Storage/{closure}(Object(Illuminate/Support/Collection), 0)
#6 C:/Users/91812/Herd/MishoraCRM/vendor/laravel/telescope/src/Storage/DatabaseEntriesRepository.php(144): Illuminate/Support/Collection->each(Object(Closure))
#7 C:/Users/91812/Herd/MishoraCRM/vendor/laravel/telescope/src/Telescope.php(664): Laravel/Telescope/Storage/DatabaseEntriesRepository->store(Object(Illuminate/Support/Collection))
#8 [internal function]: Laravel/Telescope/Telescope::Laravel/Telescope/{closure}()
#9 C:/Users/91812/Herd/MishoraCRM/vendor/laravel/telescope/src/Telescope.php(289): call_user_func(Object(Closure))
#10 C:/Users/91812/Herd/MishoraCRM/vendor/laravel/telescope/src/Telescope.php(656): Laravel/Telescope/Telescope::withoutRecording(Object(Closure))
#11 C:/Users/91812/Herd/MishoraCRM/vendor/laravel/telescope/src/ListensForStorageOpportunities.php(65): Laravel/Telescope/Telescope::store(Object(Laravel/Telescope/Storage/DatabaseEntriesRepository))
#12 C:/Users/91812/Herd/MishoraCRM/vendor/laravel/framework/src/Illuminate/Container/BoundMethod.php(36): Laravel/Telescope/Telescope::Laravel/Telescope/{closure}()
#13 C:/Users/91812/Herd/MishoraCRM/vendor/laravel/framework/src/Illuminate/Container/Util.php(43): Illuminate/Container/BoundMethod::Illuminate/Container/{closure}()
#14 C:/Users/91812/Herd/MishoraCRM/vendor/laravel/framework/src/Illuminate/Container/BoundMethod.php(83): Illuminate/Container/Util::unwrapIfClosure(Object(Closure))
#15 C:/Users/91812/Herd/MishoraCRM/vendor/laravel/framework/src/Illuminate/Container/BoundMethod.php(35): Illuminate/Container/BoundMethod::callBoundMethod(Object(Illuminate/Foundation/Application), Object(Closure), Object(Closure))
#16 C:/Users/91812/Herd/MishoraCRM/vendor/laravel/framework/src/Illuminate/Container/Container.php(696): Illuminate/Container/BoundMethod::call(Object(Illuminate/Foundation/Application), Object(Closure), Array, NULL)
#17 C:/Users/91812/Herd/MishoraCRM/vendor/laravel/framework/src/Illuminate/Foundation/Application.php(1452): Illuminate/Container/Container->call(Object(Closure))
#18 C:/Users/91812/Herd/MishoraCRM/vendor/laravel/framework/src/Illuminate/Foundation/Console/Kernel.php(219): Illuminate/Foundation/Application->terminate()
#19 C:/Users/91812/Herd/MishoraCRM/vendor/laravel/framework/src/Illuminate/Foundation/Application.php(1240): Illuminate/Foundation/Console/Kernel->terminate(Object(Symfony/Component/Console/Input/ArgvInput), 0)
#20 C:/Users/91812/Herd/MishoraCRM/artisan(13): Illuminate/Foundation/Application->handleCommand(Object(Symfony/Component/Console/Input/ArgvInput))
#21 {main}

[previous exception] [object] (PDOException(code: 7): SQLSTATE[08006] [7] FATAL:  (ENOTFOUND) tenant/user postgres.bkqbvwjsfafykbryqlzg not found at C:/Users/91812/Herd/MishoraCRM/vendor/laravel/framework/src/Illuminate/Database/Connectors/Connector.php:66)
[stacktrace]
#0 C:/Users/91812/Herd/MishoraCRM/vendor/laravel/framework/src/Illuminate/Database/Connectors/Connector.php(66): PDO->__construct('pgsql:host=aws-...', 'postgres.bkqbvw...', Object(SensitiveParameterValue), Array)
#1 C:/Users/91812/Herd/MishoraCRM/vendor/laravel/framework/src/Illuminate/Database/Connectors/Connector.php(44): Illuminate/Database/Connectors/Connector->createPdoConnection('pgsql:host=aws-...', 'postgres.bkqbvw...', Object(SensitiveParameterValue), Array)
#2 C:/Users/91812/Herd/MishoraCRM/vendor/laravel/framework/src/Illuminate/Database/Connectors/PostgresConnector.php(35): Illuminate/Database/Connectors/Connector->createConnection('pgsql:host=aws-...', Array, Array)
#3 C:/Users/91812/Herd/MishoraCRM/vendor/laravel/framework/src/Illuminate/Database/Connectors/ConnectionFactory.php(185): Illuminate/Database/Connectors/PostgresConnector->connect(Array)
#4 [internal function]: Illuminate/Database/Connectors/ConnectionFactory->Illuminate/Database/Connectors/{closure}()
#5 C:/Users/91812/Herd/MishoraCRM/vendor/laravel/framework/src/Illuminate/Database/Connection.php(1231): call_user_func(Object(Closure))
#6 C:/Users/91812/Herd/MishoraCRM/vendor/laravel/framework/src/Illuminate/Database/Connection.php(565): Illuminate/Database/Connection->getPdo()
#7 C:/Users/91812/Herd/MishoraCRM/vendor/laravel/framework/src/Illuminate/Database/Connection.php(812): Illuminate/Database/Connection->Illuminate/Database/{closure}('insert into \"te...', Array)
#8 C:/Users/91812/Herd/MishoraCRM/vendor/laravel/framework/src/Illuminate/Database/Connection.php(779): Illuminate/Database/Connection->runQueryCallback('insert into \"te...', Array, Object(Closure))
#9 C:/Users/91812/Herd/MishoraCRM/vendor/laravel/framework/src/Illuminate/Database/Connection.php(560): Illuminate/Database/Connection->run('insert into \"te...', Array, Object(Closure))
#10 C:/Users/91812/Herd/MishoraCRM/vendor/laravel/framework/src/Illuminate/Database/Connection.php(524): Illuminate/Database/Connection->statement('insert into \"te...', Array)
#11 C:/Users/91812/Herd/MishoraCRM/vendor/laravel/framework/src/Illuminate/Database/Query/Builder.php(3717): Illuminate/Database/Connection->insert('insert into \"te...', Array)
#12 C:/Users/91812/Herd/MishoraCRM/vendor/laravel/telescope/src/Storage/DatabaseEntriesRepository.php(145): Illuminate/Database/Query/Builder->insert(Array)
#13 C:/Users/91812/Herd/MishoraCRM/vendor/laravel/framework/src/Illuminate/Collections/Traits/EnumeratesValues.php(261): Laravel/Telescope/Storage/DatabaseEntriesRepository->Laravel/Telescope/Storage/{closure}(Object(Illuminate/Support/Collection), 0)
#14 C:/Users/91812/Herd/MishoraCRM/vendor/laravel/telescope/src/Storage/DatabaseEntriesRepository.php(144): Illuminate/Support/Collection->each(Object(Closure))
#15 C:/Users/91812/Herd/MishoraCRM/vendor/laravel/telescope/src/Telescope.php(664): Laravel/Telescope/Storage/DatabaseEntriesRepository->store(Object(Illuminate/Support/Collection))
#16 [internal function]: Laravel/Telescope/Telescope::Laravel/Telescope/{closure}()
#17 C:/Users/91812/Herd/MishoraCRM/vendor/laravel/telescope/src/Telescope.php(289): call_user_func(Object(Closure))
#18 C:/Users/91812/Herd/MishoraCRM/vendor/laravel/telescope/src/Telescope.php(656): Laravel/Telescope/Telescope::withoutRecording(Object(Closure))
#19 C:/Users/91812/Herd/MishoraCRM/vendor/laravel/telescope/src/ListensForStorageOpportunities.php(65): Laravel/Telescope/Telescope::store(Object(Laravel/Telescope/Storage/DatabaseEntriesRepository))
#20 C:/Users/91812/Herd/MishoraCRM/vendor/laravel/framework/src/Illuminate/Container/BoundMethod.php(36): Laravel/Telescope/Telescope::Laravel/Telescope/{closure}()
#21 C:/Users/91812/Herd/MishoraCRM/vendor/laravel/framework/src/Illuminate/Container/Util.php(43): Illuminate/Container/BoundMethod::Illuminate/Container/{closure}()
#22 C:/Users/91812/Herd/MishoraCRM/vendor/laravel/framework/src/Illuminate/Container/BoundMethod.php(83): Illuminate/Container/Util::unwrapIfClosure(Object(Closure))
#23 C:/Users/91812/Herd/MishoraCRM/vendor/laravel/framework/src/Illuminate/Container/BoundMethod.php(35): Illuminate/Container/BoundMethod::callBoundMethod(Object(Illuminate/Foundation/Application), Object(Closure), Object(Closure))
#24 C:/Users/91812/Herd/MishoraCRM/vendor/laravel/framework/src/Illuminate/Container/Container.php(696): Illuminate/Container/BoundMethod::call(Object(Illuminate/Foundation/Application), Object(Closure), Array, NULL)
#25 C:/Users/91812/Herd/MishoraCRM/vendor/laravel/framework/src/Illuminate/Foundation/Application.php(1452): Illuminate/Container/Container->call(Object(Closure))
#26 C:/Users/91812/Herd/MishoraCRM/vendor/laravel/framework/src/Illuminate/Foundation/Console/Kernel.php(219): Illuminate/Foundation/Application->terminate()
#27 C:/Users/91812/Herd/MishoraCRM/vendor/laravel/framework/src/Illuminate/Foundation/Application.php(1240): Illuminate/Foundation/Console/Kernel->terminate(Object(Symfony/Component/Console/Input/ArgvInput), 0)
#28 C:/Users/91812/Herd/MishoraCRM/artisan(13): Illuminate/Foundation/Application->handleCommand(Object(Symfony/Component/Console/Input/ArgvInput))
#29 {main}
"} 
[2026-09-25 23:22:13] local.ERROR: could not find driver (Connection: pgsql, SQL: select * from "users" where "id" = 13 limit 1) {"exception":"[object] (Illuminate\\Database\\QueryException(code: 0): could not find driver (Connection: pgsql, SQL: select * from \"users\" where \"id\" = 13 limit 1) at C:/Users/91812/Herd/MishoraCRM/vendor/laravel/framework/src/Illuminate/Database/Connection.php:825)
[stacktrace]
#0 C:/Users/91812/Herd/MishoraCRM/vendor/laravel/framework/src/Illuminate/Database/Connection.php(779): Illuminate/Database/Connection->runQueryCallback('select * from \"...', Array, Object(Closure))
#1 C:/Users/91812/Herd/MishoraCRM/vendor/laravel/framework/src/Illuminate/Database/Connection.php(398): Illuminate/Database/Connection->run('select * from \"...', Array, Object(Closure))
#2 C:/Users/91812/Herd/MishoraCRM/vendor/laravel/framework/src/Illuminate/Database/Query/Builder.php(3106): Illuminate/Database/Connection->select('select * from \"...', Array, true)
#3 C:/Users/91812/Herd/MishoraCRM/vendor/laravel/framework/src/Illuminate/Database/Query/Builder.php(3091): Illuminate/Database/Query/Builder->runSelect()
#4 C:/Users/91812/Herd/MishoraCRM/vendor/laravel/framework/src/Illuminate/Database/Query/Builder.php(3676): Illuminate/Database/Query/Builder->Illuminate/Database/Query/{closure}()
#5 C:/Users/91812/Herd/MishoraCRM/vendor/laravel/framework/src/Illuminate/Database/Query/Builder.php(3090): Illuminate/Database/Query/Builder->onceWithColumns(Array, Object(Closure))
#6 C:/Users/91812/Herd/MishoraCRM/vendor/laravel/framework/src/Illuminate/Database/Eloquent/Builder.php(811): Illuminate/Database/Query/Builder->get(Array)
#7 C:/Users/91812/Herd/MishoraCRM/vendor/laravel/framework/src/Illuminate/Database/Eloquent/Builder.php(793): Illuminate/Database/Eloquent/Builder->getModels(Array)
#8 C:/Users/91812/Herd/MishoraCRM/vendor/laravel/framework/src/Illuminate/Database/Concerns/BuildsQueries.php(343): Illuminate/Database/Eloquent/Builder->get(Array)
#9 C:/Users/91812/Herd/MishoraCRM/vendor/laravel/framework/src/Illuminate/Auth/EloquentUserProvider.php(59): Illuminate/Database/Eloquent/Builder->first()
#10 C:/Users/91812/Herd/MishoraCRM/vendor/laravel/framework/src/Illuminate/Auth/SessionGuard.php(180): Illuminate/Auth/EloquentUserProvider->retrieveById(13)
#11 C:/Users/91812/Herd/MishoraCRM/vendor/laravel/framework/src/Illuminate/Auth/GuardHelpers.php(56): Illuminate/Auth/SessionGuard->user()
#12 C:/Users/91812/Herd/MishoraCRM/vendor/laravel/framework/src/Illuminate/Auth/Middleware/RedirectIfAuthenticated.php(30): Illuminate/Auth/SessionGuard->check()
#13 C:/Users/91812/Herd/MishoraCRM/vendor/laravel/framework/src/Illuminate/Pipeline/Pipeline.php(209): Illuminate/Auth/Middleware/RedirectIfAuthenticated->handle(Object(Illuminate/Http/Request), Object(Closure))
#14 C:/Users/91812/Herd/MishoraCRM/vendor/laravel/framework/src/Illuminate/Routing/Middleware/SubstituteBindings.php(51): Illuminate/Pipeline/Pipeline->Illuminate/Pipeline/{closure}(Object(Illuminate/Http/Request))
#15 C:/Users/91812/Herd/MishoraCRM/vendor/laravel/framework/src/Illuminate/Pipeline/Pipeline.php(209): Illuminate/Routing/Middleware/SubstituteBindings->handle(Object(Illuminate/Http/Request), Object(Closure))
#16 C:/Users/91812/Herd/MishoraCRM/vendor/laravel/framework/src/Illuminate/Foundation/Http/Middleware/VerifyCsrfToken.php(88): Illuminate/Pipeline/Pipeline->Illuminate/Pipeline/{closure}(Object(Illuminate/Http/Request))
#17 C:/Users/91812/Herd/MishoraCRM/vendor/laravel/framework/src/Illuminate/Pipeline/Pipeline.php(209): Illuminate/Foundation/Http/Middleware/VerifyCsrfToken->handle(Object(Illuminate/Http/Request), Object(Closure))
#18 C:/Users/91812/Herd/MishoraCRM/vendor/laravel/framework/src/Illuminate/View/Middleware/ShareErrorsFromSession.php(49): Illuminate/Pipeline/Pipeline->Illuminate/Pipeline/{closure}(Object(Illuminate/Http/Request))
#19 C:/Users/91812/Herd/MishoraCRM/vendor/laravel/framework/src/Illuminate/Pipeline/Pipeline.php(209): Illuminate/View/Middleware/ShareErrorsFromSession->handle(Object(Illuminate/Http/Request), Object(Closure))
#20 C:/Users/91812/Herd/MishoraCRM/vendor/laravel/framework/src/Illuminate/Session/Middleware/StartSession.php(121): Illuminate/Pipeline/Pipeline->Illuminate/Pipeline/{closure}(Object(Illuminate/Http/Request))
#21 C:/Users/91812/Herd/MishoraCRM/vendor/laravel/framework/src/Illuminate/Session/Middleware/StartSession.php(64): Illuminate/Session/Middleware/StartSession->handleStatefulRequest(Object(Illuminate/Http/Request), Object(Illuminate/Session/Store), Object(Closure))
#22 C:/Users/91812/Herd/MishoraCRM/vendor/laravel/framework/src/Illuminate/Pipeline/Pipeline.php(209): Illuminate/Session/Middleware/StartSession->handle(Object(Illuminate/Http/Request), Object(Closure))
#23 C:/Users/91812/Herd/MishoraCRM/vendor/laravel/framework/src/Illuminate/Cookie/Middleware/AddQueuedCookiesToResponse.php(37): Illuminate/Pipeline/Pipeline->Illuminate/Pipeline/{closure}(Object(Illuminate/Http/Request))
#24 C:/Users/91812/Herd/MishoraCRM/vendor/laravel/framework/src/Illuminate/Pipeline/Pipeline.php(209): Illuminate/Cookie/Middleware/AddQueuedCookiesToResponse->handle(Object(Illuminate/Http/Request), Object(Closure))
#25 C:/Users/91812/Herd/MishoraCRM/vendor/laravel/framework/src/Illuminate/Cookie/Middleware/EncryptCookies.php(75): Illuminate/Pipeline/Pipeline->Illuminate/Pipeline/{closure}(Object(Illuminate/Http/Request))
#26 C:/Users/91812/Herd/MishoraCRM/vendor/laravel/framework/src/Illuminate/Pipeline/Pipeline.php(209): Illuminate/Cookie/Middleware/EncryptCookies->handle(Object(Illuminate/Http/Request), Object(Closure))
#27 C:/Users/91812/Herd/MishoraCRM/vendor/laravel/framework/src/Illuminate/Pipeline/Pipeline.php(127): Illuminate/Pipeline/Pipeline->Illuminate/Pipeline/{closure}(Object(Illuminate/Http/Request))
#28 C:/Users/91812/Herd/MishoraCRM/vendor/laravel/framework/src/Illuminate/Routing/Router.php(807): Illuminate/Pipeline/Pipeline->then(Object(Closure))
#29 C:/Users/91812/Herd/MishoraCRM/vendor/laravel/framework/src/Illuminate/Routing/Router.php(786): Illuminate/Routing/Router->runRouteWithinStack(Object(Illuminate/Routing/Route), Object(Illuminate/Http/Request))
#30 C:/Users/91812/Herd/MishoraCRM/vendor/laravel/framework/src/Illuminate/Routing/Router.php(750): Illuminate/Routing/Router->runRoute(Object(Illuminate/Http/Request), Object(Illuminate/Routing/Route))
#31 C:/Users/91812/Herd/MishoraCRM/vendor/laravel/framework/src/Illuminate/Routing/Router.php(739): Illuminate/Routing/Router->dispatchToRoute(Object(Illuminate/Http/Request))
#32 C:/Users/91812/Herd/MishoraCRM/vendor/laravel/framework/src/Illuminate/Foundation/Http/Kernel.php(201): Illuminate/Routing/Router->dispatch(Object(Illuminate/Http/Request))
#33 C:/Users/91812/Herd/MishoraCRM/vendor/laravel/framework/src/Illuminate/Pipeline/Pipeline.php(170): Illuminate/Foundation/Http/Kernel->Illuminate/Foundation/Http/{closure}(Object(Illuminate/Http/Request))
#34 C:/Users/91812/Herd/MishoraCRM/vendor/laravel/framework/src/Illuminate/Foundation/Http/Middleware/TransformsRequest.php(21): Illuminate/Pipeline/Pipeline->Illuminate/Pipeline/{closure}(Object(Illuminate/Http/Request))
#35 C:/Users/91812/Herd/MishoraCRM/vendor/laravel/framework/src/Illuminate/Foundation/Http/Middleware/ConvertEmptyStringsToNull.php(31): Illuminate/Foundation/Http/Middleware/TransformsRequest->handle(Object(Illuminate/Http/Request), Object(Closure))
#36 C:/Users/91812/Herd/MishoraCRM/vendor/laravel/framework/src/Illuminate/Pipeline/Pipeline.php(209): Illuminate/Foundation/Http/Middleware/ConvertEmptyStringsToNull->handle(Object(Illuminate/Http/Request), Object(Closure))
#37 C:/Users/91812/Herd/MishoraCRM/vendor/laravel/framework/src/Illuminate/Foundation/Http/Middleware/TransformsRequest.php(21): Illuminate/Pipeline/Pipeline->Illuminate/Pipeline/{closure}(Object(Illuminate/Http/Request))
#38 C:/Users/91812/Herd/MishoraCRM/vendor/laravel/framework/src/Illuminate/Foundation/Http/Middleware/TrimStrings.php(51): Illuminate/Foundation/Http/Middleware/TransformsRequest->handle(Object(Illuminate/Http/Request), Object(Closure))
#39 C:/Users/91812/Herd/MishoraCRM/vendor/laravel/framework/src/Illuminate/Pipeline/Pipeline.php(209): Illuminate/Foundation/Http/Middleware/TrimStrings->handle(Object(Illuminate/Http/Request), Object(Closure))
#40 C:/Users/91812/Herd/MishoraCRM/vendor/laravel/framework/src/Illuminate/Http/Middleware/ValidatePostSize.php(27): Illuminate/Pipeline/Pipeline->Illuminate/Pipeline/{closure}(Object(Illuminate/Http/Request))
#41 C:/Users/91812/Herd/MishoraCRM/vendor/laravel/framework/src/Illuminate/Pipeline/Pipeline.php(209): Illuminate/Http/Middleware/ValidatePostSize->handle(Object(Illuminate/Http/Request), Object(Closure))
#42 C:/Users/91812/Herd/MishoraCRM/vendor/laravel/framework/src/Illuminate/Foundation/Http/Middleware/PreventRequestsDuringMaintenance.php(110): Illuminate/Pipeline/Pipeline->Illuminate/Pipeline/{closure}(Object(Illuminate/Http/Request))
#43 C:/Users/91812/Herd/MishoraCRM/vendor/laravel/framework/src/Illuminate/Pipeline/Pipeline.php(209): Illuminate/Foundation/Http/Middleware/PreventRequestsDuringMaintenance->handle(Object(Illuminate/Http/Request), Object(Closure))
#44 C:/Users/91812/Herd/MishoraCRM/vendor/laravel/framework/src/Illuminate/Http/Middleware/HandleCors.php(49): Illuminate/Pipeline/Pipeline->Illuminate/Pipeline/{closure}(Object(Illuminate/Http/Request))
#45 C:/Users/91812/Herd/MishoraCRM/vendor/laravel/framework/src/Illuminate/Pipeline/Pipeline.php(209): Illuminate/Http/Middleware/HandleCors->handle(Object(Illuminate/Http/Request), Object(Closure))
#46 C:/Users/91812/Herd/MishoraCRM/vendor/laravel/framework/src/Illuminate/Http/Middleware/TrustProxies.php(58): Illuminate/Pipeline/Pipeline->Illuminate/Pipeline/{closure}(Object(Illuminate/Http/Request))
#47 C:/Users/91812/Herd/MishoraCRM/vendor/laravel/framework/src/Illuminate/Pipeline/Pipeline.php(209): Illuminate/Http/Middleware/TrustProxies->handle(Object(Illuminate/Http/Request), Object(Closure))
#48 C:/Users/91812/Herd/MishoraCRM/vendor/laravel/framework/src/Illuminate/Foundation/Http/Middleware/InvokeDeferredCallbacks.php(22): Illuminate/Pipeline/Pipeline->Illuminate/Pipeline/{closure}(Object(Illuminate/Http/Request))
#49 C:/Users/91812/Herd/MishoraCRM/vendor/laravel/framework/src/Illuminate/Pipeline/Pipeline.php(209): Illuminate/Foundation/Http/Middleware/InvokeDeferredCallbacks->handle(Object(Illuminate/Http/Request), Object(Closure))
#50 C:/Users/91812/Herd/MishoraCRM/vendor/laravel/framework/src/Illuminate/Pipeline/Pipeline.php(127): Illuminate/Pipeline/Pipeline->Illuminate/Pipeline/{closure}(Object(Illuminate/Http/Request))
#51 C:/Users/91812/Herd/MishoraCRM/vendor/laravel/framework/src/Illuminate/Foundation/Http/Kernel.php(176): Illuminate/Pipeline/Pipeline->then(Object(Closure))
#52 C:/Users/91812/Herd/MishoraCRM/vendor/laravel/framework/src/Illuminate/Foundation/Http/Kernel.php(145): Illuminate/Foundation/Http/Kernel->sendRequestThroughRouter(Object(Illuminate/Http/Request))
#53 C:/Users/91812/Herd/MishoraCRM/vendor/laravel/framework/src/Illuminate/Foundation/Application.php(1220): Illuminate/Foundation/Http/Kernel->handle(Object(Illuminate/Http/Request))
#54 C:/Users/91812/Herd/MishoraCRM/public/index.php(17): Illuminate/Foundation/Application->handleRequest(Object(Illuminate/Http/Request))
#55 C:/Users/91812/Herd/MishoraCRM/vendor/laravel/framework/src/Illuminate/Foundation/resources/server.php(23): require_once('C://Users//91812//...')
#56 {main}

[previous exception] [object] (PDOException(code: 0): could not find driver at C:/Users/91812/Herd/MishoraCRM/vendor/laravel/framework/src/Illuminate/Database/Connectors/Connector.php:66)
[stacktrace]
#0 C:/Users/91812/Herd/MishoraCRM/vendor/laravel/framework/src/Illuminate/Database/Connectors/Connector.php(66): PDO->__construct('pgsql:host=aws-...', 'postgres.bkqbvw...', Object(SensitiveParameterValue), Array)
#1 C:/Users/91812/Herd/MishoraCRM/vendor/laravel/framework/src/Illuminate/Database/Connectors/Connector.php(44): Illuminate/Database/Connectors/Connector->createPdoConnection('pgsql:host=aws-...', 'postgres.bkqbvw...', Object(SensitiveParameterValue), Array)
#2 C:/Users/91812/Herd/MishoraCRM/vendor/laravel/framework/src/Illuminate/Database/Connectors/PostgresConnector.php(35): Illuminate/Database/Connectors/Connector->createConnection('pgsql:host=aws-...', Array, Array)
#3 C:/Users/91812/Herd/MishoraCRM/vendor/laravel/framework/src/Illuminate/Database/Connectors/ConnectionFactory.php(185): Illuminate/Database/Connectors/PostgresConnector->connect(Array)
#4 [internal function]: Illuminate/Database/Connectors/ConnectionFactory->Illuminate/Database/Connectors/{closure}()
#5 C:/Users/91812/Herd/MishoraCRM/vendor/laravel/framework/src/Illuminate/Database/Connection.php(1231): call_user_func(Object(Closure))
#6 C:/Users/91812/Herd/MishoraCRM/vendor/laravel/framework/src/Illuminate/Database/Connection.php(1267): Illuminate/Database/Connection->getPdo()
#7 C:/Users/91812/Herd/MishoraCRM/vendor/laravel/framework/src/Illuminate/Database/Connection.php(512): Illuminate/Database/Connection->getReadPdo()
#8 C:/Users/91812/Herd/MishoraCRM/vendor/laravel/framework/src/Illuminate/Database/Connection.php(407): Illuminate/Database/Connection->getPdoForSelect(true)
#9 C:/Users/91812/Herd/MishoraCRM/vendor/laravel/framework/src/Illuminate/Database/Connection.php(812): Illuminate/Database/Connection->Illuminate/Database/{closure}('select * from \"...', Array)
#10 C:/Users/91812/Herd/MishoraCRM/vendor/laravel/framework/src/Illuminate/Database/Connection.php(779): Illuminate/Database/Connection->runQueryCallback('select * from \"...', Array, Object(Closure))
#11 C:/Users/91812/Herd/MishoraCRM/vendor/laravel/framework/src/Illuminate/Database/Connection.php(398): Illuminate/Database/Connection->run('select * from \"...', Array, Object(Closure))
#12 C:/Users/91812/Herd/MishoraCRM/vendor/laravel/framework/src/Illuminate/Database/Query/Builder.php(3106): Illuminate/Database/Connection->select('select * from \"...', Array, true)
#13 C:/Users/91812/Herd/MishoraCRM/vendor/laravel/framework/src/Illuminate/Database/Query/Builder.php(3091): Illuminate/Database/Query/Builder->runSelect()
#14 C:/Users/91812/Herd/MishoraCRM/vendor/laravel/framework/src/Illuminate/Database/Query/Builder.php(3676): Illuminate/Database/Query/Builder->Illuminate/Database/Query/{closure}()
#15 C:/Users/91812/Herd/MishoraCRM/vendor/laravel/framework/src/Illuminate/Database/Query/Builder.php(3090): Illuminate/Database/Query/Builder->onceWithColumns(Array, Object(Closure))
#16 C:/Users/91812/Herd/MishoraCRM/vendor/laravel/framework/src/Illuminate/Database/Eloquent/Builder.php(811): Illuminate/Database/Query/Builder->get(Array)
#17 C:/Users/91812/Herd/MishoraCRM/vendor/laravel/framework/src/Illuminate/Database/Eloquent/Builder.php(793): Illuminate/Database/Eloquent/Builder->getModels(Array)
#18 C:/Users/91812/Herd/MishoraCRM/vendor/laravel/framework/src/Illuminate/Database/Concerns/BuildsQueries.php(343): Illuminate/Database/Eloquent/Builder->get(Array)
#19 C:/Users/91812/Herd/MishoraCRM/vendor/laravel/framework/src/Illuminate/Auth/EloquentUserProvider.php(59): Illuminate/Database/Eloquent/Builder->first()
#20 C:/Users/91812/Herd/MishoraCRM/vendor/laravel/framework/src/Illuminate/Auth/SessionGuard.php(180): Illuminate/Auth/EloquentUserProvider->retrieveById(13)
#21 C:/Users/91812/Herd/MishoraCRM/vendor/laravel/framework/src/Illuminate/Auth/GuardHelpers.php(56): Illuminate/Auth/SessionGuard->user()
#22 C:/Users/91812/Herd/MishoraCRM/vendor/laravel/framework/src/Illuminate/Auth/Middleware/RedirectIfAuthenticated.php(30): Illuminate/Auth/SessionGuard->check()
#23 C:/Users/91812/Herd/MishoraCRM/vendor/laravel/framework/src/Illuminate/Pipeline/Pipeline.php(209): Illuminate/Auth/Middleware/RedirectIfAuthenticated->handle(Object(Illuminate/Http/Request), Object(Closure))
#24 C:/Users/91812/Herd/MishoraCRM/vendor/laravel/framework/src/Illuminate/Routing/Middleware/SubstituteBindings.php(51): Illuminate/Pipeline/Pipeline->Illuminate/Pipeline/{closure}(Object(Illuminate/Http/Request))
#25 C:/Users/91812/Herd/MishoraCRM/vendor/laravel/framework/src/Illuminate/Pipeline/Pipeline.php(209): Illuminate/Routing/Middleware/SubstituteBindings->handle(Object(Illuminate/Http/Request), Object(Closure))
#26 C:/Users/91812/Herd/MishoraCRM/vendor/laravel/framework/src/Illuminate/Foundation/Http/Middleware/VerifyCsrfToken.php(88): Illuminate/Pipeline/Pipeline->Illuminate/Pipeline/{closure}(Object(Illuminate/Http/Request))
#27 C:/Users/91812/Herd/MishoraCRM/vendor/laravel/framework/src/Illuminate/Pipeline/Pipeline.php(209): Illuminate/Foundation/Http/Middleware/VerifyCsrfToken->handle(Object(Illuminate/Http/Request), Object(Closure))
#28 C:/Users/91812/Herd/MishoraCRM/vendor/laravel/framework/src/Illuminate/View/Middleware/ShareErrorsFromSession.php(49): Illuminate/Pipeline/Pipeline->Illuminate/Pipeline/{closure}(Object(Illuminate/Http/Request))
#29 C:/Users/91812/Herd/MishoraCRM/vendor/laravel/framework/src/Illuminate/Pipeline/Pipeline.php(209): Illuminate/View/Middleware/ShareErrorsFromSession->handle(Object(Illuminate/Http/Request), Object(Closure))
#30 C:/Users/91812/Herd/MishoraCRM/vendor/laravel/framework/src/Illuminate/Session/Middleware/StartSession.php(121): Illuminate/Pipeline/Pipeline->Illuminate/Pipeline/{closure}(Object(Illuminate/Http/Request))
#31 C:/Users/91812/Herd/MishoraCRM/vendor/laravel/framework/src/Illuminate/Session/Middleware/StartSession.php(64): Illuminate/Session/Middleware/StartSession->handleStatefulRequest(Object(Illuminate/Http/Request), Object(Illuminate/Session/Store), Object(Closure))
#32 C:/Users/91812/Herd/MishoraCRM/vendor/laravel/framework/src/Illuminate/Pipeline/Pipeline.php(209): Illuminate/Session/Middleware/StartSession->handle(Object(Illuminate/Http/Request), Object(Closure))
#33 C:/Users/91812/Herd/MishoraCRM/vendor/laravel/framework/src/Illuminate/Cookie/Middleware/AddQueuedCookiesToResponse.php(37): Illuminate/Pipeline/Pipeline->Illuminate/Pipeline/{closure}(Object(Illuminate/Http/Request))
#34 C:/Users/91812/Herd/MishoraCRM/vendor/laravel/framework/src/Illuminate/Pipeline/Pipeline.php(209): Illuminate/Cookie/Middleware/AddQueuedCookiesToResponse->handle(Object(Illuminate/Http/Request), Object(Closure))
#35 C:/Users/91812/Herd/MishoraCRM/vendor/laravel/framework/src/Illuminate/Cookie/Middleware/EncryptCookies.php(75): Illuminate/Pipeline/Pipeline->Illuminate/Pipeline/{closure}(Object(Illuminate/Http/Request))
#36 C:/Users/91812/Herd/MishoraCRM/vendor/laravel/framework/src/Illuminate/Pipeline/Pipeline.php(209): Illuminate/Cookie/Middleware/EncryptCookies->handle(Object(Illuminate/Http/Request), Object(Closure))
#37 C:/Users/91812/Herd/MishoraCRM/vendor/laravel/framework/src/Illuminate/Pipeline/Pipeline.php(127): Illuminate/Pipeline/Pipeline->Illuminate/Pipeline/{closure}(Object(Illuminate/Http/Request))
#38 C:/Users/91812/Herd/MishoraCRM/vendor/laravel/framework/src/Illuminate/Routing/Router.php(807): Illuminate/Pipeline/Pipeline->then(Object(Closure))
#39 C:/Users/91812/Herd/MishoraCRM/vendor/laravel/framework/src/Illuminate/Routing/Router.php(786): Illuminate/Routing/Router->runRouteWithinStack(Object(Illuminate/Routing/Route), Object(Illuminate/Http/Request))
#40 C:/Users/91812/Herd/MishoraCRM/vendor/laravel/framework/src/Illuminate/Routing/Router.php(750): Illuminate/Routing/Router->runRoute(Object(Illuminate/Http/Request), Object(Illuminate/Routing/Route))
#41 C:/Users/91812/Herd/MishoraCRM/vendor/laravel/framework/src/Illuminate/Routing/Router.php(739): Illuminate/Routing/Router->dispatchToRoute(Object(Illuminate/Http/Request))
#42 C:/Users/91812/Herd/MishoraCRM/vendor/laravel/framework/src/Illuminate/Foundation/Http/Kernel.php(201): Illuminate/Routing/Router->dispatch(Object(Illuminate/Http/Request))
#43 C:/Users/91812/Herd/MishoraCRM/vendor/laravel/framework/src/Illuminate/Pipeline/Pipeline.php(170): Illuminate/Foundation/Http/Kernel->Illuminate/Foundation/Http/{closure}(Object(Illuminate/Http/Request))
#44 C:/Users/91812/Herd/MishoraCRM/vendor/laravel/framework/src/Illuminate/Foundation/Http/Middleware/TransformsRequest.php(21): Illuminate/Pipeline/Pipeline->Illuminate/Pipeline/{closure}(Object(Illuminate/Http/Request))
#45 C:/Users/91812/Herd/MishoraCRM/vendor/laravel/framework/src/Illuminate/Foundation/Http/Middleware/ConvertEmptyStringsToNull.php(31): Illuminate/Foundation/Http/Middleware/TransformsRequest->handle(Object(Illuminate/Http/Request), Object(Closure))
#46 C:/Users/91812/Herd/MishoraCRM/vendor/laravel/framework/src/Illuminate/Pipeline/Pipeline.php(209): Illuminate/Foundation/Http/Middleware/ConvertEmptyStringsToNull->handle(Object(Illuminate/Http/Request), Object(Closure))
#47 C:/Users/91812/Herd/MishoraCRM/vendor/laravel/framework/src/Illuminate/Foundation/Http/Middleware/TransformsRequest.php(21): Illuminate/Pipeline/Pipeline->Illuminate/Pipeline/{closure}(Object(Illuminate/Http/Request))
#48 C:/Users/91812/Herd/MishoraCRM/vendor/laravel/framework/src/Illuminate/Foundation/Http/Middleware/TrimStrings.php(51): Illuminate/Foundation/Http/Middleware/TransformsRequest->handle(Object(Illuminate/Http/Request), Object(Closure))
#49 C:/Users/91812/Herd/MishoraCRM/vendor/laravel/framework/src/Illuminate/Pipeline/Pipeline.php(209): Illuminate/Foundation/Http/Middleware/TrimStrings->handle(Object(Illuminate/Http/Request), Object(Closure))
#50 C:/Users/91812/Herd/MishoraCRM/vendor/laravel/framework/src/Illuminate/Http/Middleware/ValidatePostSize.php(27): Illuminate/Pipeline/Pipeline->Illuminate/Pipeline/{closure}(Object(Illuminate/Http/Request))
#51 C:/Users/91812/Herd/MishoraCRM/vendor/laravel/framework/src/Illuminate/Pipeline/Pipeline.php(209): Illuminate/Http/Middleware/ValidatePostSize->handle(Object(Illuminate/Http/Request), Object(Closure))
#52 C:/Users/91812/Herd/MishoraCRM/vendor/laravel/framework/src/Illuminate/Foundation/Http/Middleware/PreventRequestsDuringMaintenance.php(110): Illuminate/Pipeline/Pipeline->Illuminate/Pipeline/{closure}(Object(Illuminate/Http/Request))
#53 C:/Users/91812/Herd/MishoraCRM/vendor/laravel/framework/src/Illuminate/Pipeline/Pipeline.php(209): Illuminate/Foundation/Http/Middleware/PreventRequestsDuringMaintenance->handle(Object(Illuminate/Http/Request), Object(Closure))
#54 C:/Users/91812/Herd/MishoraCRM/vendor/laravel/framework/src/Illuminate/Http/Middleware/HandleCors.php(49): Illuminate/Pipeline/Pipeline->Illuminate/Pipeline/{closure}(Object(Illuminate/Http/Request))
#55 C:/Users/91812/Herd/MishoraCRM/vendor/laravel/framework/src/Illuminate/Pipeline/Pipeline.php(209): Illuminate/Http/Middleware/HandleCors->handle(Object(Illuminate/Http/Request), Object(Closure))
#56 C:/Users/91812/Herd/MishoraCRM/vendor/laravel/framework/src/Illuminate/Http/Middleware/TrustProxies.php(58): Illuminate/Pipeline/Pipeline->Illuminate/Pipeline/{closure}(Object(Illuminate/Http/Request))
#57 C:/Users/91812/Herd/MishoraCRM/vendor/laravel/framework/src/Illuminate/Pipeline/Pipeline.php(209): Illuminate/Http/Middleware/TrustProxies->handle(Object(Illuminate/Http/Request), Object(Closure))
#58 C:/Users/91812/Herd/MishoraCRM/vendor/laravel/framework/src/Illuminate/Foundation/Http/Middleware/InvokeDeferredCallbacks.php(22): Illuminate/Pipeline/Pipeline->Illuminate/Pipeline/{closure}(Object(Illuminate/Http/Request))
#59 C:/Users/91812/Herd/MishoraCRM/vendor/laravel/framework/src/Illuminate/Pipeline/Pipeline.php(209): Illuminate/Foundation/Http/Middleware/InvokeDeferredCallbacks->handle(Object(Illuminate/Http/Request), Object(Closure))
#60 C:/Users/91812/Herd/MishoraCRM/vendor/laravel/framework/src/Illuminate/Pipeline/Pipeline.php(127): Illuminate/Pipeline/Pipeline->Illuminate/Pipeline/{closure}(Object(Illuminate/Http/Request))
#61 C:/Users/91812/Herd/MishoraCRM/vendor/laravel/framework/src/Illuminate/Foundation/Http/Kernel.php(176): Illuminate/Pipeline/Pipeline->then(Object(Closure))
#62 C:/Users/91812/Herd/MishoraCRM/vendor/laravel/framework/src/Illuminate/Foundation/Http/Kernel.php(145): Illuminate/Foundation/Http/Kernel->sendRequestThroughRouter(Object(Illuminate/Http/Request))
#63 C:/Users/91812/Herd/MishoraCRM/vendor/laravel/framework/src/Illuminate/Foundation/Application.php(1220): Illuminate/Foundation/Http/Kernel->handle(Object(Illuminate/Http/Request))
#64 C:/Users/91812/Herd/MishoraCRM/public/index.php(17): Illuminate/Foundation/Application->handleRequest(Object(Illuminate/Http/Request))
#65 C:/Users/91812/Herd/MishoraCRM/vendor/laravel/framework/src/Illuminate/Foundation/resources/server.php(23): require_once('C://Users//91812//...')
#66 {main}
"} 
[2026-09-25 23:22:14] local.ERROR: could not find driver (Connection: pgsql, SQL: select count(*) as aggregate from "telescope_entries" where "type" = exception and "family_hash" = 4e95c22c2b7921611a4afcab827b65af) {"exception":"[object] (Illuminate\\Database\\QueryException(code: 0): could not find driver (Connection: pgsql, SQL: select count(*) as aggregate from \"telescope_entries\" where \"type\" = exception and \"family_hash\" = 4e95c22c2b7921611a4afcab827b65af) at C:/Users/91812/Herd/MishoraCRM/vendor/laravel/framework/src/Illuminate/Database/Connection.php:825)
[stacktrace]
#0 C:/Users/91812/Herd/MishoraCRM/vendor/laravel/framework/src/Illuminate/Database/Connection.php(779): Illuminate/Database/Connection->runQueryCallback('select count(*)...', Array, Object(Closure))
#1 C:/Users/91812/Herd/MishoraCRM/vendor/laravel/framework/src/Illuminate/Database/Connection.php(398): Illuminate/Database/Connection->run('select count(*)...', Array, Object(Closure))
#2 C:/Users/91812/Herd/MishoraCRM/vendor/laravel/framework/src/Illuminate/Database/Query/Builder.php(3106): Illuminate/Database/Connection->select('select count(*)...', Array, true)
#3 C:/Users/91812/Herd/MishoraCRM/vendor/laravel/framework/src/Illuminate/Database/Query/Builder.php(3091): Illuminate/Database/Query/Builder->runSelect()
#4 C:/Users/91812/Herd/MishoraCRM/vendor/laravel/framework/src/Illuminate/Database/Query/Builder.php(3676): Illuminate/Database/Query/Builder->Illuminate/Database/Query/{closure}()
#5 C:/Users/91812/Herd/MishoraCRM/vendor/laravel/framework/src/Illuminate/Database/Query/Builder.php(3090): Illuminate/Database/Query/Builder->onceWithColumns(Array, Object(Closure))
#6 C:/Users/91812/Herd/MishoraCRM/vendor/laravel/framework/src/Illuminate/Database/Query/Builder.php(3603): Illuminate/Database/Query/Builder->get(Array)
#7 C:/Users/91812/Herd/MishoraCRM/vendor/laravel/framework/src/Illuminate/Database/Query/Builder.php(3531): Illuminate/Database/Query/Builder->aggregate('count', Array)
#8 C:/Users/91812/Herd/MishoraCRM/vendor/laravel/telescope/src/Storage/DatabaseEntriesRepository.php(123): Illuminate/Database/Query/Builder->count()
#9 C:/Users/91812/Herd/MishoraCRM/vendor/laravel/telescope/src/Storage/DatabaseEntriesRepository.php(165): Laravel/Telescope/Storage/DatabaseEntriesRepository->countExceptionOccurences(Object(Laravel/Telescope/IncomingExceptionEntry))
#10 [internal function]: Laravel/Telescope/Storage/DatabaseEntriesRepository->Laravel/Telescope/Storage/{closure}(Object(Laravel/Telescope/IncomingExceptionEntry), 0)
#11 C:/Users/91812/Herd/MishoraCRM/vendor/laravel/framework/src/Illuminate/Collections/Arr.php(609): array_map(Object(Closure), Array, Array)
#12 C:/Users/91812/Herd/MishoraCRM/vendor/laravel/framework/src/Illuminate/Collections/Collection.php(799): Illuminate/Support/Arr::map(Array, Object(Closure))
#13 C:/Users/91812/Herd/MishoraCRM/vendor/laravel/telescope/src/Storage/DatabaseEntriesRepository.php(164): Illuminate/Support/Collection->map(Object(Closure))
#14 C:/Users/91812/Herd/MishoraCRM/vendor/laravel/framework/src/Illuminate/Collections/Traits/EnumeratesValues.php(261): Laravel/Telescope/Storage/DatabaseEntriesRepository->Laravel/Telescope/Storage/{closure}(Object(Illuminate/Support/Collection), 0)
#15 C:/Users/91812/Herd/MishoraCRM/vendor/laravel/telescope/src/Storage/DatabaseEntriesRepository.php(163): Illuminate/Support/Collection->each(Object(Closure))
#16 C:/Users/91812/Herd/MishoraCRM/vendor/laravel/telescope/src/Storage/DatabaseEntriesRepository.php(140): Laravel/Telescope/Storage/DatabaseEntriesRepository->storeExceptions(Object(Illuminate/Support/Collection))
#17 C:/Users/91812/Herd/MishoraCRM/vendor/laravel/telescope/src/Telescope.php(664): Laravel/Telescope/Storage/DatabaseEntriesRepository->store(Object(Illuminate/Support/Collection))
#18 [internal function]: Laravel/Telescope/Telescope::Laravel/Telescope/{closure}()
#19 C:/Users/91812/Herd/MishoraCRM/vendor/laravel/telescope/src/Telescope.php(289): call_user_func(Object(Closure))
#20 C:/Users/91812/Herd/MishoraCRM/vendor/laravel/telescope/src/Telescope.php(656): Laravel/Telescope/Telescope::withoutRecording(Object(Closure))
#21 C:/Users/91812/Herd/MishoraCRM/vendor/laravel/telescope/src/ListensForStorageOpportunities.php(65): Laravel/Telescope/Telescope::store(Object(Laravel/Telescope/Storage/DatabaseEntriesRepository))
#22 C:/Users/91812/Herd/MishoraCRM/vendor/laravel/framework/src/Illuminate/Container/BoundMethod.php(36): Laravel/Telescope/Telescope::Laravel/Telescope/{closure}()
#23 C:/Users/91812/Herd/MishoraCRM/vendor/laravel/framework/src/Illuminate/Container/Util.php(43): Illuminate/Container/BoundMethod::Illuminate/Container/{closure}()
#24 C:/Users/91812/Herd/MishoraCRM/vendor/laravel/framework/src/Illuminate/Container/BoundMethod.php(83): Illuminate/Container/Util::unwrapIfClosure(Object(Closure))
#25 C:/Users/91812/Herd/MishoraCRM/vendor/laravel/framework/src/Illuminate/Container/BoundMethod.php(35): Illuminate/Container/BoundMethod::callBoundMethod(Object(Illuminate/Foundation/Application), Object(Closure), Object(Closure))
#26 C:/Users/91812/Herd/MishoraCRM/vendor/laravel/framework/src/Illuminate/Container/Container.php(696): Illuminate/Container/BoundMethod::call(Object(Illuminate/Foundation/Application), Object(Closure), Array, NULL)
#27 C:/Users/91812/Herd/MishoraCRM/vendor/laravel/framework/src/Illuminate/Foundation/Application.php(1452): Illuminate/Container/Container->call(Object(Closure))
#28 C:/Users/91812/Herd/MishoraCRM/vendor/laravel/framework/src/Illuminate/Foundation/Http/Kernel.php(218): Illuminate/Foundation/Application->terminate()
#29 C:/Users/91812/Herd/MishoraCRM/vendor/laravel/framework/src/Illuminate/Foundation/Application.php(1222): Illuminate/Foundation/Http/Kernel->terminate(Object(Illuminate/Http/Request), Object(Illuminate/Http/Response))
#30 C:/Users/91812/Herd/MishoraCRM/public/index.php(17): Illuminate/Foundation/Application->handleRequest(Object(Illuminate/Http/Request))
#31 C:/Users/91812/Herd/MishoraCRM/vendor/laravel/framework/src/Illuminate/Foundation/resources/server.php(23): require_once('C://Users//91812//...')
#32 {main}

[previous exception] [object] (PDOException(code: 0): could not find driver at C:/Users/91812/Herd/MishoraCRM/vendor/laravel/framework/src/Illuminate/Database/Connectors/Connector.php:66)
[stacktrace]
#0 C:/Users/91812/Herd/MishoraCRM/vendor/laravel/framework/src/Illuminate/Database/Connectors/Connector.php(66): PDO->__construct('pgsql:host=aws-...', 'postgres.bkqbvw...', Object(SensitiveParameterValue), Array)
#1 C:/Users/91812/Herd/MishoraCRM/vendor/laravel/framework/src/Illuminate/Database/Connectors/Connector.php(44): Illuminate/Database/Connectors/Connector->createPdoConnection('pgsql:host=aws-...', 'postgres.bkqbvw...', Object(SensitiveParameterValue), Array)
#2 C:/Users/91812/Herd/MishoraCRM/vendor/laravel/framework/src/Illuminate/Database/Connectors/PostgresConnector.php(35): Illuminate/Database/Connectors/Connector->createConnection('pgsql:host=aws-...', Array, Array)
#3 C:/Users/91812/Herd/MishoraCRM/vendor/laravel/framework/src/Illuminate/Database/Connectors/ConnectionFactory.php(185): Illuminate/Database/Connectors/PostgresConnector->connect(Array)
#4 [internal function]: Illuminate/Database/Connectors/ConnectionFactory->Illuminate/Database/Connectors/{closure}()
#5 C:/Users/91812/Herd/MishoraCRM/vendor/laravel/framework/src/Illuminate/Database/Connection.php(1231): call_user_func(Object(Closure))
#6 C:/Users/91812/Herd/MishoraCRM/vendor/laravel/framework/src/Illuminate/Database/Connection.php(1267): Illuminate/Database/Connection->getPdo()
#7 C:/Users/91812/Herd/MishoraCRM/vendor/laravel/framework/src/Illuminate/Database/Connection.php(512): Illuminate/Database/Connection->getReadPdo()
#8 C:/Users/91812/Herd/MishoraCRM/vendor/laravel/framework/src/Illuminate/Database/Connection.php(407): Illuminate/Database/Connection->getPdoForSelect(true)
#9 C:/Users/91812/Herd/MishoraCRM/vendor/laravel/framework/src/Illuminate/Database/Connection.php(812): Illuminate/Database/Connection->Illuminate/Database/{closure}('select count(*)...', Array)
#10 C:/Users/91812/Herd/MishoraCRM/vendor/laravel/framework/src/Illuminate/Database/Connection.php(779): Illuminate/Database/Connection->runQueryCallback('select count(*)...', Array, Object(Closure))
#11 C:/Users/91812/Herd/MishoraCRM/vendor/laravel/framework/src/Illuminate/Database/Connection.php(398): Illuminate/Database/Connection->run('select count(*)...', Array, Object(Closure))
#12 C:/Users/91812/Herd/MishoraCRM/vendor/laravel/framework/src/Illuminate/Database/Query/Builder.php(3106): Illuminate/Database/Connection->select('select count(*)...', Array, true)
#13 C:/Users/91812/Herd/MishoraCRM/vendor/laravel/framework/src/Illuminate/Database/Query/Builder.php(3091): Illuminate/Database/Query/Builder->runSelect()
#14 C:/Users/91812/Herd/MishoraCRM/vendor/laravel/framework/src/Illuminate/Database/Query/Builder.php(3676): Illuminate/Database/Query/Builder->Illuminate/Database/Query/{closure}()
#15 C:/Users/91812/Herd/MishoraCRM/vendor/laravel/framework/src/Illuminate/Database/Query/Builder.php(3090): Illuminate/Database/Query/Builder->onceWithColumns(Array, Object(Closure))
#16 C:/Users/91812/Herd/MishoraCRM/vendor/laravel/framework/src/Illuminate/Database/Query/Builder.php(3603): Illuminate/Database/Query/Builder->get(Array)
#17 C:/Users/91812/Herd/MishoraCRM/vendor/laravel/framework/src/Illuminate/Database/Query/Builder.php(3531): Illuminate/Database/Query/Builder->aggregate('count', Array)
#18 C:/Users/91812/Herd/MishoraCRM/vendor/laravel/telescope/src/Storage/DatabaseEntriesRepository.php(123): Illuminate/Database/Query/Builder->count()
#19 C:/Users/91812/Herd/MishoraCRM/vendor/laravel/telescope/src/Storage/DatabaseEntriesRepository.php(165): Laravel/Telescope/Storage/DatabaseEntriesRepository->countExceptionOccurences(Object(Laravel/Telescope/IncomingExceptionEntry))
#20 [internal function]: Laravel/Telescope/Storage/DatabaseEntriesRepository->Laravel/Telescope/Storage/{closure}(Object(Laravel/Telescope/IncomingExceptionEntry), 0)
#21 C:/Users/91812/Herd/MishoraCRM/vendor/laravel/framework/src/Illuminate/Collections/Arr.php(609): array_map(Object(Closure), Array, Array)
#22 C:/Users/91812/Herd/MishoraCRM/vendor/laravel/framework/src/Illuminate/Collections/Collection.php(799): Illuminate/Support/Arr::map(Array, Object(Closure))
#23 C:/Users/91812/Herd/MishoraCRM/vendor/laravel/telescope/src/Storage/DatabaseEntriesRepository.php(164): Illuminate/Support/Collection->map(Object(Closure))
#24 C:/Users/91812/Herd/MishoraCRM/vendor/laravel/framework/src/Illuminate/Collections/Traits/EnumeratesValues.php(261): Laravel/Telescope/Storage/DatabaseEntriesRepository->Laravel/Telescope/Storage/{closure}(Object(Illuminate/Support/Collection), 0)
#25 C:/Users/91812/Herd/MishoraCRM/vendor/laravel/telescope/src/Storage/DatabaseEntriesRepository.php(163): Illuminate/Support/Collection->each(Object(Closure))
#26 C:/Users/91812/Herd/MishoraCRM/vendor/laravel/telescope/src/Storage/DatabaseEntriesRepository.php(140): Laravel/Telescope/Storage/DatabaseEntriesRepository->storeExceptions(Object(Illuminate/Support/Collection))
#27 C:/Users/91812/Herd/MishoraCRM/vendor/laravel/telescope/src/Telescope.php(664): Laravel/Telescope/Storage/DatabaseEntriesRepository->store(Object(Illuminate/Support/Collection))
#28 [internal function]: Laravel/Telescope/Telescope::Laravel/Telescope/{closure}()
#29 C:/Users/91812/Herd/MishoraCRM/vendor/laravel/telescope/src/Telescope.php(289): call_user_func(Object(Closure))
#30 C:/Users/91812/Herd/MishoraCRM/vendor/laravel/telescope/src/Telescope.php(656): Laravel/Telescope/Telescope::withoutRecording(Object(Closure))
#31 C:/Users/91812/Herd/MishoraCRM/vendor/laravel/telescope/src/ListensForStorageOpportunities.php(65): Laravel/Telescope/Telescope::store(Object(Laravel/Telescope/Storage/DatabaseEntriesRepository))
#32 C:/Users/91812/Herd/MishoraCRM/vendor/laravel/framework/src/Illuminate/Container/BoundMethod.php(36): Laravel/Telescope/Telescope::Laravel/Telescope/{closure}()
#33 C:/Users/91812/Herd/MishoraCRM/vendor/laravel/framework/src/Illuminate/Container/Util.php(43): Illuminate/Container/BoundMethod::Illuminate/Container/{closure}()
#34 C:/Users/91812/Herd/MishoraCRM/vendor/laravel/framework/src/Illuminate/Container/BoundMethod.php(83): Illuminate/Container/Util::unwrapIfClosure(Object(Closure))
#35 C:/Users/91812/Herd/MishoraCRM/vendor/laravel/framework/src/Illuminate/Container/BoundMethod.php(35): Illuminate/Container/BoundMethod::callBoundMethod(Object(Illuminate/Foundation/Application), Object(Closure), Object(Closure))
#36 C:/Users/91812/Herd/MishoraCRM/vendor/laravel/framework/src/Illuminate/Container/Container.php(696): Illuminate/Container/BoundMethod::call(Object(Illuminate/Foundation/Application), Object(Closure), Array, NULL)
#37 C:/Users/91812/Herd/MishoraCRM/vendor/laravel/framework/src/Illuminate/Foundation/Application.php(1452): Illuminate/Container/Container->call(Object(Closure))
#38 C:/Users/91812/Herd/MishoraCRM/vendor/laravel/framework/src/Illuminate/Foundation/Http/Kernel.php(218): Illuminate/Foundation/Application->terminate()
#39 C:/Users/91812/Herd/MishoraCRM/vendor/laravel/framework/src/Illuminate/Foundation/Application.php(1222): Illuminate/Foundation/Http/Kernel->terminate(Object(Illuminate/Http/Request), Object(Illuminate/Http/Response))
#40 C:/Users/91812/Herd/MishoraCRM/public/index.php(17): Illuminate/Foundation/Application->handleRequest(Object(Illuminate/Http/Request))
#41 C:/Users/91812/Herd/MishoraCRM/vendor/laravel/framework/src/Illuminate/Foundation/resources/server.php(23): require_once('C://Users//91812//...')
#42 {main}
"} 
[2026-09-25 23:27:18] local.ERROR: SQLSTATE[08006] [7] timeout expired (Connection: pgsql, SQL: insert into "telescope_entries" ("batch_id", "content", "created_at", "family_hash", "type", "uuid") values (a2d50b3d-3fd8-4d8d-baaf-784cdfa0b009, {"command":"config:clear","exit_code":0,"arguments":{"command":"config:clear"},"options":{"help":false,"silent":false,"quiet":false,"verbose":false,"version":false,"ansi":null,"no-interaction":false,"env":null},"hostname":"LAPTOP-RR8E4AHP"}, 2026-09-25 23:26:42, ?, command, a2d50b3d-38d7-486d-9acf-728fe1fa2944)) {"exception":"[object] (Illuminate\\Database\\QueryException(code: 7): SQLSTATE[08006] [7] timeout expired (Connection: pgsql, SQL: insert into \"telescope_entries\" (\"batch_id\", \"content\", \"created_at\", \"family_hash\", \"type\", \"uuid\") values (a2d50b3d-3fd8-4d8d-baaf-784cdfa0b009, {\"command\":\"config:clear\",\"exit_code\":0,\"arguments\":{\"command\":\"config:clear\"},\"options\":{\"help\":false,\"silent\":false,\"quiet\":false,\"verbose\":false,\"version\":false,\"ansi\":null,\"no-interaction\":false,\"env\":null},\"hostname\":\"LAPTOP-RR8E4AHP\"}, 2026-09-25 23:26:42, ?, command, a2d50b3d-38d7-486d-9acf-728fe1fa2944)) at C:/Users/91812/Herd/MishoraCRM/vendor/laravel/framework/src/Illuminate/Database/Connection.php:825)
[stacktrace]
#0 C:/Users/91812/Herd/MishoraCRM/vendor/laravel/framework/src/Illuminate/Database/Connection.php(779): Illuminate/Database/Connection->runQueryCallback('insert into \"te...', Array, Object(Closure))
#1 C:/Users/91812/Herd/MishoraCRM/vendor/laravel/framework/src/Illuminate/Database/Connection.php(560): Illuminate/Database/Connection->run('insert into \"te...', Array, Object(Closure))
#2 C:/Users/91812/Herd/MishoraCRM/vendor/laravel/framework/src/Illuminate/Database/Connection.php(524): Illuminate/Database/Connection->statement('insert into \"te...', Array)
#3 C:/Users/91812/Herd/MishoraCRM/vendor/laravel/framework/src/Illuminate/Database/Query/Builder.php(3717): Illuminate/Database/Connection->insert('insert into \"te...', Array)
#4 C:/Users/91812/Herd/MishoraCRM/vendor/laravel/telescope/src/Storage/DatabaseEntriesRepository.php(145): Illuminate/Database/Query/Builder->insert(Array)
#5 C:/Users/91812/Herd/MishoraCRM/vendor/laravel/framework/src/Illuminate/Collections/Traits/EnumeratesValues.php(261): Laravel/Telescope/Storage/DatabaseEntriesRepository->Laravel/Telescope/Storage/{closure}(Object(Illuminate/Support/Collection), 0)
#6 C:/Users/91812/Herd/MishoraCRM/vendor/laravel/telescope/src/Storage/DatabaseEntriesRepository.php(144): Illuminate/Support/Collection->each(Object(Closure))
#7 C:/Users/91812/Herd/MishoraCRM/vendor/laravel/telescope/src/Telescope.php(664): Laravel/Telescope/Storage/DatabaseEntriesRepository->store(Object(Illuminate/Support/Collection))
#8 [internal function]: Laravel/Telescope/Telescope::Laravel/Telescope/{closure}()
#9 C:/Users/91812/Herd/MishoraCRM/vendor/laravel/telescope/src/Telescope.php(289): call_user_func(Object(Closure))
#10 C:/Users/91812/Herd/MishoraCRM/vendor/laravel/telescope/src/Telescope.php(656): Laravel/Telescope/Telescope::withoutRecording(Object(Closure))
#11 C:/Users/91812/Herd/MishoraCRM/vendor/laravel/telescope/src/ListensForStorageOpportunities.php(65): Laravel/Telescope/Telescope::store(Object(Laravel/Telescope/Storage/DatabaseEntriesRepository))
#12 C:/Users/91812/Herd/MishoraCRM/vendor/laravel/framework/src/Illuminate/Container/BoundMethod.php(36): Laravel/Telescope/Telescope::Laravel/Telescope/{closure}()
#13 C:/Users/91812/Herd/MishoraCRM/vendor/laravel/framework/src/Illuminate/Container/Util.php(43): Illuminate/Container/BoundMethod::Illuminate/Container/{closure}()
#14 C:/Users/91812/Herd/MishoraCRM/vendor/laravel/framework/src/Illuminate/Container/BoundMethod.php(83): Illuminate/Container/Util::unwrapIfClosure(Object(Closure))
#15 C:/Users/91812/Herd/MishoraCRM/vendor/laravel/framework/src/Illuminate/Container/BoundMethod.php(35): Illuminate/Container/BoundMethod::callBoundMethod(Object(Illuminate/Foundation/Application), Object(Closure), Object(Closure))
#16 C:/Users/91812/Herd/MishoraCRM/vendor/laravel/framework/src/Illuminate/Container/Container.php(696): Illuminate/Container/BoundMethod::call(Object(Illuminate/Foundation/Application), Object(Closure), Array, NULL)
#17 C:/Users/91812/Herd/MishoraCRM/vendor/laravel/framework/src/Illuminate/Foundation/Application.php(1452): Illuminate/Container/Container->call(Object(Closure))
#18 C:/Users/91812/Herd/MishoraCRM/vendor/laravel/framework/src/Illuminate/Foundation/Console/Kernel.php(219): Illuminate/Foundation/Application->terminate()
#19 C:/Users/91812/Herd/MishoraCRM/vendor/laravel/framework/src/Illuminate/Foundation/Application.php(1240): Illuminate/Foundation/Console/Kernel->terminate(Object(Symfony/Component/Console/Input/ArgvInput), 0)
#20 C:/Users/91812/Herd/MishoraCRM/artisan(13): Illuminate/Foundation/Application->handleCommand(Object(Symfony/Component/Console/Input/ArgvInput))
#21 {main}

[previous exception] [object] (PDOException(code: 7): SQLSTATE[08006] [7] timeout expired at C:/Users/91812/Herd/MishoraCRM/vendor/laravel/framework/src/Illuminate/Database/Connectors/Connector.php:66)
[stacktrace]
#0 C:/Users/91812/Herd/MishoraCRM/vendor/laravel/framework/src/Illuminate/Database/Connectors/Connector.php(66): PDO->__construct('pgsql:host=db.b...', 'postgres', Object(SensitiveParameterValue), Array)
#1 C:/Users/91812/Herd/MishoraCRM/vendor/laravel/framework/src/Illuminate/Database/Connectors/Connector.php(44): Illuminate/Database/Connectors/Connector->createPdoConnection('pgsql:host=db.b...', 'postgres', Object(SensitiveParameterValue), Array)
#2 C:/Users/91812/Herd/MishoraCRM/vendor/laravel/framework/src/Illuminate/Database/Connectors/PostgresConnector.php(35): Illuminate/Database/Connectors/Connector->createConnection('pgsql:host=db.b...', Array, Array)
#3 C:/Users/91812/Herd/MishoraCRM/vendor/laravel/framework/src/Illuminate/Database/Connectors/ConnectionFactory.php(185): Illuminate/Database/Connectors/PostgresConnector->connect(Array)
#4 [internal function]: Illuminate/Database/Connectors/ConnectionFactory->Illuminate/Database/Connectors/{closure}()
#5 C:/Users/91812/Herd/MishoraCRM/vendor/laravel/framework/src/Illuminate/Database/Connection.php(1231): call_user_func(Object(Closure))
#6 C:/Users/91812/Herd/MishoraCRM/vendor/laravel/framework/src/Illuminate/Database/Connection.php(565): Illuminate/Database/Connection->getPdo()
#7 C:/Users/91812/Herd/MishoraCRM/vendor/laravel/framework/src/Illuminate/Database/Connection.php(812): Illuminate/Database/Connection->Illuminate/Database/{closure}('insert into \"te...', Array)
#8 C:/Users/91812/Herd/MishoraCRM/vendor/laravel/framework/src/Illuminate/Database/Connection.php(779): Illuminate/Database/Connection->runQueryCallback('insert into \"te...', Array, Object(Closure))
#9 C:/Users/91812/Herd/MishoraCRM/vendor/laravel/framework/src/Illuminate/Database/Connection.php(560): Illuminate/Database/Connection->run('insert into \"te...', Array, Object(Closure))
#10 C:/Users/91812/Herd/MishoraCRM/vendor/laravel/framework/src/Illuminate/Database/Connection.php(524): Illuminate/Database/Connection->statement('insert into \"te...', Array)
#11 C:/Users/91812/Herd/MishoraCRM/vendor/laravel/framework/src/Illuminate/Database/Query/Builder.php(3717): Illuminate/Database/Connection->insert('insert into \"te...', Array)
#12 C:/Users/91812/Herd/MishoraCRM/vendor/laravel/telescope/src/Storage/DatabaseEntriesRepository.php(145): Illuminate/Database/Query/Builder->insert(Array)
#13 C:/Users/91812/Herd/MishoraCRM/vendor/laravel/framework/src/Illuminate/Collections/Traits/EnumeratesValues.php(261): Laravel/Telescope/Storage/DatabaseEntriesRepository->Laravel/Telescope/Storage/{closure}(Object(Illuminate/Support/Collection), 0)
#14 C:/Users/91812/Herd/MishoraCRM/vendor/laravel/telescope/src/Storage/DatabaseEntriesRepository.php(144): Illuminate/Support/Collection->each(Object(Closure))
#15 C:/Users/91812/Herd/MishoraCRM/vendor/laravel/telescope/src/Telescope.php(664): Laravel/Telescope/Storage/DatabaseEntriesRepository->store(Object(Illuminate/Support/Collection))
#16 [internal function]: Laravel/Telescope/Telescope::Laravel/Telescope/{closure}()
#17 C:/Users/91812/Herd/MishoraCRM/vendor/laravel/telescope/src/Telescope.php(289): call_user_func(Object(Closure))
#18 C:/Users/91812/Herd/MishoraCRM/vendor/laravel/telescope/src/Telescope.php(656): Laravel/Telescope/Telescope::withoutRecording(Object(Closure))
#19 C:/Users/91812/Herd/MishoraCRM/vendor/laravel/telescope/src/ListensForStorageOpportunities.php(65): Laravel/Telescope/Telescope::store(Object(Laravel/Telescope/Storage/DatabaseEntriesRepository))
#20 C:/Users/91812/Herd/MishoraCRM/vendor/laravel/framework/src/Illuminate/Container/BoundMethod.php(36): Laravel/Telescope/Telescope::Laravel/Telescope/{closure}()
#21 C:/Users/91812/Herd/MishoraCRM/vendor/laravel/framework/src/Illuminate/Container/Util.php(43): Illuminate/Container/BoundMethod::Illuminate/Container/{closure}()
#22 C:/Users/91812/Herd/MishoraCRM/vendor/laravel/framework/src/Illuminate/Container/BoundMethod.php(83): Illuminate/Container/Util::unwrapIfClosure(Object(Closure))
#23 C:/Users/91812/Herd/MishoraCRM/vendor/laravel/framework/src/Illuminate/Container/BoundMethod.php(35): Illuminate/Container/BoundMethod::callBoundMethod(Object(Illuminate/Foundation/Application), Object(Closure), Object(Closure))
#24 C:/Users/91812/Herd/MishoraCRM/vendor/laravel/framework/src/Illuminate/Container/Container.php(696): Illuminate/Container/BoundMethod::call(Object(Illuminate/Foundation/Application), Object(Closure), Array, NULL)
#25 C:/Users/91812/Herd/MishoraCRM/vendor/laravel/framework/src/Illuminate/Foundation/Application.php(1452): Illuminate/Container/Container->call(Object(Closure))
#26 C:/Users/91812/Herd/MishoraCRM/vendor/laravel/framework/src/Illuminate/Foundation/Console/Kernel.php(219): Illuminate/Foundation/Application->terminate()
#27 C:/Users/91812/Herd/MishoraCRM/vendor/laravel/framework/src/Illuminate/Foundation/Application.php(1240): Illuminate/Foundation/Console/Kernel->terminate(Object(Symfony/Component/Console/Input/ArgvInput), 0)
#28 C:/Users/91812/Herd/MishoraCRM/artisan(13): Illuminate/Foundation/Application->handleCommand(Object(Symfony/Component/Console/Input/ArgvInput))
#29 {main}
"} 
[2026-09-25 23:27:27] local.ERROR: SQLSTATE[08006] [7] timeout expired (Connection: pgsql, SQL: select * from "users" where "id" = 3 limit 1) {"exception":"[object] (Illuminate\\Database\\QueryException(code: 7): SQLSTATE[08006] [7] timeout expired (Connection: pgsql, SQL: select * from \"users\" where \"id\" = 3 limit 1) at C:/Users/91812/Herd/MishoraCRM/vendor/laravel/framework/src/Illuminate/Database/Connection.php:825)
[stacktrace]
#0 C:/Users/91812/Herd/MishoraCRM/vendor/laravel/framework/src/Illuminate/Database/Connection.php(779): Illuminate/Database/Connection->runQueryCallback('select * from \"...', Array, Object(Closure))
#1 C:/Users/91812/Herd/MishoraCRM/vendor/laravel/framework/src/Illuminate/Database/Connection.php(398): Illuminate/Database/Connection->run('select * from \"...', Array, Object(Closure))
#2 C:/Users/91812/Herd/MishoraCRM/vendor/laravel/framework/src/Illuminate/Database/Query/Builder.php(3106): Illuminate/Database/Connection->select('select * from \"...', Array, true)
#3 C:/Users/91812/Herd/MishoraCRM/vendor/laravel/framework/src/Illuminate/Database/Query/Builder.php(3091): Illuminate/Database/Query/Builder->runSelect()
#4 C:/Users/91812/Herd/MishoraCRM/vendor/laravel/framework/src/Illuminate/Database/Query/Builder.php(3676): Illuminate/Database/Query/Builder->Illuminate/Database/Query/{closure}()
#5 C:/Users/91812/Herd/MishoraCRM/vendor/laravel/framework/src/Illuminate/Database/Query/Builder.php(3090): Illuminate/Database/Query/Builder->onceWithColumns(Array, Object(Closure))
#6 C:/Users/91812/Herd/MishoraCRM/vendor/laravel/framework/src/Illuminate/Database/Eloquent/Builder.php(811): Illuminate/Database/Query/Builder->get(Array)
#7 C:/Users/91812/Herd/MishoraCRM/vendor/laravel/framework/src/Illuminate/Database/Eloquent/Builder.php(793): Illuminate/Database/Eloquent/Builder->getModels(Array)
#8 C:/Users/91812/Herd/MishoraCRM/vendor/laravel/framework/src/Illuminate/Database/Concerns/BuildsQueries.php(343): Illuminate/Database/Eloquent/Builder->get(Array)
#9 C:/Users/91812/Herd/MishoraCRM/vendor/laravel/framework/src/Illuminate/Auth/EloquentUserProvider.php(59): Illuminate/Database/Eloquent/Builder->first()
#10 C:/Users/91812/Herd/MishoraCRM/vendor/laravel/framework/src/Illuminate/Auth/SessionGuard.php(180): Illuminate/Auth/EloquentUserProvider->retrieveById(3)
#11 C:/Users/91812/Herd/MishoraCRM/vendor/laravel/framework/src/Illuminate/Auth/GuardHelpers.php(56): Illuminate/Auth/SessionGuard->user()
#12 C:/Users/91812/Herd/MishoraCRM/vendor/laravel/framework/src/Illuminate/Auth/Middleware/Authenticate.php(83): Illuminate/Auth/SessionGuard->check()
#13 C:/Users/91812/Herd/MishoraCRM/vendor/laravel/framework/src/Illuminate/Auth/Middleware/Authenticate.php(62): Illuminate/Auth/Middleware/Authenticate->authenticate(Object(Illuminate/Http/Request), Array)
#14 C:/Users/91812/Herd/MishoraCRM/vendor/laravel/framework/src/Illuminate/Pipeline/Pipeline.php(209): Illuminate/Auth/Middleware/Authenticate->handle(Object(Illuminate/Http/Request), Object(Closure))
#15 C:/Users/91812/Herd/MishoraCRM/vendor/laravel/framework/src/Illuminate/Foundation/Http/Middleware/VerifyCsrfToken.php(88): Illuminate/Pipeline/Pipeline->Illuminate/Pipeline/{closure}(Object(Illuminate/Http/Request))
#16 C:/Users/91812/Herd/MishoraCRM/vendor/laravel/framework/src/Illuminate/Pipeline/Pipeline.php(209): Illuminate/Foundation/Http/Middleware/VerifyCsrfToken->handle(Object(Illuminate/Http/Request), Object(Closure))
#17 C:/Users/91812/Herd/MishoraCRM/vendor/laravel/framework/src/Illuminate/View/Middleware/ShareErrorsFromSession.php(49): Illuminate/Pipeline/Pipeline->Illuminate/Pipeline/{closure}(Object(Illuminate/Http/Request))
#18 C:/Users/91812/Herd/MishoraCRM/vendor/laravel/framework/src/Illuminate/Pipeline/Pipeline.php(209): Illuminate/View/Middleware/ShareErrorsFromSession->handle(Object(Illuminate/Http/Request), Object(Closure))
#19 C:/Users/91812/Herd/MishoraCRM/vendor/laravel/framework/src/Illuminate/Session/Middleware/StartSession.php(121): Illuminate/Pipeline/Pipeline->Illuminate/Pipeline/{closure}(Object(Illuminate/Http/Request))
#20 C:/Users/91812/Herd/MishoraCRM/vendor/laravel/framework/src/Illuminate/Session/Middleware/StartSession.php(64): Illuminate/Session/Middleware/StartSession->handleStatefulRequest(Object(Illuminate/Http/Request), Object(Illuminate/Session/Store), Object(Closure))
#21 C:/Users/91812/Herd/MishoraCRM/vendor/laravel/framework/src/Illuminate/Pipeline/Pipeline.php(209): Illuminate/Session/Middleware/StartSession->handle(Object(Illuminate/Http/Request), Object(Closure))
#22 C:/Users/91812/Herd/MishoraCRM/vendor/laravel/framework/src/Illuminate/Cookie/Middleware/AddQueuedCookiesToResponse.php(37): Illuminate/Pipeline/Pipeline->Illuminate/Pipeline/{closure}(Object(Illuminate/Http/Request))
#23 C:/Users/91812/Herd/MishoraCRM/vendor/laravel/framework/src/Illuminate/Pipeline/Pipeline.php(209): Illuminate/Cookie/Middleware/AddQueuedCookiesToResponse->handle(Object(Illuminate/Http/Request), Object(Closure))
#24 C:/Users/91812/Herd/MishoraCRM/vendor/laravel/framework/src/Illuminate/Cookie/Middleware/EncryptCookies.php(75): Illuminate/Pipeline/Pipeline->Illuminate/Pipeline/{closure}(Object(Illuminate/Http/Request))
#25 C:/Users/91812/Herd/MishoraCRM/vendor/laravel/framework/src/Illuminate/Pipeline/Pipeline.php(209): Illuminate/Cookie/Middleware/EncryptCookies->handle(Object(Illuminate/Http/Request), Object(Closure))
#26 C:/Users/91812/Herd/MishoraCRM/vendor/laravel/framework/src/Illuminate/Pipeline/Pipeline.php(127): Illuminate/Pipeline/Pipeline->Illuminate/Pipeline/{closure}(Object(Illuminate/Http/Request))
#27 C:/Users/91812/Herd/MishoraCRM/vendor/laravel/framework/src/Illuminate/Routing/Router.php(807): Illuminate/Pipeline/Pipeline->then(Object(Closure))
#28 C:/Users/91812/Herd/MishoraCRM/vendor/laravel/framework/src/Illuminate/Routing/Router.php(786): Illuminate/Routing/Router->runRouteWithinStack(Object(Illuminate/Routing/Route), Object(Illuminate/Http/Request))
#29 C:/Users/91812/Herd/MishoraCRM/vendor/laravel/framework/src/Illuminate/Routing/Router.php(750): Illuminate/Routing/Router->runRoute(Object(Illuminate/Http/Request), Object(Illuminate/Routing/Route))
#30 C:/Users/91812/Herd/MishoraCRM/vendor/laravel/framework/src/Illuminate/Routing/Router.php(739): Illuminate/Routing/Router->dispatchToRoute(Object(Illuminate/Http/Request))
#31 C:/Users/91812/Herd/MishoraCRM/vendor/laravel/framework/src/Illuminate/Foundation/Http/Kernel.php(201): Illuminate/Routing/Router->dispatch(Object(Illuminate/Http/Request))
#32 C:/Users/91812/Herd/MishoraCRM/vendor/laravel/framework/src/Illuminate/Pipeline/Pipeline.php(170): Illuminate/Foundation/Http/Kernel->Illuminate/Foundation/Http/{closure}(Object(Illuminate/Http/Request))
#33 C:/Users/91812/Herd/MishoraCRM/vendor/laravel/framework/src/Illuminate/Foundation/Http/Middleware/TransformsRequest.php(21): Illuminate/Pipeline/Pipeline->Illuminate/Pipeline/{closure}(Object(Illuminate/Http/Request))
#34 C:/Users/91812/Herd/MishoraCRM/vendor/laravel/framework/src/Illuminate/Foundation/Http/Middleware/ConvertEmptyStringsToNull.php(31): Illuminate/Foundation/Http/Middleware/TransformsRequest->handle(Object(Illuminate/Http/Request), Object(Closure))
#35 C:/Users/91812/Herd/MishoraCRM/vendor/laravel/framework/src/Illuminate/Pipeline/Pipeline.php(209): Illuminate/Foundation/Http/Middleware/ConvertEmptyStringsToNull->handle(Object(Illuminate/Http/Request), Object(Closure))
#36 C:/Users/91812/Herd/MishoraCRM/vendor/laravel/framework/src/Illuminate/Foundation/Http/Middleware/TransformsRequest.php(21): Illuminate/Pipeline/Pipeline->Illuminate/Pipeline/{closure}(Object(Illuminate/Http/Request))
#37 C:/Users/91812/Herd/MishoraCRM/vendor/laravel/framework/src/Illuminate/Foundation/Http/Middleware/TrimStrings.php(51): Illuminate/Foundation/Http/Middleware/TransformsRequest->handle(Object(Illuminate/Http/Request), Object(Closure))
#38 C:/Users/91812/Herd/MishoraCRM/vendor/laravel/framework/src/Illuminate/Pipeline/Pipeline.php(209): Illuminate/Foundation/Http/Middleware/TrimStrings->handle(Object(Illuminate/Http/Request), Object(Closure))
#39 C:/Users/91812/Herd/MishoraCRM/vendor/laravel/framework/src/Illuminate/Http/Middleware/ValidatePostSize.php(27): Illuminate/Pipeline/Pipeline->Illuminate/Pipeline/{closure}(Object(Illuminate/Http/Request))
#40 C:/Users/91812/Herd/MishoraCRM/vendor/laravel/framework/src/Illuminate/Pipeline/Pipeline.php(209): Illuminate/Http/Middleware/ValidatePostSize->handle(Object(Illuminate/Http/Request), Object(Closure))
#41 C:/Users/91812/Herd/MishoraCRM/vendor/laravel/framework/src/Illuminate/Foundation/Http/Middleware/PreventRequestsDuringMaintenance.php(110): Illuminate/Pipeline/Pipeline->Illuminate/Pipeline/{closure}(Object(Illuminate/Http/Request))
#42 C:/Users/91812/Herd/MishoraCRM/vendor/laravel/framework/src/Illuminate/Pipeline/Pipeline.php(209): Illuminate/Foundation/Http/Middleware/PreventRequestsDuringMaintenance->handle(Object(Illuminate/Http/Request), Object(Closure))
#43 C:/Users/91812/Herd/MishoraCRM/vendor/laravel/framework/src/Illuminate/Http/Middleware/HandleCors.php(49): Illuminate/Pipeline/Pipeline->Illuminate/Pipeline/{closure}(Object(Illuminate/Http/Request))
#44 C:/Users/91812/Herd/MishoraCRM/vendor/laravel/framework/src/Illuminate/Pipeline/Pipeline.php(209): Illuminate/Http/Middleware/HandleCors->handle(Object(Illuminate/Http/Request), Object(Closure))
#45 C:/Users/91812/Herd/MishoraCRM/vendor/laravel/framework/src/Illuminate/Http/Middleware/TrustProxies.php(58): Illuminate/Pipeline/Pipeline->Illuminate/Pipeline/{closure}(Object(Illuminate/Http/Request))
#46 C:/Users/91812/Herd/MishoraCRM/vendor/laravel/framework/src/Illuminate/Pipeline/Pipeline.php(209): Illuminate/Http/Middleware/TrustProxies->handle(Object(Illuminate/Http/Request), Object(Closure))
#47 C:/Users/91812/Herd/MishoraCRM/vendor/laravel/framework/src/Illuminate/Foundation/Http/Middleware/InvokeDeferredCallbacks.php(22): Illuminate/Pipeline/Pipeline->Illuminate/Pipeline/{closure}(Object(Illuminate/Http/Request))
#48 C:/Users/91812/Herd/MishoraCRM/vendor/laravel/framework/src/Illuminate/Pipeline/Pipeline.php(209): Illuminate/Foundation/Http/Middleware/InvokeDeferredCallbacks->handle(Object(Illuminate/Http/Request), Object(Closure))
#49 C:/Users/91812/Herd/MishoraCRM/vendor/laravel/framework/src/Illuminate/Pipeline/Pipeline.php(127): Illuminate/Pipeline/Pipeline->Illuminate/Pipeline/{closure}(Object(Illuminate/Http/Request))
#50 C:/Users/91812/Herd/MishoraCRM/vendor/laravel/framework/src/Illuminate/Foundation/Http/Kernel.php(176): Illuminate/Pipeline/Pipeline->then(Object(Closure))
#51 C:/Users/91812/Herd/MishoraCRM/vendor/laravel/framework/src/Illuminate/Foundation/Http/Kernel.php(145): Illuminate/Foundation/Http/Kernel->sendRequestThroughRouter(Object(Illuminate/Http/Request))
#52 C:/Users/91812/Herd/MishoraCRM/vendor/laravel/framework/src/Illuminate/Foundation/Application.php(1220): Illuminate/Foundation/Http/Kernel->handle(Object(Illuminate/Http/Request))
#53 C:/Users/91812/Herd/MishoraCRM/public/index.php(17): Illuminate/Foundation/Application->handleRequest(Object(Illuminate/Http/Request))
#54 C:/Users/91812/Herd/MishoraCRM/vendor/laravel/framework/src/Illuminate/Foundation/resources/server.php(23): require_once('C://Users//91812//...')
#55 {main}

[previous exception] [object] (PDOException(code: 7): SQLSTATE[08006] [7] timeout expired at C:/Users/91812/Herd/MishoraCRM/vendor/laravel/framework/src/Illuminate/Database/Connectors/Connector.php:66)
[stacktrace]
#0 C:/Users/91812/Herd/MishoraCRM/vendor/laravel/framework/src/Illuminate/Database/Connectors/Connector.php(66): PDO->__construct('pgsql:host=db.b...', 'postgres', Object(SensitiveParameterValue), Array)
#1 C:/Users/91812/Herd/MishoraCRM/vendor/laravel/framework/src/Illuminate/Database/Connectors/Connector.php(44): Illuminate/Database/Connectors/Connector->createPdoConnection('pgsql:host=db.b...', 'postgres', Object(SensitiveParameterValue), Array)
#2 C:/Users/91812/Herd/MishoraCRM/vendor/laravel/framework/src/Illuminate/Database/Connectors/PostgresConnector.php(35): Illuminate/Database/Connectors/Connector->createConnection('pgsql:host=db.b...', Array, Array)
#3 C:/Users/91812/Herd/MishoraCRM/vendor/laravel/framework/src/Illuminate/Database/Connectors/ConnectionFactory.php(185): Illuminate/Database/Connectors/PostgresConnector->connect(Array)
#4 [internal function]: Illuminate/Database/Connectors/ConnectionFactory->Illuminate/Database/Connectors/{closure}()
#5 C:/Users/91812/Herd/MishoraCRM/vendor/laravel/framework/src/Illuminate/Database/Connection.php(1231): call_user_func(Object(Closure))
#6 C:/Users/91812/Herd/MishoraCRM/vendor/laravel/framework/src/Illuminate/Database/Connection.php(1267): Illuminate/Database/Connection->getPdo()
#7 C:/Users/91812/Herd/MishoraCRM/vendor/laravel/framework/src/Illuminate/Database/Connection.php(512): Illuminate/Database/Connection->getReadPdo()
#8 C:/Users/91812/Herd/MishoraCRM/vendor/laravel/framework/src/Illuminate/Database/Connection.php(407): Illuminate/Database/Connection->getPdoForSelect(true)
#9 C:/Users/91812/Herd/MishoraCRM/vendor/laravel/framework/src/Illuminate/Database/Connection.php(812): Illuminate/Database/Connection->Illuminate/Database/{closure}('select * from \"...', Array)
#10 C:/Users/91812/Herd/MishoraCRM/vendor/laravel/framework/src/Illuminate/Database/Connection.php(779): Illuminate/Database/Connection->runQueryCallback('select * from \"...', Array, Object(Closure))
#11 C:/Users/91812/Herd/MishoraCRM/vendor/laravel/framework/src/Illuminate/Database/Connection.php(398): Illuminate/Database/Connection->run('select * from \"...', Array, Object(Closure))
#12 C:/Users/91812/Herd/MishoraCRM/vendor/laravel/framework/src/Illuminate/Database/Query/Builder.php(3106): Illuminate/Database/Connection->select('select * from \"...', Array, true)
#13 C:/Users/91812/Herd/MishoraCRM/vendor/laravel/framework/src/Illuminate/Database/Query/Builder.php(3091): Illuminate/Database/Query/Builder->runSelect()
#14 C:/Users/91812/Herd/MishoraCRM/vendor/laravel/framework/src/Illuminate/Database/Query/Builder.php(3676): Illuminate/Database/Query/Builder->Illuminate/Database/Query/{closure}()
#15 C:/Users/91812/Herd/MishoraCRM/vendor/laravel/framework/src/Illuminate/Database/Query/Builder.php(3090): Illuminate/Database/Query/Builder->onceWithColumns(Array, Object(Closure))
#16 C:/Users/91812/Herd/MishoraCRM/vendor/laravel/framework/src/Illuminate/Database/Eloquent/Builder.php(811): Illuminate/Database/Query/Builder->get(Array)
#17 C:/Users/91812/Herd/MishoraCRM/vendor/laravel/framework/src/Illuminate/Database/Eloquent/Builder.php(793): Illuminate/Database/Eloquent/Builder->getModels(Array)
#18 C:/Users/91812/Herd/MishoraCRM/vendor/laravel/framework/src/Illuminate/Database/Concerns/BuildsQueries.php(343): Illuminate/Database/Eloquent/Builder->get(Array)
#19 C:/Users/91812/Herd/MishoraCRM/vendor/laravel/framework/src/Illuminate/Auth/EloquentUserProvider.php(59): Illuminate/Database/Eloquent/Builder->first()
#20 C:/Users/91812/Herd/MishoraCRM/vendor/laravel/framework/src/Illuminate/Auth/SessionGuard.php(180): Illuminate/Auth/EloquentUserProvider->retrieveById(3)
#21 C:/Users/91812/Herd/MishoraCRM/vendor/laravel/framework/src/Illuminate/Auth/GuardHelpers.php(56): Illuminate/Auth/SessionGuard->user()
#22 C:/Users/91812/Herd/MishoraCRM/vendor/laravel/framework/src/Illuminate/Auth/Middleware/Authenticate.php(83): Illuminate/Auth/SessionGuard->check()
#23 C:/Users/91812/Herd/MishoraCRM/vendor/laravel/framework/src/Illuminate/Auth/Middleware/Authenticate.php(62): Illuminate/Auth/Middleware/Authenticate->authenticate(Object(Illuminate/Http/Request), Array)
#24 C:/Users/91812/Herd/MishoraCRM/vendor/laravel/framework/src/Illuminate/Pipeline/Pipeline.php(209): Illuminate/Auth/Middleware/Authenticate->handle(Object(Illuminate/Http/Request), Object(Closure))
#25 C:/Users/91812/Herd/MishoraCRM/vendor/laravel/framework/src/Illuminate/Foundation/Http/Middleware/VerifyCsrfToken.php(88): Illuminate/Pipeline/Pipeline->Illuminate/Pipeline/{closure}(Object(Illuminate/Http/Request))
#26 C:/Users/91812/Herd/MishoraCRM/vendor/laravel/framework/src/Illuminate/Pipeline/Pipeline.php(209): Illuminate/Foundation/Http/Middleware/VerifyCsrfToken->handle(Object(Illuminate/Http/Request), Object(Closure))
#27 C:/Users/91812/Herd/MishoraCRM/vendor/laravel/framework/src/Illuminate/View/Middleware/ShareErrorsFromSession.php(49): Illuminate/Pipeline/Pipeline->Illuminate/Pipeline/{closure}(Object(Illuminate/Http/Request))
#28 C:/Users/91812/Herd/MishoraCRM/vendor/laravel/framework/src/Illuminate/Pipeline/Pipeline.php(209): Illuminate/View/Middleware/ShareErrorsFromSession->handle(Object(Illuminate/Http/Request), Object(Closure))
#29 C:/Users/91812/Herd/MishoraCRM/vendor/laravel/framework/src/Illuminate/Session/Middleware/StartSession.php(121): Illuminate/Pipeline/Pipeline->Illuminate/Pipeline/{closure}(Object(Illuminate/Http/Request))
#30 C:/Users/91812/Herd/MishoraCRM/vendor/laravel/framework/src/Illuminate/Session/Middleware/StartSession.php(64): Illuminate/Session/Middleware/StartSession->handleStatefulRequest(Object(Illuminate/Http/Request), Object(Illuminate/Session/Store), Object(Closure))
#31 C:/Users/91812/Herd/MishoraCRM/vendor/laravel/framework/src/Illuminate/Pipeline/Pipeline.php(209): Illuminate/Session/Middleware/StartSession->handle(Object(Illuminate/Http/Request), Object(Closure))
#32 C:/Users/91812/Herd/MishoraCRM/vendor/laravel/framework/src/Illuminate/Cookie/Middleware/AddQueuedCookiesToResponse.php(37): Illuminate/Pipeline/Pipeline->Illuminate/Pipeline/{closure}(Object(Illuminate/Http/Request))
#33 C:/Users/91812/Herd/MishoraCRM/vendor/laravel/framework/src/Illuminate/Pipeline/Pipeline.php(209): Illuminate/Cookie/Middleware/AddQueuedCookiesToResponse->handle(Object(Illuminate/Http/Request), Object(Closure))
#34 C:/Users/91812/Herd/MishoraCRM/vendor/laravel/framework/src/Illuminate/Cookie/Middleware/EncryptCookies.php(75): Illuminate/Pipeline/Pipeline->Illuminate/Pipeline/{closure}(Object(Illuminate/Http/Request))
#35 C:/Users/91812/Herd/MishoraCRM/vendor/laravel/framework/src/Illuminate/Pipeline/Pipeline.php(209): Illuminate/Cookie/Middleware/EncryptCookies->handle(Object(Illuminate/Http/Request), Object(Closure))
#36 C:/Users/91812/Herd/MishoraCRM/vendor/laravel/framework/src/Illuminate/Pipeline/Pipeline.php(127): Illuminate/Pipeline/Pipeline->Illuminate/Pipeline/{closure}(Object(Illuminate/Http/Request))
#37 C:/Users/91812/Herd/MishoraCRM/vendor/laravel/framework/src/Illuminate/Routing/Router.php(807): Illuminate/Pipeline/Pipeline->then(Object(Closure))
#38 C:/Users/91812/Herd/MishoraCRM/vendor/laravel/framework/src/Illuminate/Routing/Router.php(786): Illuminate/Routing/Router->runRouteWithinStack(Object(Illuminate/Routing/Route), Object(Illuminate/Http/Request))
#39 C:/Users/91812/Herd/MishoraCRM/vendor/laravel/framework/src/Illuminate/Routing/Router.php(750): Illuminate/Routing/Router->runRoute(Object(Illuminate/Http/Request), Object(Illuminate/Routing/Route))
#40 C:/Users/91812/Herd/MishoraCRM/vendor/laravel/framework/src/Illuminate/Routing/Router.php(739): Illuminate/Routing/Router->dispatchToRoute(Object(Illuminate/Http/Request))
#41 C:/Users/91812/Herd/MishoraCRM/vendor/laravel/framework/src/Illuminate/Foundation/Http/Kernel.php(201): Illuminate/Routing/Router->dispatch(Object(Illuminate/Http/Request))
#42 C:/Users/91812/Herd/MishoraCRM/vendor/laravel/framework/src/Illuminate/Pipeline/Pipeline.php(170): Illuminate/Foundation/Http/Kernel->Illuminate/Foundation/Http/{closure}(Object(Illuminate/Http/Request))
#43 C:/Users/91812/Herd/MishoraCRM/vendor/laravel/framework/src/Illuminate/Foundation/Http/Middleware/TransformsRequest.php(21): Illuminate/Pipeline/Pipeline->Illuminate/Pipeline/{closure}(Object(Illuminate/Http/Request))
#44 C:/Users/91812/Herd/MishoraCRM/vendor/laravel/framework/src/Illuminate/Foundation/Http/Middleware/ConvertEmptyStringsToNull.php(31): Illuminate/Foundation/Http/Middleware/TransformsRequest->handle(Object(Illuminate/Http/Request), Object(Closure))
#45 C:/Users/91812/Herd/MishoraCRM/vendor/laravel/framework/src/Illuminate/Pipeline/Pipeline.php(209): Illuminate/Foundation/Http/Middleware/ConvertEmptyStringsToNull->handle(Object(Illuminate/Http/Request), Object(Closure))
#46 C:/Users/91812/Herd/MishoraCRM/vendor/laravel/framework/src/Illuminate/Foundation/Http/Middleware/TransformsRequest.php(21): Illuminate/Pipeline/Pipeline->Illuminate/Pipeline/{closure}(Object(Illuminate/Http/Request))
#47 C:/Users/91812/Herd/MishoraCRM/vendor/laravel/framework/src/Illuminate/Foundation/Http/Middleware/TrimStrings.php(51): Illuminate/Foundation/Http/Middleware/TransformsRequest->handle(Object(Illuminate/Http/Request), Object(Closure))
#48 C:/Users/91812/Herd/MishoraCRM/vendor/laravel/framework/src/Illuminate/Pipeline/Pipeline.php(209): Illuminate/Foundation/Http/Middleware/TrimStrings->handle(Object(Illuminate/Http/Request), Object(Closure))
#49 C:/Users/91812/Herd/MishoraCRM/vendor/laravel/framework/src/Illuminate/Http/Middleware/ValidatePostSize.php(27): Illuminate/Pipeline/Pipeline->Illuminate/Pipeline/{closure}(Object(Illuminate/Http/Request))
#50 C:/Users/91812/Herd/MishoraCRM/vendor/laravel/framework/src/Illuminate/Pipeline/Pipeline.php(209): Illuminate/Http/Middleware/ValidatePostSize->handle(Object(Illuminate/Http/Request), Object(Closure))
#51 C:/Users/91812/Herd/MishoraCRM/vendor/laravel/framework/src/Illuminate/Foundation/Http/Middleware/PreventRequestsDuringMaintenance.php(110): Illuminate/Pipeline/Pipeline->Illuminate/Pipeline/{closure}(Object(Illuminate/Http/Request))
#52 C:/Users/91812/Herd/MishoraCRM/vendor/laravel/framework/src/Illuminate/Pipeline/Pipeline.php(209): Illuminate/Foundation/Http/Middleware/PreventRequestsDuringMaintenance->handle(Object(Illuminate/Http/Request), Object(Closure))
#53 C:/Users/91812/Herd/MishoraCRM/vendor/laravel/framework/src/Illuminate/Http/Middleware/HandleCors.php(49): Illuminate/Pipeline/Pipeline->Illuminate/Pipeline/{closure}(Object(Illuminate/Http/Request))
#54 C:/Users/91812/Herd/MishoraCRM/vendor/laravel/framework/src/Illuminate/Pipeline/Pipeline.php(209): Illuminate/Http/Middleware/HandleCors->handle(Object(Illuminate/Http/Request), Object(Closure))
#55 C:/Users/91812/Herd/MishoraCRM/vendor/laravel/framework/src/Illuminate/Http/Middleware/TrustProxies.php(58): Illuminate/Pipeline/Pipeline->Illuminate/Pipeline/{closure}(Object(Illuminate/Http/Request))
#56 C:/Users/91812/Herd/MishoraCRM/vendor/laravel/framework/src/Illuminate/Pipeline/Pipeline.php(209): Illuminate/Http/Middleware/TrustProxies->handle(Object(Illuminate/Http/Request), Object(Closure))
#57 C:/Users/91812/Herd/MishoraCRM/vendor/laravel/framework/src/Illuminate/Foundation/Http/Middleware/InvokeDeferredCallbacks.php(22): Illuminate/Pipeline/Pipeline->Illuminate/Pipeline/{closure}(Object(Illuminate/Http/Request))
#58 C:/Users/91812/Herd/MishoraCRM/vendor/laravel/framework/src/Illuminate/Pipeline/Pipeline.php(209): Illuminate/Foundation/Http/Middleware/InvokeDeferredCallbacks->handle(Object(Illuminate/Http/Request), Object(Closure))
#59 C:/Users/91812/Herd/MishoraCRM/vendor/laravel/framework/src/Illuminate/Pipeline/Pipeline.php(127): Illuminate/Pipeline/Pipeline->Illuminate/Pipeline/{closure}(Object(Illuminate/Http/Request))
#60 C:/Users/91812/Herd/MishoraCRM/vendor/laravel/framework/src/Illuminate/Foundation/Http/Kernel.php(176): Illuminate/Pipeline/Pipeline->then(Object(Closure))
#61 C:/Users/91812/Herd/MishoraCRM/vendor/laravel/framework/src/Illuminate/Foundation/Http/Kernel.php(145): Illuminate/Foundation/Http/Kernel->sendRequestThroughRouter(Object(Illuminate/Http/Request))
#62 C:/Users/91812/Herd/MishoraCRM/vendor/laravel/framework/src/Illuminate/Foundation/Application.php(1220): Illuminate/Foundation/Http/Kernel->handle(Object(Illuminate/Http/Request))
#63 C:/Users/91812/Herd/MishoraCRM/public/index.php(17): Illuminate/Foundation/Application->handleRequest(Object(Illuminate/Http/Request))
#64 C:/Users/91812/Herd/MishoraCRM/vendor/laravel/framework/src/Illuminate/Foundation/resources/server.php(23): require_once('C://Users//91812//...')
#65 {main}
"} 
[2026-09-25 23:28:39] local.ERROR: SQLSTATE[08006] [7] timeout expired (Connection: pgsql, SQL: select * from "users" where "id" = 3 limit 1) {"userId":3,"exception":"[object] (Illuminate\\Database\\QueryException(code: 7): SQLSTATE[08006] [7] timeout expired (Connection: pgsql, SQL: select * from \"users\" where \"id\" = 3 limit 1) at C:/Users/91812/Herd/MishoraCRM/vendor/laravel/framework/src/Illuminate/Database/Connection.php:825)
[stacktrace]
#0 C:/Users/91812/Herd/MishoraCRM/vendor/laravel/framework/src/Illuminate/Database/Connection.php(779): Illuminate/Database/Connection->runQueryCallback('select * from \"...', Array, Object(Closure))
#1 C:/Users/91812/Herd/MishoraCRM/vendor/laravel/framework/src/Illuminate/Database/Connection.php(398): Illuminate/Database/Connection->run('select * from \"...', Array, Object(Closure))
#2 C:/Users/91812/Herd/MishoraCRM/vendor/laravel/framework/src/Illuminate/Database/Query/Builder.php(3106): Illuminate/Database/Connection->select('select * from \"...', Array, true)
#3 C:/Users/91812/Herd/MishoraCRM/vendor/laravel/framework/src/Illuminate/Database/Query/Builder.php(3091): Illuminate/Database/Query/Builder->runSelect()
#4 C:/Users/91812/Herd/MishoraCRM/vendor/laravel/framework/src/Illuminate/Database/Query/Builder.php(3676): Illuminate/Database/Query/Builder->Illuminate/Database/Query/{closure}()
#5 C:/Users/91812/Herd/MishoraCRM/vendor/laravel/framework/src/Illuminate/Database/Query/Builder.php(3090): Illuminate/Database/Query/Builder->onceWithColumns(Array, Object(Closure))
#6 C:/Users/91812/Herd/MishoraCRM/vendor/laravel/framework/src/Illuminate/Database/Eloquent/Builder.php(811): Illuminate/Database/Query/Builder->get(Array)
#7 C:/Users/91812/Herd/MishoraCRM/vendor/laravel/framework/src/Illuminate/Database/Eloquent/Builder.php(793): Illuminate/Database/Eloquent/Builder->getModels(Array)
#8 C:/Users/91812/Herd/MishoraCRM/vendor/laravel/framework/src/Illuminate/Database/Concerns/BuildsQueries.php(343): Illuminate/Database/Eloquent/Builder->get(Array)
#9 C:/Users/91812/Herd/MishoraCRM/vendor/laravel/framework/src/Illuminate/Auth/EloquentUserProvider.php(59): Illuminate/Database/Eloquent/Builder->first()
#10 C:/Users/91812/Herd/MishoraCRM/vendor/laravel/framework/src/Illuminate/Auth/SessionGuard.php(180): Illuminate/Auth/EloquentUserProvider->retrieveById(3)
#11 C:/Users/91812/Herd/MishoraCRM/vendor/laravel/framework/src/Illuminate/Auth/GuardHelpers.php(56): Illuminate/Auth/SessionGuard->user()
#12 C:/Users/91812/Herd/MishoraCRM/vendor/laravel/framework/src/Illuminate/Auth/Middleware/Authenticate.php(83): Illuminate/Auth/SessionGuard->check()
#13 C:/Users/91812/Herd/MishoraCRM/vendor/laravel/framework/src/Illuminate/Auth/Middleware/Authenticate.php(62): Illuminate/Auth/Middleware/Authenticate->authenticate(Object(Illuminate/Http/Request), Array)
#14 C:/Users/91812/Herd/MishoraCRM/vendor/laravel/framework/src/Illuminate/Pipeline/Pipeline.php(209): Illuminate/Auth/Middleware/Authenticate->handle(Object(Illuminate/Http/Request), Object(Closure))
#15 C:/Users/91812/Herd/MishoraCRM/vendor/laravel/framework/src/Illuminate/Foundation/Http/Middleware/VerifyCsrfToken.php(88): Illuminate/Pipeline/Pipeline->Illuminate/Pipeline/{closure}(Object(Illuminate/Http/Request))
#16 C:/Users/91812/Herd/MishoraCRM/vendor/laravel/framework/src/Illuminate/Pipeline/Pipeline.php(209): Illuminate/Foundation/Http/Middleware/VerifyCsrfToken->handle(Object(Illuminate/Http/Request), Object(Closure))
#17 C:/Users/91812/Herd/MishoraCRM/vendor/laravel/framework/src/Illuminate/View/Middleware/ShareErrorsFromSession.php(49): Illuminate/Pipeline/Pipeline->Illuminate/Pipeline/{closure}(Object(Illuminate/Http/Request))
#18 C:/Users/91812/Herd/MishoraCRM/vendor/laravel/framework/src/Illuminate/Pipeline/Pipeline.php(209): Illuminate/View/Middleware/ShareErrorsFromSession->handle(Object(Illuminate/Http/Request), Object(Closure))
#19 C:/Users/91812/Herd/MishoraCRM/vendor/laravel/framework/src/Illuminate/Session/Middleware/StartSession.php(121): Illuminate/Pipeline/Pipeline->Illuminate/Pipeline/{closure}(Object(Illuminate/Http/Request))
#20 C:/Users/91812/Herd/MishoraCRM/vendor/laravel/framework/src/Illuminate/Session/Middleware/StartSession.php(64): Illuminate/Session/Middleware/StartSession->handleStatefulRequest(Object(Illuminate/Http/Request), Object(Illuminate/Session/Store), Object(Closure))
#21 C:/Users/91812/Herd/MishoraCRM/vendor/laravel/framework/src/Illuminate/Pipeline/Pipeline.php(209): Illuminate/Session/Middleware/StartSession->handle(Object(Illuminate/Http/Request), Object(Closure))
#22 C:/Users/91812/Herd/MishoraCRM/vendor/laravel/framework/src/Illuminate/Cookie/Middleware/AddQueuedCookiesToResponse.php(37): Illuminate/Pipeline/Pipeline->Illuminate/Pipeline/{closure}(Object(Illuminate/Http/Request))
#23 C:/Users/91812/Herd/MishoraCRM/vendor/laravel/framework/src/Illuminate/Pipeline/Pipeline.php(209): Illuminate/Cookie/Middleware/AddQueuedCookiesToResponse->handle(Object(Illuminate/Http/Request), Object(Closure))
#24 C:/Users/91812/Herd/MishoraCRM/vendor/laravel/framework/src/Illuminate/Cookie/Middleware/EncryptCookies.php(75): Illuminate/Pipeline/Pipeline->Illuminate/Pipeline/{closure}(Object(Illuminate/Http/Request))
#25 C:/Users/91812/Herd/MishoraCRM/vendor/laravel/framework/src/Illuminate/Pipeline/Pipeline.php(209): Illuminate/Cookie/Middleware/EncryptCookies->handle(Object(Illuminate/Http/Request), Object(Closure))
#26 C:/Users/91812/Herd/MishoraCRM/vendor/laravel/framework/src/Illuminate/Pipeline/Pipeline.php(127): Illuminate/Pipeline/Pipeline->Illuminate/Pipeline/{closure}(Object(Illuminate/Http/Request))
#27 C:/Users/91812/Herd/MishoraCRM/vendor/laravel/framework/src/Illuminate/Routing/Router.php(807): Illuminate/Pipeline/Pipeline->then(Object(Closure))
#28 C:/Users/91812/Herd/MishoraCRM/vendor/laravel/framework/src/Illuminate/Routing/Router.php(786): Illuminate/Routing/Router->runRouteWithinStack(Object(Illuminate/Routing/Route), Object(Illuminate/Http/Request))
#29 C:/Users/91812/Herd/MishoraCRM/vendor/laravel/framework/src/Illuminate/Routing/Router.php(750): Illuminate/Routing/Router->runRoute(Object(Illuminate/Http/Request), Object(Illuminate/Routing/Route))
#30 C:/Users/91812/Herd/MishoraCRM/vendor/laravel/framework/src/Illuminate/Routing/Router.php(739): Illuminate/Routing/Router->dispatchToRoute(Object(Illuminate/Http/Request))
#31 C:/Users/91812/Herd/MishoraCRM/vendor/laravel/framework/src/Illuminate/Foundation/Http/Kernel.php(201): Illuminate/Routing/Router->dispatch(Object(Illuminate/Http/Request))
#32 C:/Users/91812/Herd/MishoraCRM/vendor/laravel/framework/src/Illuminate/Pipeline/Pipeline.php(170): Illuminate/Foundation/Http/Kernel->Illuminate/Foundation/Http/{closure}(Object(Illuminate/Http/Request))
#33 C:/Users/91812/Herd/MishoraCRM/vendor/laravel/framework/src/Illuminate/Foundation/Http/Middleware/TransformsRequest.php(21): Illuminate/Pipeline/Pipeline->Illuminate/Pipeline/{closure}(Object(Illuminate/Http/Request))
#34 C:/Users/91812/Herd/MishoraCRM/vendor/laravel/framework/src/Illuminate/Foundation/Http/Middleware/ConvertEmptyStringsToNull.php(31): Illuminate/Foundation/Http/Middleware/TransformsRequest->handle(Object(Illuminate/Http/Request), Object(Closure))
#35 C:/Users/91812/Herd/MishoraCRM/vendor/laravel/framework/src/Illuminate/Pipeline/Pipeline.php(209): Illuminate/Foundation/Http/Middleware/ConvertEmptyStringsToNull->handle(Object(Illuminate/Http/Request), Object(Closure))
#36 C:/Users/91812/Herd/MishoraCRM/vendor/laravel/framework/src/Illuminate/Foundation/Http/Middleware/TransformsRequest.php(21): Illuminate/Pipeline/Pipeline->Illuminate/Pipeline/{closure}(Object(Illuminate/Http/Request))
#37 C:/Users/91812/Herd/MishoraCRM/vendor/laravel/framework/src/Illuminate/Foundation/Http/Middleware/TrimStrings.php(51): Illuminate/Foundation/Http/Middleware/TransformsRequest->handle(Object(Illuminate/Http/Request), Object(Closure))
#38 C:/Users/91812/Herd/MishoraCRM/vendor/laravel/framework/src/Illuminate/Pipeline/Pipeline.php(209): Illuminate/Foundation/Http/Middleware/TrimStrings->handle(Object(Illuminate/Http/Request), Object(Closure))
#39 C:/Users/91812/Herd/MishoraCRM/vendor/laravel/framework/src/Illuminate/Http/Middleware/ValidatePostSize.php(27): Illuminate/Pipeline/Pipeline->Illuminate/Pipeline/{closure}(Object(Illuminate/Http/Request))
#40 C:/Users/91812/Herd/MishoraCRM/vendor/laravel/framework/src/Illuminate/Pipeline/Pipeline.php(209): Illuminate/Http/Middleware/ValidatePostSize->handle(Object(Illuminate/Http/Request), Object(Closure))
#41 C:/Users/91812/Herd/MishoraCRM/vendor/laravel/framework/src/Illuminate/Foundation/Http/Middleware/PreventRequestsDuringMaintenance.php(110): Illuminate/Pipeline/Pipeline->Illuminate/Pipeline/{closure}(Object(Illuminate/Http/Request))
#42 C:/Users/91812/Herd/MishoraCRM/vendor/laravel/framework/src/Illuminate/Pipeline/Pipeline.php(209): Illuminate/Foundation/Http/Middleware/PreventRequestsDuringMaintenance->handle(Object(Illuminate/Http/Request), Object(Closure))
#43 C:/Users/91812/Herd/MishoraCRM/vendor/laravel/framework/src/Illuminate/Http/Middleware/HandleCors.php(49): Illuminate/Pipeline/Pipeline->Illuminate/Pipeline/{closure}(Object(Illuminate/Http/Request))
#44 C:/Users/91812/Herd/MishoraCRM/vendor/laravel/framework/src/Illuminate/Pipeline/Pipeline.php(209): Illuminate/Http/Middleware/HandleCors->handle(Object(Illuminate/Http/Request), Object(Closure))
#45 C:/Users/91812/Herd/MishoraCRM/vendor/laravel/framework/src/Illuminate/Http/Middleware/TrustProxies.php(58): Illuminate/Pipeline/Pipeline->Illuminate/Pipeline/{closure}(Object(Illuminate/Http/Request))
#46 C:/Users/91812/Herd/MishoraCRM/vendor/laravel/framework/src/Illuminate/Pipeline/Pipeline.php(209): Illuminate/Http/Middleware/TrustProxies->handle(Object(Illuminate/Http/Request), Object(Closure))
#47 C:/Users/91812/Herd/MishoraCRM/vendor/laravel/framework/src/Illuminate/Foundation/Http/Middleware/InvokeDeferredCallbacks.php(22): Illuminate/Pipeline/Pipeline->Illuminate/Pipeline/{closure}(Object(Illuminate/Http/Request))
#48 C:/Users/91812/Herd/MishoraCRM/vendor/laravel/framework/src/Illuminate/Pipeline/Pipeline.php(209): Illuminate/Foundation/Http/Middleware/InvokeDeferredCallbacks->handle(Object(Illuminate/Http/Request), Object(Closure))
#49 C:/Users/91812/Herd/MishoraCRM/vendor/laravel/framework/src/Illuminate/Pipeline/Pipeline.php(127): Illuminate/Pipeline/Pipeline->Illuminate/Pipeline/{closure}(Object(Illuminate/Http/Request))
#50 C:/Users/91812/Herd/MishoraCRM/vendor/laravel/framework/src/Illuminate/Foundation/Http/Kernel.php(176): Illuminate/Pipeline/Pipeline->then(Object(Closure))
#51 C:/Users/91812/Herd/MishoraCRM/vendor/laravel/framework/src/Illuminate/Foundation/Http/Kernel.php(145): Illuminate/Foundation/Http/Kernel->sendRequestThroughRouter(Object(Illuminate/Http/Request))
#52 C:/Users/91812/Herd/MishoraCRM/vendor/laravel/framework/src/Illuminate/Foundation/Application.php(1220): Illuminate/Foundation/Http/Kernel->handle(Object(Illuminate/Http/Request))
#53 C:/Users/91812/Herd/MishoraCRM/public/index.php(17): Illuminate/Foundation/Application->handleRequest(Object(Illuminate/Http/Request))
#54 C:/Users/91812/Herd/MishoraCRM/vendor/laravel/framework/src/Illuminate/Foundation/resources/server.php(23): require_once('C://Users//91812//...')
#55 {main}

[previous exception] [object] (PDOException(code: 7): SQLSTATE[08006] [7] timeout expired at C:/Users/91812/Herd/MishoraCRM/vendor/laravel/framework/src/Illuminate/Database/Connectors/Connector.php:66)
[stacktrace]
#0 C:/Users/91812/Herd/MishoraCRM/vendor/laravel/framework/src/Illuminate/Database/Connectors/Connector.php(66): PDO->__construct('pgsql:host=db.b...', 'postgres', Object(SensitiveParameterValue), Array)
#1 C:/Users/91812/Herd/MishoraCRM/vendor/laravel/framework/src/Illuminate/Database/Connectors/Connector.php(44): Illuminate/Database/Connectors/Connector->createPdoConnection('pgsql:host=db.b...', 'postgres', Object(SensitiveParameterValue), Array)
#2 C:/Users/91812/Herd/MishoraCRM/vendor/laravel/framework/src/Illuminate/Database/Connectors/PostgresConnector.php(35): Illuminate/Database/Connectors/Connector->createConnection('pgsql:host=db.b...', Array, Array)
#3 C:/Users/91812/Herd/MishoraCRM/vendor/laravel/framework/src/Illuminate/Database/Connectors/ConnectionFactory.php(185): Illuminate/Database/Connectors/PostgresConnector->connect(Array)
#4 [internal function]: Illuminate/Database/Connectors/ConnectionFactory->Illuminate/Database/Connectors/{closure}()
#5 C:/Users/91812/Herd/MishoraCRM/vendor/laravel/framework/src/Illuminate/Database/Connection.php(1231): call_user_func(Object(Closure))
#6 C:/Users/91812/Herd/MishoraCRM/vendor/laravel/framework/src/Illuminate/Database/Connection.php(1267): Illuminate/Database/Connection->getPdo()
#7 C:/Users/91812/Herd/MishoraCRM/vendor/laravel/framework/src/Illuminate/Database/Connection.php(512): Illuminate/Database/Connection->getReadPdo()
#8 C:/Users/91812/Herd/MishoraCRM/vendor/laravel/framework/src/Illuminate/Database/Connection.php(407): Illuminate/Database/Connection->getPdoForSelect(true)
#9 C:/Users/91812/Herd/MishoraCRM/vendor/laravel/framework/src/Illuminate/Database/Connection.php(812): Illuminate/Database/Connection->Illuminate/Database/{closure}('select * from \"...', Array)
#10 C:/Users/91812/Herd/MishoraCRM/vendor/laravel/framework/src/Illuminate/Database/Connection.php(779): Illuminate/Database/Connection->runQueryCallback('select * from \"...', Array, Object(Closure))
#11 C:/Users/91812/Herd/MishoraCRM/vendor/laravel/framework/src/Illuminate/Database/Connection.php(398): Illuminate/Database/Connection->run('select * from \"...', Array, Object(Closure))
#12 C:/Users/91812/Herd/MishoraCRM/vendor/laravel/framework/src/Illuminate/Database/Query/Builder.php(3106): Illuminate/Database/Connection->select('select * from \"...', Array, true)
#13 C:/Users/91812/Herd/MishoraCRM/vendor/laravel/framework/src/Illuminate/Database/Query/Builder.php(3091): Illuminate/Database/Query/Builder->runSelect()
#14 C:/Users/91812/Herd/MishoraCRM/vendor/laravel/framework/src/Illuminate/Database/Query/Builder.php(3676): Illuminate/Database/Query/Builder->Illuminate/Database/Query/{closure}()
#15 C:/Users/91812/Herd/MishoraCRM/vendor/laravel/framework/src/Illuminate/Database/Query/Builder.php(3090): Illuminate/Database/Query/Builder->onceWithColumns(Array, Object(Closure))
#16 C:/Users/91812/Herd/MishoraCRM/vendor/laravel/framework/src/Illuminate/Database/Eloquent/Builder.php(811): Illuminate/Database/Query/Builder->get(Array)
#17 C:/Users/91812/Herd/MishoraCRM/vendor/laravel/framework/src/Illuminate/Database/Eloquent/Builder.php(793): Illuminate/Database/Eloquent/Builder->getModels(Array)
#18 C:/Users/91812/Herd/MishoraCRM/vendor/laravel/framework/src/Illuminate/Database/Concerns/BuildsQueries.php(343): Illuminate/Database/Eloquent/Builder->get(Array)
#19 C:/Users/91812/Herd/MishoraCRM/vendor/laravel/framework/src/Illuminate/Auth/EloquentUserProvider.php(59): Illuminate/Database/Eloquent/Builder->first()
#20 C:/Users/91812/Herd/MishoraCRM/vendor/laravel/framework/src/Illuminate/Auth/SessionGuard.php(180): Illuminate/Auth/EloquentUserProvider->retrieveById(3)
#21 C:/Users/91812/Herd/MishoraCRM/vendor/laravel/framework/src/Illuminate/Auth/GuardHelpers.php(56): Illuminate/Auth/SessionGuard->user()
#22 C:/Users/91812/Herd/MishoraCRM/vendor/laravel/framework/src/Illuminate/Auth/Middleware/Authenticate.php(83): Illuminate/Auth/SessionGuard->check()
#23 C:/Users/91812/Herd/MishoraCRM/vendor/laravel/framework/src/Illuminate/Auth/Middleware/Authenticate.php(62): Illuminate/Auth/Middleware/Authenticate->authenticate(Object(Illuminate/Http/Request), Array)
#24 C:/Users/91812/Herd/MishoraCRM/vendor/laravel/framework/src/Illuminate/Pipeline/Pipeline.php(209): Illuminate/Auth/Middleware/Authenticate->handle(Object(Illuminate/Http/Request), Object(Closure))
#25 C:/Users/91812/Herd/MishoraCRM/vendor/laravel/framework/src/Illuminate/Foundation/Http/Middleware/VerifyCsrfToken.php(88): Illuminate/Pipeline/Pipeline->Illuminate/Pipeline/{closure}(Object(Illuminate/Http/Request))
#26 C:/Users/91812/Herd/MishoraCRM/vendor/laravel/framework/src/Illuminate/Pipeline/Pipeline.php(209): Illuminate/Foundation/Http/Middleware/VerifyCsrfToken->handle(Object(Illuminate/Http/Request), Object(Closure))
#27 C:/Users/91812/Herd/MishoraCRM/vendor/laravel/framework/src/Illuminate/View/Middleware/ShareErrorsFromSession.php(49): Illuminate/Pipeline/Pipeline->Illuminate/Pipeline/{closure}(Object(Illuminate/Http/Request))
#28 C:/Users/91812/Herd/MishoraCRM/vendor/laravel/framework/src/Illuminate/Pipeline/Pipeline.php(209): Illuminate/View/Middleware/ShareErrorsFromSession->handle(Object(Illuminate/Http/Request), Object(Closure))
#29 C:/Users/91812/Herd/MishoraCRM/vendor/laravel/framework/src/Illuminate/Session/Middleware/StartSession.php(121): Illuminate/Pipeline/Pipeline->Illuminate/Pipeline/{closure}(Object(Illuminate/Http/Request))
#30 C:/Users/91812/Herd/MishoraCRM/vendor/laravel/framework/src/Illuminate/Session/Middleware/StartSession.php(64): Illuminate/Session/Middleware/StartSession->handleStatefulRequest(Object(Illuminate/Http/Request), Object(Illuminate/Session/Store), Object(Closure))
#31 C:/Users/91812/Herd/MishoraCRM/vendor/laravel/framework/src/Illuminate/Pipeline/Pipeline.php(209): Illuminate/Session/Middleware/StartSession->handle(Object(Illuminate/Http/Request), Object(Closure))
#32 C:/Users/91812/Herd/MishoraCRM/vendor/laravel/framework/src/Illuminate/Cookie/Middleware/AddQueuedCookiesToResponse.php(37): Illuminate/Pipeline/Pipeline->Illuminate/Pipeline/{closure}(Object(Illuminate/Http/Request))
#33 C:/Users/91812/Herd/MishoraCRM/vendor/laravel/framework/src/Illuminate/Pipeline/Pipeline.php(209): Illuminate/Cookie/Middleware/AddQueuedCookiesToResponse->handle(Object(Illuminate/Http/Request), Object(Closure))
#34 C:/Users/91812/Herd/MishoraCRM/vendor/laravel/framework/src/Illuminate/Cookie/Middleware/EncryptCookies.php(75): Illuminate/Pipeline/Pipeline->Illuminate/Pipeline/{closure}(Object(Illuminate/Http/Request))
#35 C:/Users/91812/Herd/MishoraCRM/vendor/laravel/framework/src/Illuminate/Pipeline/Pipeline.php(209): Illuminate/Cookie/Middleware/EncryptCookies->handle(Object(Illuminate/Http/Request), Object(Closure))
#36 C:/Users/91812/Herd/MishoraCRM/vendor/laravel/framework/src/Illuminate/Pipeline/Pipeline.php(127): Illuminate/Pipeline/Pipeline->Illuminate/Pipeline/{closure}(Object(Illuminate/Http/Request))
#37 C:/Users/91812/Herd/MishoraCRM/vendor/laravel/framework/src/Illuminate/Routing/Router.php(807): Illuminate/Pipeline/Pipeline->then(Object(Closure))
#38 C:/Users/91812/Herd/MishoraCRM/vendor/laravel/framework/src/Illuminate/Routing/Router.php(786): Illuminate/Routing/Router->runRouteWithinStack(Object(Illuminate/Routing/Route), Object(Illuminate/Http/Request))
#39 C:/Users/91812/Herd/MishoraCRM/vendor/laravel/framework/src/Illuminate/Routing/Router.php(750): Illuminate/Routing/Router->runRoute(Object(Illuminate/Http/Request), Object(Illuminate/Routing/Route))
#40 C:/Users/91812/Herd/MishoraCRM/vendor/laravel/framework/src/Illuminate/Routing/Router.php(739): Illuminate/Routing/Router->dispatchToRoute(Object(Illuminate/Http/Request))
#41 C:/Users/91812/Herd/MishoraCRM/vendor/laravel/framework/src/Illuminate/Foundation/Http/Kernel.php(201): Illuminate/Routing/Router->dispatch(Object(Illuminate/Http/Request))
#42 C:/Users/91812/Herd/MishoraCRM/vendor/laravel/framework/src/Illuminate/Pipeline/Pipeline.php(170): Illuminate/Foundation/Http/Kernel->Illuminate/Foundation/Http/{closure}(Object(Illuminate/Http/Request))
#43 C:/Users/91812/Herd/MishoraCRM/vendor/laravel/framework/src/Illuminate/Foundation/Http/Middleware/TransformsRequest.php(21): Illuminate/Pipeline/Pipeline->Illuminate/Pipeline/{closure}(Object(Illuminate/Http/Request))
#44 C:/Users/91812/Herd/MishoraCRM/vendor/laravel/framework/src/Illuminate/Foundation/Http/Middleware/ConvertEmptyStringsToNull.php(31): Illuminate/Foundation/Http/Middleware/TransformsRequest->handle(Object(Illuminate/Http/Request), Object(Closure))
#45 C:/Users/91812/Herd/MishoraCRM/vendor/laravel/framework/src/Illuminate/Pipeline/Pipeline.php(209): Illuminate/Foundation/Http/Middleware/ConvertEmptyStringsToNull->handle(Object(Illuminate/Http/Request), Object(Closure))
#46 C:/Users/91812/Herd/MishoraCRM/vendor/laravel/framework/src/Illuminate/Foundation/Http/Middleware/TransformsRequest.php(21): Illuminate/Pipeline/Pipeline->Illuminate/Pipeline/{closure}(Object(Illuminate/Http/Request))
#47 C:/Users/91812/Herd/MishoraCRM/vendor/laravel/framework/src/Illuminate/Foundation/Http/Middleware/TrimStrings.php(51): Illuminate/Foundation/Http/Middleware/TransformsRequest->handle(Object(Illuminate/Http/Request), Object(Closure))
#48 C:/Users/91812/Herd/MishoraCRM/vendor/laravel/framework/src/Illuminate/Pipeline/Pipeline.php(209): Illuminate/Foundation/Http/Middleware/TrimStrings->handle(Object(Illuminate/Http/Request), Object(Closure))
#49 C:/Users/91812/Herd/MishoraCRM/vendor/laravel/framework/src/Illuminate/Http/Middleware/ValidatePostSize.php(27): Illuminate/Pipeline/Pipeline->Illuminate/Pipeline/{closure}(Object(Illuminate/Http/Request))
#50 C:/Users/91812/Herd/MishoraCRM/vendor/laravel/framework/src/Illuminate/Pipeline/Pipeline.php(209): Illuminate/Http/Middleware/ValidatePostSize->handle(Object(Illuminate/Http/Request), Object(Closure))
#51 C:/Users/91812/Herd/MishoraCRM/vendor/laravel/framework/src/Illuminate/Foundation/Http/Middleware/PreventRequestsDuringMaintenance.php(110): Illuminate/Pipeline/Pipeline->Illuminate/Pipeline/{closure}(Object(Illuminate/Http/Request))
#52 C:/Users/91812/Herd/MishoraCRM/vendor/laravel/framework/src/Illuminate/Pipeline/Pipeline.php(209): Illuminate/Foundation/Http/Middleware/PreventRequestsDuringMaintenance->handle(Object(Illuminate/Http/Request), Object(Closure))
#53 C:/Users/91812/Herd/MishoraCRM/vendor/laravel/framework/src/Illuminate/Http/Middleware/HandleCors.php(49): Illuminate/Pipeline/Pipeline->Illuminate/Pipeline/{closure}(Object(Illuminate/Http/Request))
#54 C:/Users/91812/Herd/MishoraCRM/vendor/laravel/framework/src/Illuminate/Pipeline/Pipeline.php(209): Illuminate/Http/Middleware/HandleCors->handle(Object(Illuminate/Http/Request), Object(Closure))
#55 C:/Users/91812/Herd/MishoraCRM/vendor/laravel/framework/src/Illuminate/Http/Middleware/TrustProxies.php(58): Illuminate/Pipeline/Pipeline->Illuminate/Pipeline/{closure}(Object(Illuminate/Http/Request))
#56 C:/Users/91812/Herd/MishoraCRM/vendor/laravel/framework/src/Illuminate/Pipeline/Pipeline.php(209): Illuminate/Http/Middleware/TrustProxies->handle(Object(Illuminate/Http/Request), Object(Closure))
#57 C:/Users/91812/Herd/MishoraCRM/vendor/laravel/framework/src/Illuminate/Foundation/Http/Middleware/InvokeDeferredCallbacks.php(22): Illuminate/Pipeline/Pipeline->Illuminate/Pipeline/{closure}(Object(Illuminate/Http/Request))
#58 C:/Users/91812/Herd/MishoraCRM/vendor/laravel/framework/src/Illuminate/Pipeline/Pipeline.php(209): Illuminate/Foundation/Http/Middleware/InvokeDeferredCallbacks->handle(Object(Illuminate/Http/Request), Object(Closure))
#59 C:/Users/91812/Herd/MishoraCRM/vendor/laravel/framework/src/Illuminate/Pipeline/Pipeline.php(127): Illuminate/Pipeline/Pipeline->Illuminate/Pipeline/{closure}(Object(Illuminate/Http/Request))
#60 C:/Users/91812/Herd/MishoraCRM/vendor/laravel/framework/src/Illuminate/Foundation/Http/Kernel.php(176): Illuminate/Pipeline/Pipeline->then(Object(Closure))
#61 C:/Users/91812/Herd/MishoraCRM/vendor/laravel/framework/src/Illuminate/Foundation/Http/Kernel.php(145): Illuminate/Foundation/Http/Kernel->sendRequestThroughRouter(Object(Illuminate/Http/Request))
#62 C:/Users/91812/Herd/MishoraCRM/vendor/laravel/framework/src/Illuminate/Foundation/Application.php(1220): Illuminate/Foundation/Http/Kernel->handle(Object(Illuminate/Http/Request))
#63 C:/Users/91812/Herd/MishoraCRM/public/index.php(17): Illuminate/Foundation/Application->handleRequest(Object(Illuminate/Http/Request))
#64 C:/Users/91812/Herd/MishoraCRM/vendor/laravel/framework/src/Illuminate/Foundation/resources/server.php(23): require_once('C://Users//91812//...')
#65 {main}
"} 
[2026-09-25 23:34:19] local.ERROR: Maximum execution time of 120 seconds exceeded {"userId":3,"exception":"[object] (Symfony\\Component\\ErrorHandler\\Error\\FatalError(code: 0): Maximum execution time of 120 seconds exceeded at C:/Users/91812/Herd/MishoraCRM/vendor/laravel/framework/src/Illuminate/Database/Connection.php:414)
[stacktrace]
#0 {main}
"} 
[2026-09-26 02:23:54] testing.WARNING: Meta webhook: invalid signature for tenant 547  
[2026-09-26 02:23:54] testing.INFO: Meta Lead Ads: imported 0 leads for tenant 548  
[2026-09-26 02:29:56] testing.WARNING: Meta webhook: invalid signature for tenant 549  
[2026-09-26 02:29:56] testing.INFO: Meta Lead Ads: imported 0 leads for tenant 550  
